ID,SKU,Nome,Categoria,Serie,Descricao,Imagem_Principal,Imagens,URL_Detalhe
303,VS23,3-em-1 Bíceps,Bíceps,Equipamentos - Série VS,,https://commanderbrasil.com.br/wp-content/uploads/2025/12/CMD-VS23-1.png,https://commanderbrasil.com.br/wp-content/uploads/2025/12/CMD-VS23-1.png | https://commanderbrasil.com.br/wp-content/uploads/2025/12/CMD-VS23-2.webp | https://commanderbrasil.com.br/wp-content/uploads/2025/12/CMD-VS23-1-1.webp,https://commanderbrasil.com.br/catalogo/biceps-em-1-vs23/
1458,LB640,4 Estações,Outras Máquinas,Equipamentos - Série LB,,https://commanderbrasil.com.br/wp-content/uploads/2025/12/LB640-bgbranco-2.webp,https://commanderbrasil.com.br/wp-content/uploads/2025/12/LB640-bgbranco-2.webp | https://commanderbrasil.com.br/wp-content/uploads/2025/12/LB640-3-2.webp,https://commanderbrasil.com.br/catalogo/4-estacoes-lb640/
2890,E013,4D Pro,Acessórios de Treino,Acessórios - Série E,4D PRO - Código: E-013,https://commanderbrasil.com.br/wp-content/uploads/2025/12/E013-e-2.jpeg,https://commanderbrasil.com.br/wp-content/uploads/2025/12/E013-e-2.jpeg,https://commanderbrasil.com.br/catalogo/4d-pro-e013/
249877,LB639,5 Estações,Outras Máquinas,Equipamentos - Série LB,,https://commanderbrasil.com.br/wp-content/uploads/2025/12/LB639-bgbranco-1.webp,https://commanderbrasil.com.br/wp-content/uploads/2025/12/LB639-bgbranco-1.webp | https://commanderbrasil.com.br/wp-content/uploads/2025/12/LB639-3-1.webp,https://commanderbrasil.com.br/catalogo/5-estacoes-lb639/
1459,LB641,8 Estações,Outras Máquinas,Equipamentos - Série LB,,https://commanderbrasil.com.br/wp-content/uploads/2025/12/LB641-bgbranco-2.webp,https://commanderbrasil.com.br/wp-content/uploads/2025/12/LB641-bgbranco-2.webp | https://commanderbrasil.com.br/wp-content/uploads/2025/12/LB641-3-2.webp,https://commanderbrasil.com.br/catalogo/8-estacoes-lb641/
3002,G002,Abdominal Banco Ajustável,Bancos Ajustáveis,Acessórios - Série G,Banco Máquina Abdominal Adjustable - Código: G-002,https://commanderbrasil.com.br/wp-content/uploads/2025/12/G002-g-1.jpeg,https://commanderbrasil.com.br/wp-content/uploads/2025/12/G002-g-1.jpeg,https://commanderbrasil.com.br/catalogo/banco-abdominal-ajustavel-g002/
1532,LBE30,Abdominal Coaster,Outros Cardio,Equipamentos - Série LB-E,,https://commanderbrasil.com.br/wp-content/uploads/2025/12/LB-E30-bgbranco-1.webp,https://commanderbrasil.com.br/wp-content/uploads/2025/12/LB-E30-bgbranco-1.webp | https://commanderbrasil.com.br/wp-content/uploads/2025/12/LB-E30-ambientadas-1.webp,https://commanderbrasil.com.br/catalogo/ab-coster-lbe30/
291,VS10,Abdominal Crunch,Máquinas Abdominais,Equipamentos - Série VS,,https://commanderbrasil.com.br/wp-content/uploads/2025/12/CMD-VS10-1.png,https://commanderbrasil.com.br/wp-content/uploads/2025/12/CMD-VS10-1.png | https://commanderbrasil.com.br/wp-content/uploads/2025/12/CMD-VS10-2.webp | https://commanderbrasil.com.br/wp-content/uploads/2025/12/CMD-VS10-1-1.webp,https://commanderbrasil.com.br/catalogo/abdominal-crunch-vs10/
1004686,PM01,Abdominal Crunch,Máquinas Abdominais,Equipamentos - Série PM,,https://commanderbrasil.com.br/wp-content/uploads/2025/12/PM01-bgbranco.webp,https://commanderbrasil.com.br/wp-content/uploads/2025/12/PM01-bgbranco.webp | https://commanderbrasil.com.br/wp-content/uploads/2025/12/PM01-ambientadas.webp,https://commanderbrasil.com.br/catalogo/abdominal-crunch-pm01/
1004690,PM05,Abdominal Crunch,Máquinas Abdominais,Equipamentos - Série PM,,https://commanderbrasil.com.br/wp-content/uploads/2025/12/PM05-bgbranco.webp,https://commanderbrasil.com.br/wp-content/uploads/2025/12/PM05-bgbranco.webp | https://commanderbrasil.com.br/wp-content/uploads/2025/12/PM05-ambientadas.webp,https://commanderbrasil.com.br/catalogo/abdominal-crunch-pm05/
149,GM48,Abdominal Crunch,Máquinas Abdominais,Equipamentos - Série GM,,https://commanderbrasil.com.br/wp-content/uploads/2025/12/GM48-bgbranco-2.webp,https://commanderbrasil.com.br/wp-content/uploads/2025/12/GM48-bgbranco-2.webp | https://commanderbrasil.com.br/wp-content/uploads/2025/12/GM48-ambientadas-2.webp,https://commanderbrasil.com.br/catalogo/abdominal-crunch-gm48/
885,B1113,Abdominal/Extensão de Lombar,Extensão de Costas,Equipamentos - Série B,,https://commanderbrasil.com.br/wp-content/uploads/2025/12/B1113-bgbranco-1.webp,https://commanderbrasil.com.br/wp-content/uploads/2025/12/B1113-bgbranco-1.webp,https://commanderbrasil.com.br/catalogo/abdominal-extensao-de-lombar-b1113/
1627,CBP061,Abdução de Coxa 3D,Abdutora de Quadril,Equipamentos - Série CBP,,https://commanderbrasil.com.br/wp-content/uploads/2025/12/CBP061-bgbranco-2.webp,https://commanderbrasil.com.br/wp-content/uploads/2025/12/CBP061-bgbranco-2.webp | https://commanderbrasil.com.br/wp-content/uploads/2025/12/CBP061-ambientadas-2.webp,https://commanderbrasil.com.br/catalogo/abducao-de-coxad-cbp061/
1289,SH59,Abdutor,Outras Anilhadas,Equipamentos - Série SH,,https://commanderbrasil.com.br/wp-content/uploads/2025/12/SH59-bgbranco-2.webp,https://commanderbrasil.com.br/wp-content/uploads/2025/12/SH59-bgbranco-2.webp | https://commanderbrasil.com.br/wp-content/uploads/2025/12/SH59-ambientadas-2.webp,https://commanderbrasil.com.br/catalogo/abdutor-sh59/
991,LBF17,Abdutora,Abdutora de Quadril,Equipamentos - Série LB-F,,https://commanderbrasil.com.br/wp-content/uploads/2025/12/LB-F17-bgbranco-2.webp,https://commanderbrasil.com.br/wp-content/uploads/2025/12/LB-F17-bgbranco-2.webp | https://commanderbrasil.com.br/wp-content/uploads/2025/12/LB-F17-ambientadas-2.webp,https://commanderbrasil.com.br/catalogo/abdutora-lbf17/
838,B1021,Abdutora de Quadril,Abdutora de Quadril,Equipamentos - Série B,,https://commanderbrasil.com.br/wp-content/uploads/2025/12/B1021-1-1.webp,https://commanderbrasil.com.br/wp-content/uploads/2025/12/B1021-1-1.webp | https://commanderbrasil.com.br/wp-content/uploads/2025/12/B1021-2-1.webp,https://commanderbrasil.com.br/catalogo/cadeira-abdutora-b1021/
1431,LB612,Abdutora de Quadril,Abdutora de Quadril,Equipamentos - Série LB,,https://commanderbrasil.com.br/wp-content/uploads/2025/12/LB612-bgbranco-2.webp,https://commanderbrasil.com.br/wp-content/uploads/2025/12/LB612-bgbranco-2.webp | https://commanderbrasil.com.br/wp-content/uploads/2025/12/LB612-3-2.webp,https://commanderbrasil.com.br/catalogo/abdutora-de-quadril-lb612/
152,GM51,Abdutora de Quadril,Abdutora de Quadril,Equipamentos - Série GM,,https://commanderbrasil.com.br/wp-content/uploads/2025/12/GM51-bgbranco-2.webp,https://commanderbrasil.com.br/wp-content/uploads/2025/12/GM51-bgbranco-2.webp | https://commanderbrasil.com.br/wp-content/uploads/2025/12/GM51-ambientadas-2.webp,https://commanderbrasil.com.br/catalogo/abdutora-de-quadril-gm51/
1414,GH101D,Abdutora de Quadril em Pé,Outros Cardio,Equipamentos - Série GT,,https://commanderbrasil.com.br/wp-content/uploads/2025/12/GH101D-bgbranco-2.webp,https://commanderbrasil.com.br/wp-content/uploads/2025/12/GH101D-bgbranco-2.webp | https://commanderbrasil.com.br/wp-content/uploads/2025/12/GH101D-ambientadas-2.webp,https://commanderbrasil.com.br/catalogo/abdutora-em-pe-gh101d/
194,GM105,Abdutora de Quadril em Pé,Abdutora de Quadril,Equipamentos - Série GM,,https://commanderbrasil.com.br/wp-content/uploads/2025/12/GM105-bgbranco-2.webp,https://commanderbrasil.com.br/wp-content/uploads/2025/12/GM105-bgbranco-2.webp | https://commanderbrasil.com.br/wp-content/uploads/2025/12/GM105-ambientadas-2.webp,https://commanderbrasil.com.br/catalogo/abdutora-de-quadril-em-pe-gm105/
161,GM91,Abdutora e Adutora de Quadril,Abdutora de Quadril,Equipamentos - Série GM,,https://commanderbrasil.com.br/wp-content/uploads/2025/12/GM91-bgbranco-2.webp,https://commanderbrasil.com.br/wp-content/uploads/2025/12/GM91-bgbranco-2.webp | https://commanderbrasil.com.br/wp-content/uploads/2025/12/GM91-ambientadas-2.webp,https://commanderbrasil.com.br/catalogo/abdutora-e-adutora-de-quadril-gm91/
1644,CBP078,Adução e Remada Super,Remadas,Equipamentos - Série CBP,,https://commanderbrasil.com.br/wp-content/uploads/2025/12/CBP078-bgbranco-2.webp,https://commanderbrasil.com.br/wp-content/uploads/2025/12/CBP078-bgbranco-2.webp | https://commanderbrasil.com.br/wp-content/uploads/2025/12/CBP078-ambientadas-2.webp,https://commanderbrasil.com.br/catalogo/aducao-e-remada-super-cbp078/
1297,SH70,Adutor,Outras Anilhadas,Equipamentos - Série SH,,https://commanderbrasil.com.br/wp-content/uploads/2025/12/SH70-bgbranco-2.webp,https://commanderbrasil.com.br/wp-content/uploads/2025/12/SH70-bgbranco-2.webp | https://commanderbrasil.com.br/wp-content/uploads/2025/12/SH70-ambientadas-2.webp,https://commanderbrasil.com.br/catalogo/adutor-sh70/
839,B1022,Adutora de Quadril,Adutora de Quadril,Equipamentos - Série B,,https://commanderbrasil.com.br/wp-content/uploads/2025/12/B1022-1-1.webp,https://commanderbrasil.com.br/wp-content/uploads/2025/12/B1022-1-1.webp | https://commanderbrasil.com.br/wp-content/uploads/2025/12/B1022-2-1.webp,https://commanderbrasil.com.br/catalogo/cadeira-adutora-b1022/
1430,LB611,Adutora de Quadril,Adutora de Quadril,Equipamentos - Série LB,,https://commanderbrasil.com.br/wp-content/uploads/2025/12/LB611-bgbranco-2.webp,https://commanderbrasil.com.br/wp-content/uploads/2025/12/LB611-bgbranco-2.webp | https://commanderbrasil.com.br/wp-content/uploads/2025/12/LB611-3-2.webp,https://commanderbrasil.com.br/catalogo/adutora-de-quadril-lb611/
151,GM50,Adutora de Quadril,Adutora de Quadril,Equipamentos - Série GM,,https://commanderbrasil.com.br/wp-content/uploads/2025/12/GM50-bgbranco-2.webp,https://commanderbrasil.com.br/wp-content/uploads/2025/12/GM50-bgbranco-2.webp | https://commanderbrasil.com.br/wp-content/uploads/2025/12/GM50-ambientadas-2.webp,https://commanderbrasil.com.br/catalogo/adutora-de-quadril-gm50/
990,LBF16,Adutora de Quadril,Outras Anilhadas,Equipamentos - Série LB-F,,https://commanderbrasil.com.br/wp-content/uploads/2025/12/LB-F16-bgbranco-1.webp,https://commanderbrasil.com.br/wp-content/uploads/2025/12/LB-F16-bgbranco-1.webp | https://commanderbrasil.com.br/wp-content/uploads/2025/12/LB-F16-ambientadas-1.webp,https://commanderbrasil.com.br/catalogo/adutora-lbf16/
998,LBF24,Adutora/Abdutora,Abdutora de Quadril,Equipamentos - Série LB-F,,https://commanderbrasil.com.br/wp-content/uploads/2025/12/LB-F24-bgbranco-2.webp,https://commanderbrasil.com.br/wp-content/uploads/2025/12/LB-F24-bgbranco-2.webp | https://commanderbrasil.com.br/wp-content/uploads/2025/12/LB-F24-ambientadas-2.webp,https://commanderbrasil.com.br/catalogo/adutora-abdutora-lbf24/
292,VS11,Adutora/Abdutora de Quadril,Adutora de Quadril,Equipamentos - Série VS,,https://commanderbrasil.com.br/wp-content/uploads/2025/12/CMD-VS11-1.png,https://commanderbrasil.com.br/wp-content/uploads/2025/12/CMD-VS11-1.png | https://commanderbrasil.com.br/wp-content/uploads/2025/12/CMD-VS11-2.webp | https://commanderbrasil.com.br/wp-content/uploads/2025/12/CMD-VS11-1-1.webp,https://commanderbrasil.com.br/catalogo/cadeira-adutora-abdutora-vs11/
837,B1020,Adutora/Abdutora de Quadril,Adutora de Quadril,Equipamentos - Série B,,https://commanderbrasil.com.br/wp-content/uploads/2025/12/B1020-1-1.webp,https://commanderbrasil.com.br/wp-content/uploads/2025/12/B1020-1-1.webp | https://commanderbrasil.com.br/wp-content/uploads/2025/12/B1020-2-1.webp,https://commanderbrasil.com.br/catalogo/cadeira-adutora-abdutora-b1020/
876,B1101,Agachamento,Outras Máquinas,Equipamentos - Série B,,https://commanderbrasil.com.br/wp-content/uploads/2025/12/B1101-1-2.webp,https://commanderbrasil.com.br/wp-content/uploads/2025/12/B1101-1-2.webp | https://commanderbrasil.com.br/wp-content/uploads/2025/12/B1101-2-2.webp,https://commanderbrasil.com.br/catalogo/agachamento-b1101/
877,B1102,Agachamento,Outras Máquinas,Equipamentos - Série B,,https://commanderbrasil.com.br/wp-content/uploads/2025/12/B1102-1-2.webp,https://commanderbrasil.com.br/wp-content/uploads/2025/12/B1102-1-2.webp | https://commanderbrasil.com.br/wp-content/uploads/2025/12/B1102-2-2.webp,https://commanderbrasil.com.br/catalogo/agachamento-b1102/
1004679,B1103,Agachamento,Máquinas de Agachamento,Equipamentos - Série B,,https://commanderbrasil.com.br/wp-content/uploads/2025/12/B1103-bgbranco.webp,https://commanderbrasil.com.br/wp-content/uploads/2025/12/B1103-bgbranco.webp,https://commanderbrasil.com.br/catalogo/agachamento-b1103/
1393,GM96,Agachamento 45°,Outras Máquinas,Equipamentos - Série GM,,https://commanderbrasil.com.br/wp-content/uploads/2025/12/GM96-bgbranco-2.webp,https://commanderbrasil.com.br/wp-content/uploads/2025/12/GM96-bgbranco-2.webp | https://commanderbrasil.com.br/wp-content/uploads/2025/12/GM96-ambientadas-2.webp,https://commanderbrasil.com.br/catalogo/agachamento5o-gm96/
1004672,LB637,Agachamento Anilhado,Máquinas de Agachamento,Equipamentos - Série LB,,https://commanderbrasil.com.br/wp-content/uploads/2025/12/LB637-bgbranco.webp,https://commanderbrasil.com.br/wp-content/uploads/2025/12/LB637-bgbranco.webp,https://commanderbrasil.com.br/catalogo/agachamento-maquina-anilhado-lb637/
1400,GM107,Agachamento Articulado,Outras Máquinas,Equipamentos - Série GM,,,,https://commanderbrasil.com.br/catalogo/agachamento-articulado-gm107/
1095,CBS050,Agachamento com Cinto,Máquinas de Agachamento,Equipamentos - Série CBS,,https://commanderbrasil.com.br/wp-content/uploads/2025/12/CBS050-cmd-cbs-series-2.png,https://commanderbrasil.com.br/wp-content/uploads/2025/12/CBS050-cmd-cbs-series-2.png,https://commanderbrasil.com.br/catalogo/agachamento-com-cinto-cbs050/
1673,CBP107,Agachamento com Cinto,Máquinas de Agachamento,Equipamentos - Série CBP,,https://commanderbrasil.com.br/wp-content/uploads/2025/12/CBP107-bgbranco-2.webp,https://commanderbrasil.com.br/wp-content/uploads/2025/12/CBP107-bgbranco-2.webp | https://commanderbrasil.com.br/wp-content/uploads/2025/12/CBP107-ambientadas-2.webp,https://commanderbrasil.com.br/catalogo/agachamento-com-cinto-cbp107/
931,D990,Agachamento com Cinto,Outras Máquinas,Equipamentos - Série D,,https://commanderbrasil.com.br/wp-content/uploads/2025/12/CMD-D990-cmd-d-series-2.png,https://commanderbrasil.com.br/wp-content/uploads/2025/12/CMD-D990-cmd-d-series-2.png | https://commanderbrasil.com.br/wp-content/uploads/2025/12/CMD-D990-2.webp,https://commanderbrasil.com.br/catalogo/agachamento-com-cinto-d990/
930,D985,Agachamento com Puxada Alta,Puxada Alta,Equipamentos - Série D,,https://commanderbrasil.com.br/wp-content/uploads/2025/12/CMD-D985-cmd-d-series-2.png,https://commanderbrasil.com.br/wp-content/uploads/2025/12/CMD-D985-cmd-d-series-2.png | https://commanderbrasil.com.br/wp-content/uploads/2025/12/CMD-D985-2.webp,https://commanderbrasil.com.br/catalogo/agachamento-com-puxada-alta-d985/
1261,SH22,Agachamento Com Puxada Alta,Máquinas de Agachamento,Equipamentos - Série SH,,https://commanderbrasil.com.br/wp-content/uploads/2025/12/SH22-bgbranco-2.webp,https://commanderbrasil.com.br/wp-content/uploads/2025/12/SH22-bgbranco-2.webp | https://commanderbrasil.com.br/wp-content/uploads/2025/12/SH22-ambientadas-2.webp,https://commanderbrasil.com.br/catalogo/agachamento-com-puxada-alta-sh22/
199,GM113,Agachamento com Remada,Máquinas de Agachamento,Equipamentos - Série GM,,https://commanderbrasil.com.br/wp-content/uploads/2025/12/GM113-bgbranco-2.webp,https://commanderbrasil.com.br/wp-content/uploads/2025/12/GM113-bgbranco-2.webp | https://commanderbrasil.com.br/wp-content/uploads/2025/12/GM113-ambientadas-2.webp,https://commanderbrasil.com.br/catalogo/agachamento-com-remada-gm113/
1617,CBP051,Agachamento De Potência,Máquinas de Agachamento,Equipamentos - Série CBP,,https://commanderbrasil.com.br/wp-content/uploads/2025/12/CBP051-bgbranco-2.webp,https://commanderbrasil.com.br/wp-content/uploads/2025/12/CBP051-bgbranco-2.webp | https://commanderbrasil.com.br/wp-content/uploads/2025/12/CBP051-ambientadas-2.webp,https://commanderbrasil.com.br/catalogo/agachamento-de-potencia-cbp051/
1298,SH71,Agachamento em V,Máquinas de Agachamento,Equipamentos - Série SH,,https://commanderbrasil.com.br/wp-content/uploads/2025/12/SH71-bgbranco-2.webp,https://commanderbrasil.com.br/wp-content/uploads/2025/12/SH71-bgbranco-2.webp | https://commanderbrasil.com.br/wp-content/uploads/2025/12/SH71-ambientadas-2.webp,https://commanderbrasil.com.br/catalogo/agachamento-em-v-sh71/
1619,CBP053,Agachamento Hack,Máquinas de Agachamento,Equipamentos - Série CBP,,https://commanderbrasil.com.br/wp-content/uploads/2025/12/CBP053-bgbranco-2.webp,https://commanderbrasil.com.br/wp-content/uploads/2025/12/CBP053-bgbranco-2.webp | https://commanderbrasil.com.br/wp-content/uploads/2025/12/CBP053-ambientadas-2.webp,https://commanderbrasil.com.br/catalogo/hack-squat-cbp053/
899,LB1223,Agachamento Hack,Outras Máquinas,Equipamentos - Série B,,https://commanderbrasil.com.br/wp-content/uploads/2025/12/LB-651-2.png,https://commanderbrasil.com.br/wp-content/uploads/2025/12/LB-651-2.png,https://commanderbrasil.com.br/catalogo/agachamento-hack-lb1223/
867,B1057,Agachamento Inclinado Máquina,Máquinas de Agachamento,Equipamentos - Série B,,https://commanderbrasil.com.br/wp-content/uploads/2025/12/B1057-bgbranco-1.webp,https://commanderbrasil.com.br/wp-content/uploads/2025/12/B1057-bgbranco-1.webp,https://commanderbrasil.com.br/catalogo/agachamento-inclinado-maquina-b1057/
1107,CBS061,Agachamento Potência,Máquinas de Agachamento,Equipamentos - Série CBS,,https://commanderbrasil.com.br/wp-content/uploads/2025/12/CBS061-bgbranco-2.webp,https://commanderbrasil.com.br/wp-content/uploads/2025/12/CBS061-bgbranco-2.webp | https://commanderbrasil.com.br/wp-content/uploads/2025/12/CBS061-ambientadas-2.webp,https://commanderbrasil.com.br/catalogo/agachamento-power-cbs061/
871,B1065,Agachamento Reto Máquina,Máquinas de Agachamento,Equipamentos - Série B,,https://commanderbrasil.com.br/wp-content/uploads/2025/12/B1065-bgbranco-1.webp,https://commanderbrasil.com.br/wp-content/uploads/2025/12/B1065-bgbranco-1.webp,https://commanderbrasil.com.br/catalogo/agachamento-reto-maquina-b1065/
1406,Y04,Agachamento Rinoceronte,Outras Máquinas,Equipamentos - Série GM,,,,https://commanderbrasil.com.br/catalogo/agachamento-rinoceronte-y04/
1407,Y05,Agachamento Rinoceronte,Outras Máquinas,Equipamentos - Série GM,,,,https://commanderbrasil.com.br/catalogo/agachamento-rinoceronte-y05/
903,B1226,Agachamento Unilateral Residencial,Outras Máquinas,Equipamentos - Série B,,,,https://commanderbrasil.com.br/catalogo/agachamento-unilateral-residencial-b1226/
904,CMDFL01,Agachamento Unilateral Residencial,Outras Máquinas,Equipamentos - Série 360,,https://commanderbrasil.com.br/wp-content/uploads/2025/12/CMD-FL01-bgbranco-1.webp,https://commanderbrasil.com.br/wp-content/uploads/2025/12/CMD-FL01-bgbranco-1.webp | https://commanderbrasil.com.br/wp-content/uploads/2025/12/CMD-FL01-ambientadas-1.webp,https://commanderbrasil.com.br/catalogo/agachamento-unilateral-residencial-cmdfl01/
2950,F003,Agilidade Barrier - 5 Obstacle Kit,Acessórios de Treino,Acessórios - Série F,Barreira de Agility - Kit 5 Obstáculos - Código: F-003,https://commanderbrasil.com.br/wp-content/uploads/2025/12/F003-f-1.jpeg,https://commanderbrasil.com.br/wp-content/uploads/2025/12/F003-f-1.jpeg,https://commanderbrasil.com.br/catalogo/barreira-de-agilidade-kit-obstaculos-f003/
1009324,QHSJ138,Almofada Crash para Barra,-,Acessórios - QHSJ Barras,,https://commanderbrasil.com.br/wp-content/uploads/2025/12/QHSJ138-bgbranco.webp,https://commanderbrasil.com.br/wp-content/uploads/2025/12/QHSJ138-bgbranco.webp | https://commanderbrasil.com.br/wp-content/uploads/2025/12/QHSJ138-ambientada.webp,https://commanderbrasil.com.br/catalogo/barbell-crash-pad-qhsj138/
1009556,QHSJ241,Almofada de Chute,-,Acessórios - QHSJ Agilidade,,https://commanderbrasil.com.br/wp-content/uploads/2025/12/QH-SJ241-bgbranco.webp,https://commanderbrasil.com.br/wp-content/uploads/2025/12/QH-SJ241-bgbranco.webp | https://commanderbrasil.com.br/wp-content/uploads/2025/12/QH-SJ241-ambientadas.webp,https://commanderbrasil.com.br/catalogo/kick-pad-qhsj241/
1009688,QHSJ167,Almofada de Equilíbrio TPE,-,Acessórios - QHSJ Yoga,,https://commanderbrasil.com.br/wp-content/uploads/2025/12/QH-SJ167-bgbranco.webp,https://commanderbrasil.com.br/wp-content/uploads/2025/12/QH-SJ167-bgbranco.webp | https://commanderbrasil.com.br/wp-content/uploads/2025/12/QH-SJ167-ambientadas.webp,https://commanderbrasil.com.br/catalogo/tpe-balance-pad-qhsj167/
1009684,QHSJ166,Almofada de Equilíbrio Yoga,Tapetes e Yoga,Acessórios - QHSJ Yoga,,https://commanderbrasil.com.br/wp-content/uploads/2025/12/QH-SJ166-bgbranco.webp,https://commanderbrasil.com.br/wp-content/uploads/2025/12/QH-SJ166-bgbranco.webp | https://commanderbrasil.com.br/wp-content/uploads/2025/12/QH-SJ166-ambientadas.webp,https://commanderbrasil.com.br/catalogo/yoga-balance-cushion-qhsj166/
2662,C053,Almofada de Massagem para Equilíbrio,Acessórios de Treino,Acessórios - Série C,Almofada de Massagem para Balance - Código: C-053,https://commanderbrasil.com.br/wp-content/uploads/2025/12/C-053-c-2.jpeg,https://commanderbrasil.com.br/wp-content/uploads/2025/12/C-053-c-2.jpeg,https://commanderbrasil.com.br/catalogo/almofada-de-massagem-para-equilibrio-c053/
1009166,QHSJ97,Almofada de Ombro para Levantamento,Desenvolvimento de Ombros,Acessórios - QHSJ Barras,,https://commanderbrasil.com.br/wp-content/uploads/2025/12/QHSJ97-bgbranco.webp,https://commanderbrasil.com.br/wp-content/uploads/2025/12/QHSJ97-bgbranco.webp | https://commanderbrasil.com.br/wp-content/uploads/2025/12/QHSJ97-ambientada.webp,https://commanderbrasil.com.br/catalogo/weightlifting-shoulder-pad-qhsj97/
1009320,QHSJ137,Almofada de Silicone para Barra,Acessórios de Treino,Acessórios - QHSJ Barras,,https://commanderbrasil.com.br/wp-content/uploads/2025/12/QHSJ137-bgbranco.webp,https://commanderbrasil.com.br/wp-content/uploads/2025/12/QHSJ137-bgbranco.webp | https://commanderbrasil.com.br/wp-content/uploads/2025/12/QHSJ137-ambientada.webp,https://commanderbrasil.com.br/catalogo/silicone-bar-pad-qhsj137/
2663,C054,Almofada Equilíbrio TPE,Acessórios de Treino,Acessórios - Série C,Almofada de Balance TPE - Código: C-054,https://commanderbrasil.com.br/wp-content/uploads/2025/12/C-054-c-2.jpeg,https://commanderbrasil.com.br/wp-content/uploads/2025/12/C-054-c-2.jpeg,https://commanderbrasil.com.br/catalogo/almofada-de-equilibrio-tpe-c054/
3068,XMH009,Almofada Espuma 2.5cm,Acessórios de Treino,Acessórios - Série XM-H,Almofada de Espuma 2.5cm - Código: XM-H009,https://commanderbrasil.com.br/wp-content/uploads/2025/12/XM-H009-xm-1.jpeg,https://commanderbrasil.com.br/wp-content/uploads/2025/12/XM-H009-xm-1.jpeg,https://commanderbrasil.com.br/catalogo/almofada-de-espumacm-xmh009/
2649,C040,Almofada Tri-dobrável,Acessórios de Treino,Acessórios - Série C,Almofada Tri-dobrável - Código: C-040,https://commanderbrasil.com.br/wp-content/uploads/2025/12/C-040-c-2.jpeg,https://commanderbrasil.com.br/wp-content/uploads/2025/12/C-040-c-2.jpeg,https://commanderbrasil.com.br/catalogo/almofada-tri-dobravel-c040/
1009316,QHSJ135,Alongador de Costas,-,Acessórios - QHSJ Barras,,https://commanderbrasil.com.br/wp-content/uploads/2025/12/QHSJ135-bgbranco.webp,https://commanderbrasil.com.br/wp-content/uploads/2025/12/QHSJ135-bgbranco.webp | https://commanderbrasil.com.br/wp-content/uploads/2025/12/QHSJ135-ambientada.webp,https://commanderbrasil.com.br/catalogo/back-stretcher-qhsj135/
2905,E028,Alongamento Tornozelo,Mergulho e Barra Assistida,Acessórios - Série E,Alongamento de Tornozelo - Código: E-028,https://commanderbrasil.com.br/wp-content/uploads/2025/12/E028-e-1.jpeg,https://commanderbrasil.com.br/wp-content/uploads/2025/12/E028-e-1.jpeg,https://commanderbrasil.com.br/catalogo/alongamento-de-tornozelo-e028/
301,VS21,Alto Puxada em Pé,Outras Máquinas,Equipamentos - Série VS,,https://commanderbrasil.com.br/wp-content/uploads/2025/12/CMD-VS21-1.png,https://commanderbrasil.com.br/wp-content/uploads/2025/12/CMD-VS21-1.png | https://commanderbrasil.com.br/wp-content/uploads/2025/12/CMD-VS21-2.webp | https://commanderbrasil.com.br/wp-content/uploads/2025/12/CMD-VS21-1-1.webp,https://commanderbrasil.com.br/catalogo/high-pull-em-pe-vs21/
2994,F047,Alvo de Cintura,Acessórios de Treino,Acessórios - Série F,Alvo de Cintura - Código: F-047,https://commanderbrasil.com.br/wp-content/uploads/2025/12/F047-f-1.jpeg,https://commanderbrasil.com.br/wp-content/uploads/2025/12/F047-f-1.jpeg,https://commanderbrasil.com.br/catalogo/alvo-de-cintura-f047/
2996,F049,Alvo de Coxa,Acessórios de Treino,Acessórios - Série F,Alvo de Coxa - Código: F-049,https://commanderbrasil.com.br/wp-content/uploads/2025/12/F049-f-1.jpeg,https://commanderbrasil.com.br/wp-content/uploads/2025/12/F049-f-1.jpeg,https://commanderbrasil.com.br/catalogo/alvo-de-coxa-f049/
2963,F016,Alvo de Mão,Acessórios de Treino,Acessórios - Série F,Alvo de Mão - Código: F-016,https://commanderbrasil.com.br/wp-content/uploads/2025/12/F016-f-1.jpeg,https://commanderbrasil.com.br/wp-content/uploads/2025/12/F016-f-1.jpeg,https://commanderbrasil.com.br/catalogo/alvo-de-mao-f016/
2998,F051,Alvo de Panturrilha,Máquinas de Panturrilha,Acessórios - Série F,Alvo de Calf Raise - Código: F-051,https://commanderbrasil.com.br/wp-content/uploads/2025/12/F051-f-1.jpeg,https://commanderbrasil.com.br/wp-content/uploads/2025/12/F051-f-1.jpeg,https://commanderbrasil.com.br/catalogo/alvo-de-panturrilha-f051/
2962,F015,Alvo de Pé,Acessórios de Treino,Acessórios - Série F,Alvo de Pé - Código: F-015,https://commanderbrasil.com.br/wp-content/uploads/2025/12/F015-f-1.jpeg,https://commanderbrasil.com.br/wp-content/uploads/2025/12/F015-f-1.jpeg,https://commanderbrasil.com.br/catalogo/alvo-de-pe-f015/
2997,F050,Alvo de Peito,Acessórios de Treino,Acessórios - Série F,Alvo de Peito - Código: F-050,https://commanderbrasil.com.br/wp-content/uploads/2025/12/F050-f-1.jpeg,https://commanderbrasil.com.br/wp-content/uploads/2025/12/F050-f-1.jpeg,https://commanderbrasil.com.br/catalogo/alvo-de-peito-f050/
3077,XMJ003,Alvo Duplo com Som,Acessórios de Treino,Acessórios - Série XM-J,Sound Double Target - Código: XM-J003,https://commanderbrasil.com.br/wp-content/uploads/2025/12/XM-J003-xm-j-1.jpeg,https://commanderbrasil.com.br/wp-content/uploads/2025/12/XM-J003-xm-j-1.jpeg,https://commanderbrasil.com.br/catalogo/alvo-duplo-sonoro-xmj003/
3078,XMJ004,Alvo Duplo Padrão,Acessórios de Treino,Acessórios - Série XM-J,Standard Double Target - Código: XM-J004,https://commanderbrasil.com.br/wp-content/uploads/2025/12/XM-J004-xm-j-1.jpeg,https://commanderbrasil.com.br/wp-content/uploads/2025/12/XM-J004-xm-j-1.jpeg,https://commanderbrasil.com.br/catalogo/alvo-duplo-comum-xmj004/
3081,XMJ007,Alvo Duplo Padrão,Acessórios de Treino,Acessórios - Série XM-J,Standard Double Target - Código: XM-J007,https://commanderbrasil.com.br/wp-content/uploads/2025/12/XM-J007-xm-j-1.jpeg,https://commanderbrasil.com.br/wp-content/uploads/2025/12/XM-J007-xm-j-1.jpeg,https://commanderbrasil.com.br/catalogo/alvo-duplo-comum-xmj007/
3080,XMJ006,Alvo Grande Chute Posterior,Acessórios de Treino,Acessórios - Série XM-J,Large Rear Kick Target - Código: XM-J006,https://commanderbrasil.com.br/wp-content/uploads/2025/12/XM-J006-xm-j-1.jpeg,https://commanderbrasil.com.br/wp-content/uploads/2025/12/XM-J006-xm-j-1.jpeg,https://commanderbrasil.com.br/catalogo/alvo-grande-de-chute-traseiro-xmj006/
3079,XMJ005,Alvo Iraniano Grande,Acessórios de Treino,Acessórios - Série XM-J,Large Iranian Target - Código: XM-J005,https://commanderbrasil.com.br/wp-content/uploads/2025/12/XM-J005-xm-j-1.jpeg,https://commanderbrasil.com.br/wp-content/uploads/2025/12/XM-J005-xm-j-1.jpeg,https://commanderbrasil.com.br/catalogo/alvo-iraniano-grande-xmj005/
1009740,QHSJ181,Analisador Corporal BIA,-,Acessórios - QHSJ Yoga,,https://commanderbrasil.com.br/wp-content/uploads/2025/12/QH-SJ181-bgbranco.webp,https://commanderbrasil.com.br/wp-content/uploads/2025/12/QH-SJ181-bgbranco.webp | https://commanderbrasil.com.br/wp-content/uploads/2025/12/QH-SJ181-ambientadas.webp,https://commanderbrasil.com.br/catalogo/bia-body-analyzer-qhsj181/
2830,D045,Analisador Corporal GS15.0.1 com Impressora,Acessórios de Treino,Acessórios - Série D,Analisador Corporal GS15.0.1 com Impressora - Código: D-045,https://commanderbrasil.com.br/wp-content/uploads/2025/12/D045-d-2.jpeg,https://commanderbrasil.com.br/wp-content/uploads/2025/12/D045-d-2.jpeg,https://commanderbrasil.com.br/catalogo/analisador-corporal-gs15-0-1-com-impressora-d045/
2831,D046,Analisador Corporal GS15.0.1 Premium,Acessórios de Treino,Acessórios - Série D,Analisador Corporal GS15.0.1 Premium - Código: D-046,https://commanderbrasil.com.br/wp-content/uploads/2025/12/D046-d-2.jpeg,https://commanderbrasil.com.br/wp-content/uploads/2025/12/D046-d-2.jpeg,https://commanderbrasil.com.br/catalogo/analisador-corporal-gs15-0-1-premium-d046/
1009736,QHSJ180,Analisador de Composição Corporal,-,Acessórios - QHSJ Yoga,,https://commanderbrasil.com.br/wp-content/uploads/2025/12/QH-SJ180-bgbranco.webp,https://commanderbrasil.com.br/wp-content/uploads/2025/12/QH-SJ180-bgbranco.webp | https://commanderbrasil.com.br/wp-content/uploads/2025/12/QH-SJ180-ambientadas.webp,https://commanderbrasil.com.br/catalogo/body-composition-analyzer-qhsj180/
1009400,QHSJ201,Âncora para Corda,Cordas de Pular,Acessórios - QHSJ Treino,,https://commanderbrasil.com.br/wp-content/uploads/2025/12/QH-SJ201-bgbranco.webp,https://commanderbrasil.com.br/wp-content/uploads/2025/12/QH-SJ201-bgbranco.webp | https://commanderbrasil.com.br/wp-content/uploads/2025/12/QH-SJ201-ambientadas.webp,https://commanderbrasil.com.br/catalogo/rope-anchor-qhsj201/
1009624,QHSJ143,Anel de Pilates,Puxada Alta,Acessórios - QHSJ Yoga,,https://commanderbrasil.com.br/wp-content/uploads/2025/12/QH-SJ143-bgbranco.webp,https://commanderbrasil.com.br/wp-content/uploads/2025/12/QH-SJ143-bgbranco.webp | https://commanderbrasil.com.br/wp-content/uploads/2025/12/QH-SJ143-ambientadas.webp,https://commanderbrasil.com.br/catalogo/pilates-ring-qhsj143/
1009083,QHSJ76,Anilha Borracha,-,Acessórios - QHSJ Pesos,,https://commanderbrasil.com.br/wp-content/uploads/2025/12/QHSJ76-bgbranco.webp,https://commanderbrasil.com.br/wp-content/uploads/2025/12/QHSJ76-bgbranco.webp | https://commanderbrasil.com.br/wp-content/uploads/2025/12/QHSJ76-ambientada.webp,https://commanderbrasil.com.br/catalogo/barbell-plate-rubber-qhsj76/
1009087,QHSJ77,Anilha Borracha Precor,-,Acessórios - QHSJ Pesos,,https://commanderbrasil.com.br/wp-content/uploads/2025/12/QHSJ77-bgbranco.webp,https://commanderbrasil.com.br/wp-content/uploads/2025/12/QHSJ77-bgbranco.webp | https://commanderbrasil.com.br/wp-content/uploads/2025/12/QHSJ77-ambientada.webp,https://commanderbrasil.com.br/catalogo/barbell-plate-rubber-precor-qhsj77/
1008941,QHSJ27,Anilha Borracha Technogym,-,Acessórios - QHSJ Pesos,,https://commanderbrasil.com.br/wp-content/uploads/2025/12/QH-SJ27-bgbranco.webp,https://commanderbrasil.com.br/wp-content/uploads/2025/12/QH-SJ27-bgbranco.webp | https://commanderbrasil.com.br/wp-content/uploads/2025/12/QH-SJ27-ambientadas.webp,https://commanderbrasil.com.br/catalogo/rubber-technogym-barbell-plate-qhsj27/
1008985,QHSJ40,Anilha Bumper Colorida,-,Acessórios - QHSJ Pesos,,https://commanderbrasil.com.br/wp-content/uploads/2025/12/QH-SJ40-bgbranco.webp,https://commanderbrasil.com.br/wp-content/uploads/2025/12/QH-SJ40-bgbranco.webp | https://commanderbrasil.com.br/wp-content/uploads/2025/12/QH-SJ40-ambientadas.webp,https://commanderbrasil.com.br/catalogo/colored-bumper-plate-qhsj40/
1008981,QHSJ39,Anilha Bumper Preta,-,Acessórios - QHSJ Pesos,,https://commanderbrasil.com.br/wp-content/uploads/2025/12/QH-SJ39-bgbranco.webp,https://commanderbrasil.com.br/wp-content/uploads/2025/12/QH-SJ39-bgbranco.webp | https://commanderbrasil.com.br/wp-content/uploads/2025/12/QH-SJ39-ambientadas.webp,https://commanderbrasil.com.br/catalogo/black-bumper-plate-qhsj39/
1008989,QHSJ41,Anilha de Competição,-,Acessórios - QHSJ Pesos,,https://commanderbrasil.com.br/wp-content/uploads/2025/12/QHSJ41-bgbranco.webp,https://commanderbrasil.com.br/wp-content/uploads/2025/12/QHSJ41-bgbranco.webp | https://commanderbrasil.com.br/wp-content/uploads/2025/12/QHSJ41-ambientada.webp,https://commanderbrasil.com.br/catalogo/competition-plate-qhsj41/
1008953,QHSJ32,Anilha de Peso,-,Acessórios - QHSJ Pesos,,https://commanderbrasil.com.br/wp-content/uploads/2025/12/QH-SJ32-bgbranco.webp,https://commanderbrasil.com.br/wp-content/uploads/2025/12/QH-SJ32-bgbranco.webp | https://commanderbrasil.com.br/wp-content/uploads/2025/12/QH-SJ32-ambientadas.webp,https://commanderbrasil.com.br/catalogo/weight-plate-qhsj32/
1008957,QHSJ33,Anilha de Peso,-,Acessórios - QHSJ Pesos,,https://commanderbrasil.com.br/wp-content/uploads/2025/12/QH-SJ33-bgbranco.webp,https://commanderbrasil.com.br/wp-content/uploads/2025/12/QH-SJ33-bgbranco.webp | https://commanderbrasil.com.br/wp-content/uploads/2025/12/QH-SJ33-ambientadas.webp,https://commanderbrasil.com.br/catalogo/weight-plate-qhsj33/
1008961,QHSJ34,Anilha de Peso,-,Acessórios - QHSJ Pesos,,https://commanderbrasil.com.br/wp-content/uploads/2025/12/QH-SJ34-bgbranco.webp,https://commanderbrasil.com.br/wp-content/uploads/2025/12/QH-SJ34-bgbranco.webp | https://commanderbrasil.com.br/wp-content/uploads/2025/12/QH-SJ34-ambientadas.webp,https://commanderbrasil.com.br/catalogo/weight-plate-qhsj34/
1008965,QHSJ35,Anilha de Peso,-,Acessórios - QHSJ Pesos,,https://commanderbrasil.com.br/wp-content/uploads/2025/12/QH-SJ35-bgbranco.webp,https://commanderbrasil.com.br/wp-content/uploads/2025/12/QH-SJ35-bgbranco.webp | https://commanderbrasil.com.br/wp-content/uploads/2025/12/QH-SJ35-ambientadas.webp,https://commanderbrasil.com.br/catalogo/weight-plate-qhsj35/
1008969,QHSJ36,Anilha de Peso,-,Acessórios - QHSJ Pesos,,https://commanderbrasil.com.br/wp-content/uploads/2025/12/QH-SJ36-bgbranco.webp,https://commanderbrasil.com.br/wp-content/uploads/2025/12/QH-SJ36-bgbranco.webp | https://commanderbrasil.com.br/wp-content/uploads/2025/12/QH-SJ36-ambientadas.webp,https://commanderbrasil.com.br/catalogo/weight-plate-qhsj36/
1008973,QHSJ37,Anilha de Peso,-,Acessórios - QHSJ Pesos,,https://commanderbrasil.com.br/wp-content/uploads/2025/12/QH-SJ37-bgbranco.webp,https://commanderbrasil.com.br/wp-content/uploads/2025/12/QH-SJ37-bgbranco.webp | https://commanderbrasil.com.br/wp-content/uploads/2025/12/QH-SJ37-ambientadas.webp,https://commanderbrasil.com.br/catalogo/weight-plate-qhsj37/
1008977,QHSJ38,Anilha de Peso,-,Acessórios - QHSJ Pesos,,https://commanderbrasil.com.br/wp-content/uploads/2025/12/QH-SJ38-bgbranco.webp,https://commanderbrasil.com.br/wp-content/uploads/2025/12/QH-SJ38-bgbranco.webp | https://commanderbrasil.com.br/wp-content/uploads/2025/12/QH-SJ38-ambientadas.webp,https://commanderbrasil.com.br/catalogo/weight-plate-qhsj38/
1008997,QHSJ49,Anilha PU,-,Acessórios - QHSJ Pesos,,https://commanderbrasil.com.br/wp-content/uploads/2025/12/QH-SJ49-bgbranco.webp,https://commanderbrasil.com.br/wp-content/uploads/2025/12/QH-SJ49-bgbranco.webp | https://commanderbrasil.com.br/wp-content/uploads/2025/12/QH-SJ49-ambientadas.webp,https://commanderbrasil.com.br/catalogo/pu-barbell-plate-qhsj49/
1008869,QHSJ09,Anilha PU Capitão América,-,Acessórios - QHSJ Pesos,,https://commanderbrasil.com.br/wp-content/uploads/2025/12/QH-SJ09-bgbranco.webp,https://commanderbrasil.com.br/wp-content/uploads/2025/12/QH-SJ09-bgbranco.webp | https://commanderbrasil.com.br/wp-content/uploads/2025/12/QH-SJ09-ambientadas.webp,https://commanderbrasil.com.br/catalogo/pu-captain-america-barbell-plate-qhsj09/
1008877,QHSJ11,Anilha PU Colorida,-,Acessórios - QHSJ Pesos,,https://commanderbrasil.com.br/wp-content/uploads/2025/12/QH-SJ11-bgbranco.webp,https://commanderbrasil.com.br/wp-content/uploads/2025/12/QH-SJ11-bgbranco.webp | https://commanderbrasil.com.br/wp-content/uploads/2025/12/QH-SJ11-ambientadas.webp,https://commanderbrasil.com.br/catalogo/colored-pu-barbell-plate-qhsj11/
1008893,QHSJ15,Anilha PU Fitness,-,Acessórios - QHSJ Pesos,,https://commanderbrasil.com.br/wp-content/uploads/2025/12/QH-SJ15-bgbranco.webp,https://commanderbrasil.com.br/wp-content/uploads/2025/12/QH-SJ15-bgbranco.webp | https://commanderbrasil.com.br/wp-content/uploads/2025/12/QH-SJ15-ambientadas.webp,https://commanderbrasil.com.br/catalogo/pu-fitness-barbell-plate-qhsj15/
1008873,QHSJ10,Anilha PU Preta,-,Acessórios - QHSJ Pesos,,https://commanderbrasil.com.br/wp-content/uploads/2025/12/QH-SJ10-bgbranco.webp,https://commanderbrasil.com.br/wp-content/uploads/2025/12/QH-SJ10-bgbranco.webp | https://commanderbrasil.com.br/wp-content/uploads/2025/12/QH-SJ10-ambientadas.webp,https://commanderbrasil.com.br/catalogo/black-pu-barbell-plate-qhsj10/
1008933,QHSJ25,Anilha PU Technogym,-,Acessórios - QHSJ Pesos,,https://commanderbrasil.com.br/wp-content/uploads/2025/12/QHSJ25-bgbranco.webp,https://commanderbrasil.com.br/wp-content/uploads/2025/12/QHSJ25-bgbranco.webp | https://commanderbrasil.com.br/wp-content/uploads/2025/12/QHSJ25-ambientada.webp,https://commanderbrasil.com.br/catalogo/pu-technogym-barbell-plate-qhsj25/
1008897,QHSJ16,Anilha TPU Fitness,-,Acessórios - QHSJ Pesos,,https://commanderbrasil.com.br/wp-content/uploads/2025/12/QH-SJ16-bgbranco.webp,https://commanderbrasil.com.br/wp-content/uploads/2025/12/QH-SJ16-bgbranco.webp | https://commanderbrasil.com.br/wp-content/uploads/2025/12/QH-SJ16-ambientadas.webp,https://commanderbrasil.com.br/catalogo/tpu-fitness-barbell-plate-qhsj16/
1008845,QHSJ02,Anilha Três Furos Borracha,-,Acessórios - QHSJ Pesos,,https://commanderbrasil.com.br/wp-content/uploads/2025/12/QH-SJ02-bgbranco.webp,https://commanderbrasil.com.br/wp-content/uploads/2025/12/QH-SJ02-bgbranco.webp | https://commanderbrasil.com.br/wp-content/uploads/2025/12/QH-SJ02-ambientadas.webp,https://commanderbrasil.com.br/catalogo/three-hole-rubber-barbell-plate-qhsj02/
1008849,QHSJ03,Anilha Três Furos Colorida Borracha,-,Acessórios - QHSJ Pesos,,https://commanderbrasil.com.br/wp-content/uploads/2025/12/QH-SJ03-bgbranco.webp,https://commanderbrasil.com.br/wp-content/uploads/2025/12/QH-SJ03-bgbranco.webp | https://commanderbrasil.com.br/wp-content/uploads/2025/12/QH-SJ03-ambientadas.webp,https://commanderbrasil.com.br/catalogo/three-hole-colored-rubber-plate-qhsj03/
1008881,QHSJ12,Anilha Três Furos Voador,Voador e Deltoide Posterior,Acessórios - QHSJ Pesos,,https://commanderbrasil.com.br/wp-content/uploads/2025/12/QH-SJ12-bgbranco.webp,https://commanderbrasil.com.br/wp-content/uploads/2025/12/QH-SJ12-bgbranco.webp | https://commanderbrasil.com.br/wp-content/uploads/2025/12/QH-SJ12-ambientadas.webp,https://commanderbrasil.com.br/catalogo/three-hole-fly-plate-qhsj12/
1004736,A037,Anilhas 12 Lados Cinco Furos,-,Acessórios - Série A,Preço por kg (USD),https://commanderbrasil.com.br/wp-content/uploads/2025/12/A037-bgbranco-v2.webp,https://commanderbrasil.com.br/wp-content/uploads/2025/12/A037-bgbranco-v2.webp,https://commanderbrasil.com.br/catalogo/anilhas-12-lados-cinco-furos-a037/
1004739,A040,Anilhas Bumper Coloridas,-,Acessórios - Série A,Preço por kg (USD),https://commanderbrasil.com.br/wp-content/uploads/2025/12/A040-bgbranco-v2.webp,https://commanderbrasil.com.br/wp-content/uploads/2025/12/A040-bgbranco-v2.webp | https://commanderbrasil.com.br/wp-content/uploads/2025/12/A040-ambientada-v2.webp,https://commanderbrasil.com.br/catalogo/anilhas-bumper-coloridas-a040/
1004738,A039,Anilhas Bumper Pretas,-,Acessórios - Série A,Preço por kg (USD),https://commanderbrasil.com.br/wp-content/uploads/2025/12/A039-bgbranco-v2.webp,https://commanderbrasil.com.br/wp-content/uploads/2025/12/A039-bgbranco-v2.webp,https://commanderbrasil.com.br/catalogo/anilhas-bumper-pretas-a039/
1004740,A041,Anilhas de Competição,-,Acessórios - Série A,Preço por kg (USD),https://commanderbrasil.com.br/wp-content/uploads/2025/12/A041-bgbranco-v2.webp,https://commanderbrasil.com.br/wp-content/uploads/2025/12/A041-bgbranco-v2.webp | https://commanderbrasil.com.br/wp-content/uploads/2025/12/A041-ambientada-v2.webp,https://commanderbrasil.com.br/catalogo/anilhas-de-competicao-a041/
1004731,A032,Anilhas Ling,-,Acessórios - Série A,Preço por kg (USD),https://commanderbrasil.com.br/wp-content/uploads/2025/12/A032-bgbranco-v2.webp,https://commanderbrasil.com.br/wp-content/uploads/2025/12/A032-bgbranco-v2.webp,https://commanderbrasil.com.br/catalogo/anilhas-ling-a032/
1004732,A033,Anilhas Ling Modelo 2,-,Acessórios - Série A,Preço por kg (USD),https://commanderbrasil.com.br/wp-content/uploads/2025/12/A033-bgbranco-v2.webp,https://commanderbrasil.com.br/wp-content/uploads/2025/12/A033-bgbranco-v2.webp | https://commanderbrasil.com.br/wp-content/uploads/2025/12/A033-ambientada-v2.webp,https://commanderbrasil.com.br/catalogo/anilhas-ling-modelo-a033/
1004733,A034,Anilhas Ling Modelo 3,-,Acessórios - Série A,Preço por kg (USD),https://commanderbrasil.com.br/wp-content/uploads/2025/12/A034-bgbranco-v2.webp,https://commanderbrasil.com.br/wp-content/uploads/2025/12/A034-bgbranco-v2.webp,https://commanderbrasil.com.br/catalogo/anilhas-ling-modelo-a034/
1004737,A038,Anilhas Ling Modelo 4,-,Acessórios - Série A,Preço por kg (USD),https://commanderbrasil.com.br/wp-content/uploads/2025/12/A038-bgbranco-v2.webp,https://commanderbrasil.com.br/wp-content/uploads/2025/12/A038-bgbranco-v2.webp | https://commanderbrasil.com.br/wp-content/uploads/2025/12/A038-ambientada-v2.webp,https://commanderbrasil.com.br/catalogo/anilhas-ling-modelo-a038/
1004748,A049,Anilhas PU,-,Acessórios - Série A,Preço por kg (USD),https://commanderbrasil.com.br/wp-content/uploads/2025/12/A049-bgbranco-v2.webp,https://commanderbrasil.com.br/wp-content/uploads/2025/12/A049-bgbranco-v2.webp,https://commanderbrasil.com.br/catalogo/anilhas-pu-a049/
1004708,A009,Anilhas PU Capitão América,-,Acessórios - Série A,Preço por kg (USD),https://commanderbrasil.com.br/wp-content/uploads/2025/12/A009-bgbranco-v2.webp,https://commanderbrasil.com.br/wp-content/uploads/2025/12/A009-bgbranco-v2.webp,https://commanderbrasil.com.br/catalogo/anilhas-pu-capitao-america-a009/
1004710,A011,Anilhas PU Coloridas,-,Acessórios - Série A,Preço por kg (USD),https://commanderbrasil.com.br/wp-content/uploads/2025/12/A011-bgbranco-v2.webp,https://commanderbrasil.com.br/wp-content/uploads/2025/12/A011-bgbranco-v2.webp,https://commanderbrasil.com.br/catalogo/anilhas-pu-coloridas-a011/
1004714,A015,Anilhas PU Life Fitness,-,Acessórios - Série A,Preço por kg (USD),https://commanderbrasil.com.br/wp-content/uploads/2025/12/A015-bgbranco-v2.webp,https://commanderbrasil.com.br/wp-content/uploads/2025/12/A015-bgbranco-v2.webp | https://commanderbrasil.com.br/wp-content/uploads/2025/12/A015-ambientada-v2.webp,https://commanderbrasil.com.br/catalogo/anilhas-pu-life-fitness-a015/
1004709,A010,Anilhas PU Pretas,-,Acessórios - Série A,Preço por kg (USD),https://commanderbrasil.com.br/wp-content/uploads/2025/12/A010-bgbranco-v2.webp,https://commanderbrasil.com.br/wp-content/uploads/2025/12/A010-bgbranco-v2.webp,https://commanderbrasil.com.br/catalogo/anilhas-pu-pretas-a010/
1004750,A051,Anilhas PU Rogue,-,Acessórios - Série A,Preço por kg (USD),https://commanderbrasil.com.br/wp-content/uploads/2025/12/A051-bgbranco-v2.webp,https://commanderbrasil.com.br/wp-content/uploads/2025/12/A051-bgbranco-v2.webp | https://commanderbrasil.com.br/wp-content/uploads/2025/12/A051-ambientada-v2.webp,https://commanderbrasil.com.br/catalogo/anilhas-pu-rogue-a051/
1004751,A052,Anilhas PU Rogue (LB),-,Acessórios - Série A,Preço por kg (USD),https://commanderbrasil.com.br/wp-content/uploads/2025/12/A052-bgbranco-v2.webp,https://commanderbrasil.com.br/wp-content/uploads/2025/12/A052-bgbranco-v2.webp | https://commanderbrasil.com.br/wp-content/uploads/2025/12/A052-ambientada-v2.webp,https://commanderbrasil.com.br/catalogo/anilhas-pu-rogue-lb-a052/
1004724,A025,Anilhas PU Technogym,-,Acessórios - Série A,Preço por kg (USD),https://commanderbrasil.com.br/wp-content/uploads/2025/12/A025-bgbranco-v2.webp,https://commanderbrasil.com.br/wp-content/uploads/2025/12/A025-bgbranco-v2.webp,https://commanderbrasil.com.br/catalogo/anilhas-pu-technogym-a025/
1004735,A036,Anilhas Quatro Furos Revestidas de Borracha,-,Acessórios - Série A,Preço por kg (USD),https://commanderbrasil.com.br/wp-content/uploads/2025/12/A036-bgbranco-v2.webp,https://commanderbrasil.com.br/wp-content/uploads/2025/12/A036-bgbranco-v2.webp,https://commanderbrasil.com.br/catalogo/anilhas-quatro-furos-revestidas-de-borracha-a036/
1004734,A035,Anilhas Quatro Furos Tieniu,-,Acessórios - Série A,Preço por kg (USD),https://commanderbrasil.com.br/wp-content/uploads/2025/12/A035-bgbranco-v2.webp,https://commanderbrasil.com.br/wp-content/uploads/2025/12/A035-bgbranco-v2.webp,https://commanderbrasil.com.br/catalogo/anilhas-quatro-furos-tieniu-a035/
1004776,A076,Anilhas Revestidas de Borracha,-,Acessórios - Série A,Preço por kg (USD),https://commanderbrasil.com.br/wp-content/uploads/2025/12/A076-bgbranco-v2.webp,https://commanderbrasil.com.br/wp-content/uploads/2025/12/A076-bgbranco-v2.webp | https://commanderbrasil.com.br/wp-content/uploads/2025/12/A076-ambientada-v2.webp,https://commanderbrasil.com.br/catalogo/anilhas-revestidas-de-borracha-a076/
1004777,A077,Anilhas Revestidas de Borracha Modelo 2,-,Acessórios - Série A,Preço por kg (USD),https://commanderbrasil.com.br/wp-content/uploads/2025/12/A077-bgbranco-v2.webp,https://commanderbrasil.com.br/wp-content/uploads/2025/12/A077-bgbranco-v2.webp | https://commanderbrasil.com.br/wp-content/uploads/2025/12/A077-ambientada-v2.webp,https://commanderbrasil.com.br/catalogo/anilhas-revestidas-de-borracha-modelo-a077/
1004741,A042,Anilhas Seis Furos Revestidas de Borracha,-,Acessórios - Série A,Preço por kg (USD),https://commanderbrasil.com.br/wp-content/uploads/2025/12/A042-bgbranco-v2.webp,https://commanderbrasil.com.br/wp-content/uploads/2025/12/A042-bgbranco-v2.webp,https://commanderbrasil.com.br/catalogo/anilhas-seis-furos-revestidas-de-borracha-a042/
1004726,A027,Anilhas Technogym Revestidas de Borracha,-,Acessórios - Série A,Preço por kg (USD),https://commanderbrasil.com.br/wp-content/uploads/2025/12/A027-bgbranco-v2.webp,https://commanderbrasil.com.br/wp-content/uploads/2025/12/A027-bgbranco-v2.webp,https://commanderbrasil.com.br/catalogo/anilhas-technogym-revestidas-de-borracha-a027/
1004749,A050,Anilhas TPU,-,Acessórios - Série A,Preço por kg (USD),https://commanderbrasil.com.br/wp-content/uploads/2025/12/A050-bgbranco-v2.webp,https://commanderbrasil.com.br/wp-content/uploads/2025/12/A050-bgbranco-v2.webp | https://commanderbrasil.com.br/wp-content/uploads/2025/12/A050-ambientada-v2.webp,https://commanderbrasil.com.br/catalogo/anilhas-tpu-a050/
1004715,A016,Anilhas TPU Life Fitness,-,Acessórios - Série A,Preço por kg (USD),https://commanderbrasil.com.br/wp-content/uploads/2025/12/A016-bgbranco-v2.webp,https://commanderbrasil.com.br/wp-content/uploads/2025/12/A016-bgbranco-v2.webp,https://commanderbrasil.com.br/catalogo/anilhas-tpu-life-fitness-a016/
1004702,A003,Anilhas Três Furos Filme Colorido,-,Acessórios - Série A,Preço por kg (USD),https://commanderbrasil.com.br/wp-content/uploads/2025/12/A003-bgbranco-v2.webp,https://commanderbrasil.com.br/wp-content/uploads/2025/12/A003-bgbranco-v2.webp | https://commanderbrasil.com.br/wp-content/uploads/2025/12/A003-ambientada-v2.webp,https://commanderbrasil.com.br/catalogo/anilhas-tres-furos-filme-colorido-a003/
1004711,A012,Anilhas Três Furos Flying Bell,-,Acessórios - Série A,Preço por kg (USD),https://commanderbrasil.com.br/wp-content/uploads/2025/12/A012-bgbranco-v2.webp,https://commanderbrasil.com.br/wp-content/uploads/2025/12/A012-bgbranco-v2.webp | https://commanderbrasil.com.br/wp-content/uploads/2025/12/A012-ambientada-v2.webp,https://commanderbrasil.com.br/catalogo/anilhas-tres-furos-flying-bell-a012/
1004701,A002,Anilhas Três Furos Revestidas de Borracha,-,Acessórios - Série A,Preço por kg (USD),https://commanderbrasil.com.br/wp-content/uploads/2025/12/A002-bgbranco-v2.webp,https://commanderbrasil.com.br/wp-content/uploads/2025/12/A002-bgbranco-v2.webp | https://commanderbrasil.com.br/wp-content/uploads/2025/12/A002-ambientada-v2.webp,https://commanderbrasil.com.br/catalogo/anilhas-tres-furos-revestidas-de-borracha-a002/
892,1206A,Antebraço,Outras Máquinas,,,,,https://commanderbrasil.com.br/catalogo/antebraco-1206a/
1009512,QHSJ230,Argola de Agilidade,Acessórios de Treino,Acessórios - QHSJ Agilidade,,https://commanderbrasil.com.br/wp-content/uploads/2025/12/QHSJ230-bgbranco.webp,https://commanderbrasil.com.br/wp-content/uploads/2025/12/QHSJ230-bgbranco.webp | https://commanderbrasil.com.br/wp-content/uploads/2025/12/QHSJ230-ambientada.webp,https://commanderbrasil.com.br/catalogo/agility-ring-qhsj230/
2796,D011,Argola de Levantamento ABS,Acessórios de Treino,Acessórios - Série D,Argola de Levantamento ABS - Código: D-011,https://commanderbrasil.com.br/wp-content/uploads/2025/12/D011-d-2.jpeg,https://commanderbrasil.com.br/wp-content/uploads/2025/12/D011-d-2.jpeg,https://commanderbrasil.com.br/catalogo/argola-de-levantamento-abs-d011/
1009368,QHSJ193,Argolas de Ginástica ABS,-,Acessórios - QHSJ Treino,,https://commanderbrasil.com.br/wp-content/uploads/2025/12/QH-SJ193-bgbranco.webp,https://commanderbrasil.com.br/wp-content/uploads/2025/12/QH-SJ193-bgbranco.webp | https://commanderbrasil.com.br/wp-content/uploads/2025/12/QH-SJ193-ambientadas.webp,https://commanderbrasil.com.br/catalogo/abs-gym-rings-qhsj193/
1009364,QHSJ192,Argolas de Ginástica Madeira,-,Acessórios - QHSJ Treino,,https://commanderbrasil.com.br/wp-content/uploads/2025/12/QH-SJ192-bgbranco.webp,https://commanderbrasil.com.br/wp-content/uploads/2025/12/QH-SJ192-bgbranco.webp | https://commanderbrasil.com.br/wp-content/uploads/2025/12/QH-SJ192-ambientadas.webp,https://commanderbrasil.com.br/catalogo/wooden-gym-rings-qhsj192/
2795,D010,Argolas Ginástica,Acessórios de Treino,Acessórios - Série D,Argolas de Ginástica - Código: D-010,https://commanderbrasil.com.br/wp-content/uploads/2025/12/D010-d-2.jpeg,https://commanderbrasil.com.br/wp-content/uploads/2025/12/D010-d-2.jpeg,https://commanderbrasil.com.br/catalogo/argolas-de-ginastica-d010/
1009596,QHSJ252,Armazenamento de Anilhas,-,Acessórios - QHSJ Racks,,https://commanderbrasil.com.br/wp-content/uploads/2025/12/QH-SJ252-bgbranco.webp,https://commanderbrasil.com.br/wp-content/uploads/2025/12/QH-SJ252-bgbranco.webp | https://commanderbrasil.com.br/wp-content/uploads/2025/12/QH-SJ252-ambientadas.webp,https://commanderbrasil.com.br/catalogo/weight-plate-storage-qhsj252/
1009592,QHSJ251,Árvore de Anilhas,-,Acessórios - QHSJ Racks,,https://commanderbrasil.com.br/wp-content/uploads/2025/12/QH-SJ251-bgbranco.webp,https://commanderbrasil.com.br/wp-content/uploads/2025/12/QH-SJ251-bgbranco.webp | https://commanderbrasil.com.br/wp-content/uploads/2025/12/QH-SJ251-ambientadas.webp,https://commanderbrasil.com.br/catalogo/plate-tree-qhsj251/
2961,F014,Ataduras Boxe,Acessórios de Treino,Acessórios - Série F,Ataduras de Boxe - Código: F-014,https://commanderbrasil.com.br/wp-content/uploads/2025/12/F014-f-1.jpeg,https://commanderbrasil.com.br/wp-content/uploads/2025/12/F014-f-1.jpeg,https://commanderbrasil.com.br/catalogo/ataduras-de-boxe-f014/
2687,C078,Baby Dolphin,Acessórios de Treino,Acessórios - Série C,Baby Dolphin - Código: C-078,https://commanderbrasil.com.br/wp-content/uploads/2025/12/C-078-c-2.jpeg,https://commanderbrasil.com.br/wp-content/uploads/2025/12/C-078-c-2.jpeg,https://commanderbrasil.com.br/catalogo/baby-dolphin-c078/
1541,LBE38,Balanço,Outros Cardio,Equipamentos - Série LB-E,,https://commanderbrasil.com.br/wp-content/uploads/2025/12/LB-E38-bgbranco-1.webp,https://commanderbrasil.com.br/wp-content/uploads/2025/12/LB-E38-bgbranco-1.webp | https://commanderbrasil.com.br/wp-content/uploads/2025/12/LB-E38-ambientadas-1.webp,https://commanderbrasil.com.br/catalogo/swing-lbe38/
1530,LBE28,Balanço,Outros Cardio,Equipamentos - Série LB-E,,https://commanderbrasil.com.br/wp-content/uploads/2025/12/LB-E28-bgbranco-1.webp,https://commanderbrasil.com.br/wp-content/uploads/2025/12/LB-E28-bgbranco-1.webp | https://commanderbrasil.com.br/wp-content/uploads/2025/12/LB-E28-ambientadas-1.webp,https://commanderbrasil.com.br/catalogo/swing-lbe28/
994,LBF20,Balanço de Pernas,Outras Anilhadas,Equipamentos - Série LB-F,,https://commanderbrasil.com.br/wp-content/uploads/2025/12/LB-F20-bgbranco-2.webp,https://commanderbrasil.com.br/wp-content/uploads/2025/12/LB-F20-bgbranco-2.webp | https://commanderbrasil.com.br/wp-content/uploads/2025/12/LB-F20-ambientadas-2.webp,https://commanderbrasil.com.br/catalogo/balanco-de-pernas-lbf20/
1304,SH84,Banco Abdominal,Outras Anilhadas,Equipamentos - Série SH,,https://commanderbrasil.com.br/wp-content/uploads/2025/12/SH84-bgbranco-2.webp,https://commanderbrasil.com.br/wp-content/uploads/2025/12/SH84-bgbranco-2.webp | https://commanderbrasil.com.br/wp-content/uploads/2025/12/SH84-ambientadas-2.webp,https://commanderbrasil.com.br/catalogo/banco-abdominal-sh84/
873,B1070,Banco Abdominal,Banco Abdominal,Equipamentos - Série B,,https://commanderbrasil.com.br/wp-content/uploads/2025/12/B1070-1-2.webp,https://commanderbrasil.com.br/wp-content/uploads/2025/12/B1070-1-2.webp | https://commanderbrasil.com.br/wp-content/uploads/2025/12/B1070-2-2.webp,https://commanderbrasil.com.br/catalogo/banco-abdominal-b1070/
1286,SH55,Banco Abdominal Ajustável,Outras Anilhadas,Equipamentos - Série SH,,https://commanderbrasil.com.br/wp-content/uploads/2025/12/SH55-bgbranco-2.webp,https://commanderbrasil.com.br/wp-content/uploads/2025/12/SH55-bgbranco-2.webp | https://commanderbrasil.com.br/wp-content/uploads/2025/12/SH55-ambientadas-2.webp,https://commanderbrasil.com.br/catalogo/banco-abdominal-regulavel-sh55/
1317,SH103,Banco Abdominal Ajustável,Outras Anilhadas,Equipamentos - Série SH,,https://commanderbrasil.com.br/wp-content/uploads/2025/12/SH103-bgbranco-2.webp,https://commanderbrasil.com.br/wp-content/uploads/2025/12/SH103-bgbranco-2.webp | https://commanderbrasil.com.br/wp-content/uploads/2025/12/SH103-ambientadas-2.webp,https://commanderbrasil.com.br/catalogo/banco-abdominal-regulavel-sh103/
1279,SH45,Banco Abdominal Ajustável,Outras Anilhadas,Equipamentos - Série SH,,https://commanderbrasil.com.br/wp-content/uploads/2025/12/SH45-bgbranco-2.webp,https://commanderbrasil.com.br/wp-content/uploads/2025/12/SH45-bgbranco-2.webp | https://commanderbrasil.com.br/wp-content/uploads/2025/12/SH45-ambientadas-2.webp,https://commanderbrasil.com.br/catalogo/banco-abdominal-regulavel-sh45/
1610,CBP046,Banco Abdominal Multifuncional,Outros Bancos,Equipamentos - Série CBP,,https://commanderbrasil.com.br/wp-content/uploads/2025/12/CBP046-bgbranco-bgbranco-1.webp,https://commanderbrasil.com.br/wp-content/uploads/2025/12/CBP046-bgbranco-bgbranco-1.webp | https://commanderbrasil.com.br/wp-content/uploads/2025/12/CBP046-ambientadas-ambientadas-1.webp,https://commanderbrasil.com.br/catalogo/banco-abdominal-multifuncional-cbp046/
1306,SH86,Banco Ajustável,Outras Anilhadas,Equipamentos - Série SH,,https://commanderbrasil.com.br/wp-content/uploads/2025/12/SH86-bgbranco-2.webp,https://commanderbrasil.com.br/wp-content/uploads/2025/12/SH86-bgbranco-2.webp | https://commanderbrasil.com.br/wp-content/uploads/2025/12/SH86-ambientadas-2.webp,https://commanderbrasil.com.br/catalogo/banco-regulavel-sh86/
895,1215,Banco Ajustável,Bancos Ajustáveis,,,,,https://commanderbrasil.com.br/catalogo/banco-ajustavel-1215/
3004,G004,Banco Ajustável,Bancos Ajustáveis,Acessórios - Série G,Banco Adjustable - Código: G-004,https://commanderbrasil.com.br/wp-content/uploads/2025/12/G004-g-1.png,https://commanderbrasil.com.br/wp-content/uploads/2025/12/G004-g-1.png,https://commanderbrasil.com.br/catalogo/banco-ajustavel-g004/
1276,SH40,Banco Ajustável,Outras Anilhadas,Equipamentos - Série SH,,https://commanderbrasil.com.br/wp-content/uploads/2025/12/SH40-bgbranco-2.webp,https://commanderbrasil.com.br/wp-content/uploads/2025/12/SH40-bgbranco-2.webp | https://commanderbrasil.com.br/wp-content/uploads/2025/12/SH40-ambientadas-2.webp,https://commanderbrasil.com.br/catalogo/banco-regulavel-sh40/
187,GM95,Banco de Peito Ajustável,Bancos Ajustáveis,Equipamentos - Série GM,,https://commanderbrasil.com.br/wp-content/uploads/2025/12/GM95-bgbranco-2.webp,https://commanderbrasil.com.br/wp-content/uploads/2025/12/GM95-bgbranco-2.webp | https://commanderbrasil.com.br/wp-content/uploads/2025/12/GM95-ambientadas-2.webp,https://commanderbrasil.com.br/catalogo/adjustable-chest-bench-gm95/
1599,CBP035,Banco De Rosca Em Pé,Outros Bancos,Equipamentos - Série CBP,,https://commanderbrasil.com.br/wp-content/uploads/2025/12/CBP035-bgbranco-bgbranco-1.webp,https://commanderbrasil.com.br/wp-content/uploads/2025/12/CBP035-bgbranco-bgbranco-1.webp | https://commanderbrasil.com.br/wp-content/uploads/2025/12/CBP035-ambientadas-ambientadas-1.webp,https://commanderbrasil.com.br/catalogo/banco-de-rosca-em-pe-cbp035/
1598,CBP034,Banco De Rosca Em Pé Ajustável,Outros Bancos,Equipamentos - Série CBP,,https://commanderbrasil.com.br/wp-content/uploads/2025/12/CBP034-bgbranco-bgbranco-1.webp,https://commanderbrasil.com.br/wp-content/uploads/2025/12/CBP034-bgbranco-bgbranco-1.webp | https://commanderbrasil.com.br/wp-content/uploads/2025/12/CBP034-ambientadas-ambientadas-1.webp,https://commanderbrasil.com.br/catalogo/banco-de-rosca-em-pe-ajustavel-cbp034/
1595,CBP031,Banco De Tríceps,Outros Bancos,Equipamentos - Série CBP,,https://commanderbrasil.com.br/wp-content/uploads/2025/12/CBP031-bgbranco-bgbranco-1.webp,https://commanderbrasil.com.br/wp-content/uploads/2025/12/CBP031-bgbranco-bgbranco-1.webp | https://commanderbrasil.com.br/wp-content/uploads/2025/12/CBP031-ambientadas-ambientadas-1.webp,https://commanderbrasil.com.br/catalogo/banco-de-triceps-cbp031/
850,B1037,Banco Declinado,Bancos Declinados,Equipamentos - Série B,,https://commanderbrasil.com.br/wp-content/uploads/2025/12/B1037-1-2.webp,https://commanderbrasil.com.br/wp-content/uploads/2025/12/B1037-1-2.webp | https://commanderbrasil.com.br/wp-content/uploads/2025/12/B1037-2-2.webp,https://commanderbrasil.com.br/catalogo/banco-declinavel-b1037/
166,GM32,Banco Declinado,Bancos Declinados,Equipamentos - Série GM,,https://commanderbrasil.com.br/wp-content/uploads/2025/12/GM32-bgbranco-2.webp,https://commanderbrasil.com.br/wp-content/uploads/2025/12/GM32-bgbranco-2.webp | https://commanderbrasil.com.br/wp-content/uploads/2025/12/GM32-ambientadas-2.webp,https://commanderbrasil.com.br/catalogo/banco-declinavel-gm32/
1472,LB655,Banco Declinado,Bancos Declinados,Equipamentos - Série LB,,https://commanderbrasil.com.br/wp-content/uploads/2025/12/LB655-bgbranco-2.webp,https://commanderbrasil.com.br/wp-content/uploads/2025/12/LB655-bgbranco-2.webp | https://commanderbrasil.com.br/wp-content/uploads/2025/12/LB655-ambientadas-2.webp,https://commanderbrasil.com.br/catalogo/banco-declinavel-lb655/
1300,SH73,Banco Declinado Olímpico,Outras Anilhadas,Equipamentos - Série SH,,https://commanderbrasil.com.br/wp-content/uploads/2025/12/SH73-bgbranco-2.webp,https://commanderbrasil.com.br/wp-content/uploads/2025/12/SH73-bgbranco-2.webp | https://commanderbrasil.com.br/wp-content/uploads/2025/12/SH73-ambientadas-2.webp,https://commanderbrasil.com.br/catalogo/banco-declinado-olimpico-sh73/
1307,SH88,Banco Extensor De Lombar,Outras Anilhadas,Equipamentos - Série SH,,https://commanderbrasil.com.br/wp-content/uploads/2025/12/SH88-bgbranco-2.webp,https://commanderbrasil.com.br/wp-content/uploads/2025/12/SH88-bgbranco-2.webp | https://commanderbrasil.com.br/wp-content/uploads/2025/12/SH88-ambientadas-2.webp,https://commanderbrasil.com.br/catalogo/banco-extensor-de-lombar-sh88/
1284,SH51,Banco Inclinado 75°,Outras Anilhadas,Equipamentos - Série SH,,https://commanderbrasil.com.br/wp-content/uploads/2025/12/SH51-bgbranco-2.webp,https://commanderbrasil.com.br/wp-content/uploads/2025/12/SH51-bgbranco-2.webp | https://commanderbrasil.com.br/wp-content/uploads/2025/12/SH51-ambientadas-2.webp,https://commanderbrasil.com.br/catalogo/banco-inclinado5-sh51/
1278,SH42,Banco Inclinado Olímpico,Outras Anilhadas,Equipamentos - Série SH,,https://commanderbrasil.com.br/wp-content/uploads/2025/12/SH42-bgbranco-2.webp,https://commanderbrasil.com.br/wp-content/uploads/2025/12/SH42-bgbranco-2.webp | https://commanderbrasil.com.br/wp-content/uploads/2025/12/SH42-ambientadas-2.webp,https://commanderbrasil.com.br/catalogo/banco-inclinado-olimpico-sh42/
851,B1038,Banco Inclinável Ajustável,Bancos Ajustáveis,Equipamentos - Série B,,https://commanderbrasil.com.br/wp-content/uploads/2025/12/B1038-1-2.webp,https://commanderbrasil.com.br/wp-content/uploads/2025/12/B1038-1-2.webp | https://commanderbrasil.com.br/wp-content/uploads/2025/12/B1038-2-2.webp,https://commanderbrasil.com.br/catalogo/banco-inclinavel-b1038/
1382,GM31,Banco Inclinável Ajustável,Bancos Ajustáveis,Equipamentos - Série GM,,https://commanderbrasil.com.br/wp-content/uploads/2025/12/GM31-bgbranco-2.webp,https://commanderbrasil.com.br/wp-content/uploads/2025/12/GM31-bgbranco-2.webp | https://commanderbrasil.com.br/wp-content/uploads/2025/12/GM31-ambientadas-2.webp,https://commanderbrasil.com.br/catalogo/banco-inclinavel-gm31/
1395,GM100,Banco Inclinável Ajustável,Bancos Ajustáveis,Equipamentos - Série GM,,https://commanderbrasil.com.br/wp-content/uploads/2025/12/GM100-bgbranco-1.webp,https://commanderbrasil.com.br/wp-content/uploads/2025/12/GM100-bgbranco-1.webp,https://commanderbrasil.com.br/catalogo/banco-inclinavel-gm100/
1251,SH10,Banco Militar Olímpico,Outras Anilhadas,Equipamentos - Série SH,,https://commanderbrasil.com.br/wp-content/uploads/2025/12/SH10-bgbranco-2.webp,https://commanderbrasil.com.br/wp-content/uploads/2025/12/SH10-bgbranco-2.webp | https://commanderbrasil.com.br/wp-content/uploads/2025/12/SH10-ambientadas-2.webp,https://commanderbrasil.com.br/catalogo/banco-militar-olimpico-sh10/
1600,CBP036,Banco Multi Movimento,Outros Bancos,Equipamentos - Série CBP,,https://commanderbrasil.com.br/wp-content/uploads/2025/12/CBP036-bgbranco-bgbranco-1.webp,https://commanderbrasil.com.br/wp-content/uploads/2025/12/CBP036-bgbranco-bgbranco-1.webp | https://commanderbrasil.com.br/wp-content/uploads/2025/12/CBP036-ambientadas-ambientadas-1.webp,https://commanderbrasil.com.br/catalogo/banco-multi-movimento-cbp036/
247121,LB652,Banco Multi Posições,Bancos Ajustáveis,Equipamentos - Série LB,,https://commanderbrasil.com.br/wp-content/uploads/2025/12/LB-F20-cmd-lb-f-series-1-1.png,https://commanderbrasil.com.br/wp-content/uploads/2025/12/LB652-bgbranco-1.webp | https://commanderbrasil.com.br/wp-content/uploads/2025/12/LB652-ambientadas-1.webp,https://commanderbrasil.com.br/catalogo/banco-multi-posicoes-lb652/
852,B1039,Banco Multi-Posições,Bancos Ajustáveis,Equipamentos - Série B,,https://commanderbrasil.com.br/wp-content/uploads/2025/12/B1039-1-2.webp,https://commanderbrasil.com.br/wp-content/uploads/2025/12/B1039-1-2.webp | https://commanderbrasil.com.br/wp-content/uploads/2025/12/B1039-2-2.webp,https://commanderbrasil.com.br/catalogo/banco-multi-posicoes-b1039/
167,GM33,Banco Multi-Posições,Bancos Ajustáveis,Equipamentos - Série GM,,https://commanderbrasil.com.br/wp-content/uploads/2025/12/GM33-bgbranco-2.webp,https://commanderbrasil.com.br/wp-content/uploads/2025/12/GM33-bgbranco-2.webp | https://commanderbrasil.com.br/wp-content/uploads/2025/12/GM33-ambientadas-2.webp,https://commanderbrasil.com.br/catalogo/banco-multi-posicoes-gm33/
1467,LB650,Banco Multi-Posições,Bancos Ajustáveis,Equipamentos - Série LB,,https://commanderbrasil.com.br/wp-content/uploads/2025/12/LB650-bgbranco-2.webp,https://commanderbrasil.com.br/wp-content/uploads/2025/12/LB650-bgbranco-2.webp | https://commanderbrasil.com.br/wp-content/uploads/2025/12/LB650-3-2.webp,https://commanderbrasil.com.br/catalogo/banco-multi-posicoes-lb650/
1470,LB653,Banco Multi-Posições,Bancos Ajustáveis,Equipamentos - Série LB,,https://commanderbrasil.com.br/wp-content/uploads/2025/12/LB653-bgbranco-2.webp,https://commanderbrasil.com.br/wp-content/uploads/2025/12/LB653-bgbranco-2.webp | https://commanderbrasil.com.br/wp-content/uploads/2025/12/LB653-ambientadas-2.webp,https://commanderbrasil.com.br/catalogo/banco-multi-posicoes-lb653/
1280,SH46,Banco Multifuncional,Outras Anilhadas,Equipamentos - Série SH,,https://commanderbrasil.com.br/wp-content/uploads/2025/12/SH46-bgbranco-2.webp,https://commanderbrasil.com.br/wp-content/uploads/2025/12/SH46-bgbranco-2.webp | https://commanderbrasil.com.br/wp-content/uploads/2025/12/SH46-ambientadas-2.webp,https://commanderbrasil.com.br/catalogo/banco-multifuncional-sh46/
1590,CBP026,Banco Olímpico De Ombros,Outros Bancos,Equipamentos - Série CBP,,https://commanderbrasil.com.br/wp-content/uploads/2025/12/CBP026-bgbranco-bgbranco-1.webp,https://commanderbrasil.com.br/wp-content/uploads/2025/12/CBP026-bgbranco-bgbranco-1.webp | https://commanderbrasil.com.br/wp-content/uploads/2025/12/CBP026-ambientadas-ambientadas-1.webp,https://commanderbrasil.com.br/catalogo/banco-olimpico-de-ombros-cbp026/
1589,CBP025,Banco Olímpico De Ombros Super,Outros Bancos,Equipamentos - Série CBP,,https://commanderbrasil.com.br/wp-content/uploads/2025/12/CBP025-bgbranco-bgbranco-1.webp,https://commanderbrasil.com.br/wp-content/uploads/2025/12/CBP025-bgbranco-bgbranco-1.webp | https://commanderbrasil.com.br/wp-content/uploads/2025/12/CBP025-ambientadas-ambientadas-1.webp,https://commanderbrasil.com.br/catalogo/banco-olimpico-de-ombros-super-cbp025/
857,B1046,Banco Olímpico Desenvolvimento de Ombros,Bancos Olímpicos,Equipamentos - Série B,,https://commanderbrasil.com.br/wp-content/uploads/2025/12/B1046-1-2.webp,https://commanderbrasil.com.br/wp-content/uploads/2025/12/B1046-1-2.webp,https://commanderbrasil.com.br/catalogo/banco-olimpico-desenvolvimento-ombros-b1046/
1587,CBP023,Banco Olímpico Inclinado,Outros Bancos,Equipamentos - Série CBP,,https://commanderbrasil.com.br/wp-content/uploads/2025/12/CBP023-bgbranco-bgbranco-1.webp,https://commanderbrasil.com.br/wp-content/uploads/2025/12/CBP023-bgbranco-bgbranco-1.webp | https://commanderbrasil.com.br/wp-content/uploads/2025/12/CBP023-ambientadas-ambientadas-1.webp,https://commanderbrasil.com.br/catalogo/banco-olimpico-inclinado-cbp023/
1586,CBP022,Banco Olímpico Inclinado Super,Outros Bancos,Equipamentos - Série CBP,,https://commanderbrasil.com.br/wp-content/uploads/2025/12/CBP022-bgbranco-bgbranco-1.webp,https://commanderbrasil.com.br/wp-content/uploads/2025/12/CBP022-bgbranco-bgbranco-1.webp | https://commanderbrasil.com.br/wp-content/uploads/2025/12/CBP022-ambientadas-ambientadas-1.webp,https://commanderbrasil.com.br/catalogo/banco-olimpico-inclinado-super-cbp022/
1588,CBP024,Banco Olímpico Multiuso,Outros Bancos,Equipamentos - Série CBP,,https://commanderbrasil.com.br/wp-content/uploads/2025/12/CBP024-bgbranco-bgbranco-1.webp,https://commanderbrasil.com.br/wp-content/uploads/2025/12/CBP024-bgbranco-bgbranco-1.webp | https://commanderbrasil.com.br/wp-content/uploads/2025/12/CBP024-ambientadas-ambientadas-1.webp,https://commanderbrasil.com.br/catalogo/banco-olimpico-multiuso-cbp024/
1585,CBP021,Banco Olímpico Reto,Outros Bancos,Equipamentos - Série CBP,,https://commanderbrasil.com.br/wp-content/uploads/2025/12/CBP021-bgbranco-bgbranco-1.webp,https://commanderbrasil.com.br/wp-content/uploads/2025/12/CBP021-bgbranco-bgbranco-1.webp | https://commanderbrasil.com.br/wp-content/uploads/2025/12/CBP021-ambientadas-ambientadas-1.webp,https://commanderbrasil.com.br/catalogo/banco-olimpico-reto-cbp021/
1584,CBP020,Banco Olímpico Reto Super,Outros Bancos,Equipamentos - Série CBP,,https://commanderbrasil.com.br/wp-content/uploads/2025/12/CBP020-bgbranco-bgbranco-1.webp,https://commanderbrasil.com.br/wp-content/uploads/2025/12/CBP020-bgbranco-bgbranco-1.webp | https://commanderbrasil.com.br/wp-content/uploads/2025/12/CBP020-ambientadas-ambientadas-1.webp,https://commanderbrasil.com.br/catalogo/banco-olimpico-reto-super-cbp020/
1404,GM117,Banco Olímpico Supino Ajustável,Bancos Ajustáveis,Equipamentos - Série GM,,https://commanderbrasil.com.br/wp-content/uploads/2025/12/GM117-bgbranco-2.webp,https://commanderbrasil.com.br/wp-content/uploads/2025/12/GM117-bgbranco-2.webp | https://commanderbrasil.com.br/wp-content/uploads/2025/12/GM117-ambientadas-2.webp,https://commanderbrasil.com.br/catalogo/banco-olimpico-supino-ajustavel-gm117/
853,B1041,Banco Olímpico Supino Declinado,Bancos Ajustáveis,Equipamentos - Série B,,https://commanderbrasil.com.br/wp-content/uploads/2025/12/B1041-bgbranco-1.webp,https://commanderbrasil.com.br/wp-content/uploads/2025/12/B1041-bgbranco-1.webp,https://commanderbrasil.com.br/catalogo/banco-olimpico-supino-declinado-b1041/
170,GM36,Banco Olímpico Supino Declinado,Bancos Declinados,Equipamentos - Série GM,,https://commanderbrasil.com.br/wp-content/uploads/2025/12/GM36-bgbranco-2.webp,https://commanderbrasil.com.br/wp-content/uploads/2025/12/GM36-bgbranco-2.webp | https://commanderbrasil.com.br/wp-content/uploads/2025/12/GM36-ambientadas-2.webp,https://commanderbrasil.com.br/catalogo/banco-olimpico-supino-declinado-gm36/
1463,LB646,Banco Olímpico Supino Declinado,Bancos Declinados,Equipamentos - Série LB,,https://commanderbrasil.com.br/wp-content/uploads/2025/12/LB646-bgbranco-2.webp,https://commanderbrasil.com.br/wp-content/uploads/2025/12/LB646-bgbranco-2.webp | https://commanderbrasil.com.br/wp-content/uploads/2025/12/LB646-3-2.webp,https://commanderbrasil.com.br/catalogo/banco-olimpico-supino-declinado-lb646/
854,B1042,Banco Olímpico Supino Inclinado,Bancos Inclinados,Equipamentos - Série B,,https://commanderbrasil.com.br/wp-content/uploads/2025/12/B1042-1-2.webp,https://commanderbrasil.com.br/wp-content/uploads/2025/12/B1042-1-2.webp,https://commanderbrasil.com.br/catalogo/banco-olimpico-supino-inclinado-b1042/
1403,GM116,Banco Olímpico Supino Inclinado,Bancos Inclinados,Equipamentos - Série GM,,https://commanderbrasil.com.br/wp-content/uploads/2025/12/GM116-bgbranco-2.webp,https://commanderbrasil.com.br/wp-content/uploads/2025/12/GM116-bgbranco-2.webp | https://commanderbrasil.com.br/wp-content/uploads/2025/12/GM116-ambientadas-2.webp,https://commanderbrasil.com.br/catalogo/banco-olimpico-supino-inclinado-gm116/
169,GM35,Banco Olímpico Supino Inclinado,Bancos Inclinados,Equipamentos - Série GM,,https://commanderbrasil.com.br/wp-content/uploads/2025/12/GM35-bgbranco-2.webp,https://commanderbrasil.com.br/wp-content/uploads/2025/12/GM35-bgbranco-2.webp | https://commanderbrasil.com.br/wp-content/uploads/2025/12/GM35-ambientadas-2.webp,https://commanderbrasil.com.br/catalogo/banco-olimpico-supino-inclinado-gm35/
1461,LB644,Banco Olímpico Supino Inclinado,Bancos Inclinados,Equipamentos - Série LB,,https://commanderbrasil.com.br/wp-content/uploads/2025/12/LB644-bgbranco-2.webp,https://commanderbrasil.com.br/wp-content/uploads/2025/12/LB644-bgbranco-2.webp | https://commanderbrasil.com.br/wp-content/uploads/2025/12/LB644-3-2.webp,https://commanderbrasil.com.br/catalogo/banco-olimpico-supino-inclinado-lb644/
855,B1043,Banco Olímpico Supino Reto,Bancos Retos,Equipamentos - Série B,,https://commanderbrasil.com.br/wp-content/uploads/2025/12/B1043-1-2.webp,https://commanderbrasil.com.br/wp-content/uploads/2025/12/B1043-1-2.webp,https://commanderbrasil.com.br/catalogo/banco-olimpico-supino-reto-b1043/
1402,GM115,Banco Olímpico Supino Reto,Bancos Retos,Equipamentos - Série GM,,https://commanderbrasil.com.br/wp-content/uploads/2025/12/GM115-bgbranco-2.webp,https://commanderbrasil.com.br/wp-content/uploads/2025/12/GM115-bgbranco-2.webp | https://commanderbrasil.com.br/wp-content/uploads/2025/12/GM115-ambientadas-2.webp,https://commanderbrasil.com.br/catalogo/banco-olimpico-supino-reto-gm115/
168,GM34,Banco Olímpico Supino Reto,Bancos Retos,Equipamentos - Série GM,,https://commanderbrasil.com.br/wp-content/uploads/2025/12/GM34-bgbranco-2.webp,https://commanderbrasil.com.br/wp-content/uploads/2025/12/GM34-bgbranco-2.webp | https://commanderbrasil.com.br/wp-content/uploads/2025/12/GM34-ambientadas-2.webp,https://commanderbrasil.com.br/catalogo/banco-olimpico-supino-reto-gm34/
1462,LB645,Banco Olímpico Supino Reto,Bancos Retos,Equipamentos - Série LB,,https://commanderbrasil.com.br/wp-content/uploads/2025/12/LB645-bgbranco-2.webp,https://commanderbrasil.com.br/wp-content/uploads/2025/12/LB645-bgbranco-2.webp | https://commanderbrasil.com.br/wp-content/uploads/2025/12/LB645-3-2.webp,https://commanderbrasil.com.br/catalogo/banco-olimpico-supino-reto-lb645/
3003,G003,Banco para Ombros,Outros Bancos,Acessórios - Série G,Banco para Ombros - Código: G-003,https://commanderbrasil.com.br/wp-content/uploads/2025/12/G003-g-1.jpeg,https://commanderbrasil.com.br/wp-content/uploads/2025/12/G003-g-1.jpeg,https://commanderbrasil.com.br/catalogo/banco-para-ombros-g003/
1696,CBP130,Banco para Remada Seal,Outros Bancos,Equipamentos - Série CBP,,https://commanderbrasil.com.br/wp-content/uploads/2025/12/CBP130-bgbranco-2.webp,https://commanderbrasil.com.br/wp-content/uploads/2025/12/CBP130-bgbranco-2.webp | https://commanderbrasil.com.br/wp-content/uploads/2025/12/CBP130-ambientadas-2.webp,https://commanderbrasil.com.br/catalogo/banco-para-remada-seal-row-cbp130/
3001,G001,Banco Plano,Outros Bancos,Acessórios - Série G,Banco Plano - Código: G-001,,,https://commanderbrasil.com.br/catalogo/banco-plano-g001/
1285,SH52,Banco Reto,Outras Anilhadas,Equipamentos - Série SH,,https://commanderbrasil.com.br/wp-content/uploads/2025/12/SH52-bgbranco-2.webp,https://commanderbrasil.com.br/wp-content/uploads/2025/12/SH52-bgbranco-2.webp | https://commanderbrasil.com.br/wp-content/uploads/2025/12/SH52-ambientadas-2.webp,https://commanderbrasil.com.br/catalogo/banco-reto-sh52/
849,B1036,Banco Reto,Bancos Retos,Equipamentos - Série B,,https://commanderbrasil.com.br/wp-content/uploads/2025/12/B1036-1-2.webp,https://commanderbrasil.com.br/wp-content/uploads/2025/12/B1036-1-2.webp | https://commanderbrasil.com.br/wp-content/uploads/2025/12/B1036-2-2.webp,https://commanderbrasil.com.br/catalogo/banco-reto-b1036/
1392,GM81,Banco Reto,Bancos Retos,Equipamentos - Série GM,,https://commanderbrasil.com.br/wp-content/uploads/2025/12/GM81-bgbranco-2.webp,https://commanderbrasil.com.br/wp-content/uploads/2025/12/GM81-bgbranco-2.webp | https://commanderbrasil.com.br/wp-content/uploads/2025/12/GM81-ambientadas-2.webp,https://commanderbrasil.com.br/catalogo/banco-reto-gm81/
172,GM38,Banco Reto,Bancos Retos,Equipamentos - Série GM,,https://commanderbrasil.com.br/wp-content/uploads/2025/12/GM38-bgbranco-2.webp,https://commanderbrasil.com.br/wp-content/uploads/2025/12/GM38-bgbranco-2.webp | https://commanderbrasil.com.br/wp-content/uploads/2025/12/GM38-ambientadas-2.webp,https://commanderbrasil.com.br/catalogo/banco-reto-gm38/
1468,LB651,Banco Reto,Bancos Retos,Equipamentos - Série LB,,https://commanderbrasil.com.br/wp-content/uploads/2025/12/LB651-bgbranco-2.webp,https://commanderbrasil.com.br/wp-content/uploads/2025/12/LB651-bgbranco-2.webp | https://commanderbrasil.com.br/wp-content/uploads/2025/12/LB651-ambientadas-2.webp,https://commanderbrasil.com.br/catalogo/flat-bench-lb651/
1271,SH34,Banco Reto,Outras Anilhadas,Equipamentos - Série SH,,https://commanderbrasil.com.br/wp-content/uploads/2025/12/SH34-bgbranco-2.webp,https://commanderbrasil.com.br/wp-content/uploads/2025/12/SH34-bgbranco-2.webp | https://commanderbrasil.com.br/wp-content/uploads/2025/12/SH34-ambientadas-2.webp,https://commanderbrasil.com.br/catalogo/banco-reto-sh34/
1464,LB647,Banco Reto Supino,Bancos Retos,Equipamentos - Série LB,,https://commanderbrasil.com.br/wp-content/uploads/2025/12/LB647-bgbranco-2.webp,https://commanderbrasil.com.br/wp-content/uploads/2025/12/LB647-bgbranco-2.webp | https://commanderbrasil.com.br/wp-content/uploads/2025/12/LB647-3-2.webp,https://commanderbrasil.com.br/catalogo/supino-reto-lb647/
1267,SH28,Banco Reto Supino ISO-Lateral,Supino,Equipamentos - Série SH,,https://commanderbrasil.com.br/wp-content/uploads/2025/12/SH28-bgbranco-2.webp,https://commanderbrasil.com.br/wp-content/uploads/2025/12/SH28-bgbranco-2.webp | https://commanderbrasil.com.br/wp-content/uploads/2025/12/SH28-ambientadas-2.webp,https://commanderbrasil.com.br/catalogo/supino-reto-iso-lateral-sh28/
829,B1008,Banco Reto Supino Máquina,Bancos Retos,Equipamentos - Série B,,https://commanderbrasil.com.br/wp-content/uploads/2025/12/B1008-1-1.webp,https://commanderbrasil.com.br/wp-content/uploads/2025/12/B1008-1-1.webp | https://commanderbrasil.com.br/wp-content/uploads/2025/12/B1008-2-1.webp,https://commanderbrasil.com.br/catalogo/supino-reto-maquina-b1008/
907,CMDFL04,Banco Reto Supino Máquina,Bancos Retos,Equipamentos - Série 360,,https://commanderbrasil.com.br/wp-content/uploads/2025/12/CMD-FL04-bgbranco-1.webp,https://commanderbrasil.com.br/wp-content/uploads/2025/12/CMD-FL04-bgbranco-1.webp | https://commanderbrasil.com.br/wp-content/uploads/2025/12/CMD-FL04-ambientadas-1.webp,https://commanderbrasil.com.br/catalogo/supino-reto-maquina-cmdfl04/
1383,GM60A,Banco Romano,Outros Bancos,Equipamentos - Série GM,,https://commanderbrasil.com.br/wp-content/uploads/2025/12/GM60A-bgbranco-2.webp,https://commanderbrasil.com.br/wp-content/uploads/2025/12/GM60A-bgbranco-2.webp | https://commanderbrasil.com.br/wp-content/uploads/2025/12/GM60A-ambientadas-2.webp,https://commanderbrasil.com.br/catalogo/banco-romano-gm60a/
1384,GM60B,Banco Romano,Outros Bancos,Equipamentos - Série GM,,https://commanderbrasil.com.br/wp-content/uploads/2025/12/GM60B-bgbranco-2.webp,https://commanderbrasil.com.br/wp-content/uploads/2025/12/GM60B-bgbranco-2.webp | https://commanderbrasil.com.br/wp-content/uploads/2025/12/GM60B-ambientadas-2.webp,https://commanderbrasil.com.br/catalogo/banco-romano-gm60b/
1004677,B1045,Banco Romano,Extensão de Costas,Equipamentos - Série B,,https://commanderbrasil.com.br/wp-content/uploads/2025/12/B1045-bgbranco.webp,https://commanderbrasil.com.br/wp-content/uploads/2025/12/B1045-bgbranco.webp,https://commanderbrasil.com.br/catalogo/banco-romano-b1045/
1471,LB654,Banco Romano,Outros Bancos,Equipamentos - Série LB,,https://commanderbrasil.com.br/wp-content/uploads/2025/12/LB654-bgbranco-2.webp,https://commanderbrasil.com.br/wp-content/uploads/2025/12/LB654-bgbranco-2.webp | https://commanderbrasil.com.br/wp-content/uploads/2025/12/LB654-ambientadas-2.webp,https://commanderbrasil.com.br/catalogo/banco-romano-lb654/
1386,GM70A,Banco Scott,Bancos Scott,Equipamentos - Série GM,,https://commanderbrasil.com.br/wp-content/uploads/2025/12/GM70A-bgbranco-2.webp,https://commanderbrasil.com.br/wp-content/uploads/2025/12/GM70A-bgbranco-2.webp | https://commanderbrasil.com.br/wp-content/uploads/2025/12/GM70A-ambientadas-2.webp,https://commanderbrasil.com.br/catalogo/banco-scott-gm70a/
1004676,B1044,Banco Scott,Bancos Scott,Equipamentos - Série B,,https://commanderbrasil.com.br/wp-content/uploads/2025/12/B1044-bgbranco.webp,https://commanderbrasil.com.br/wp-content/uploads/2025/12/B1044-bgbranco.webp,https://commanderbrasil.com.br/catalogo/banco-scott-b1044/
1259,SH20,Banco Scott (Bíceps),Bancos Ajustáveis,Equipamentos - Série SH,,https://commanderbrasil.com.br/wp-content/uploads/2025/12/SH20-bgbranco-2.webp,https://commanderbrasil.com.br/wp-content/uploads/2025/12/SH20-bgbranco-2.webp | https://commanderbrasil.com.br/wp-content/uploads/2025/12/SH20-ambientadas-2.webp,https://commanderbrasil.com.br/catalogo/banco-scott-biceps-sh20/
1694,CBP128,Banco Scott (para bíceps),Outros Bancos,Equipamentos - Série CBP,,https://commanderbrasil.com.br/wp-content/uploads/2025/12/CBP128-bgbranco-2.webp,https://commanderbrasil.com.br/wp-content/uploads/2025/12/CBP128-bgbranco-2.webp | https://commanderbrasil.com.br/wp-content/uploads/2025/12/CBP128-ambientadas-2.webp,https://commanderbrasil.com.br/catalogo/banco-scott-para-biceps-cbp128/
1570,CBP008,Banco Totalmente Ajustável,Outros Bancos,Equipamentos - Série CBP,,https://commanderbrasil.com.br/wp-content/uploads/2025/12/CBP008-bgbranco-2.webp,https://commanderbrasil.com.br/wp-content/uploads/2025/12/CBP008-bgbranco-2.webp | https://commanderbrasil.com.br/wp-content/uploads/2025/12/CBP008-ambientadas-2.webp,https://commanderbrasil.com.br/catalogo/banco-totalmente-ajustavel-cbp008/
1009552,QHSJ240,Bandagens de Boxe,-,Acessórios - QHSJ Agilidade,,https://commanderbrasil.com.br/wp-content/uploads/2025/12/QH-SJ240-bgbranco.webp,https://commanderbrasil.com.br/wp-content/uploads/2025/12/QH-SJ240-bgbranco.webp | https://commanderbrasil.com.br/wp-content/uploads/2025/12/QH-SJ240-ambientadas.webp,https://commanderbrasil.com.br/catalogo/boxing-hand-wraps-qhsj240/
297,VS16,Barra Assistida,Mergulho e Barra Assistida,Equipamentos - Série VS,,https://commanderbrasil.com.br/wp-content/uploads/2025/12/CMD-VS16-1.png,https://commanderbrasil.com.br/wp-content/uploads/2025/12/CMD-VS16-1.png | https://commanderbrasil.com.br/wp-content/uploads/2025/12/CMD-VS16-2.webp | https://commanderbrasil.com.br/wp-content/uploads/2025/12/CMD-VS16-1-1.webp,https://commanderbrasil.com.br/catalogo/barra-assistida-vs16/
830,B1009,Barra Assistida,Mergulho e Barra Assistida,Equipamentos - Série B,,https://commanderbrasil.com.br/wp-content/uploads/2025/12/B1009-1-1.webp,https://commanderbrasil.com.br/wp-content/uploads/2025/12/B1009-1-1.webp | https://commanderbrasil.com.br/wp-content/uploads/2025/12/B1009-2-1.webp,https://commanderbrasil.com.br/catalogo/barra-assistida-b1009/
1379,GM59,Barra Assistida,Mergulho e Barra Assistida,Equipamentos - Série GM,,https://commanderbrasil.com.br/wp-content/uploads/2025/12/GM59-bgbranco-2.webp,https://commanderbrasil.com.br/wp-content/uploads/2025/12/GM59-bgbranco-2.webp | https://commanderbrasil.com.br/wp-content/uploads/2025/12/GM59-ambientadas-2.webp,https://commanderbrasil.com.br/catalogo/barra-assistida-gm59/
1434,LB615,Barra Assistida,Mergulho e Barra Assistida,Equipamentos - Série LB,,https://commanderbrasil.com.br/wp-content/uploads/2025/12/LB615-bgbranco-2.webp,https://commanderbrasil.com.br/wp-content/uploads/2025/12/LB615-bgbranco-2.webp | https://commanderbrasil.com.br/wp-content/uploads/2025/12/LB615-2-2.webp,https://commanderbrasil.com.br/catalogo/barra-assistida-lb615/
1000141,LBF11,Barra Assistida,Outras Anilhadas,Equipamentos - Série LB-F,,https://commanderbrasil.com.br/wp-content/uploads/2025/12/LB-F11-bgbranco-2.webp,https://commanderbrasil.com.br/wp-content/uploads/2025/12/LB-F11-bgbranco-2.webp | https://commanderbrasil.com.br/wp-content/uploads/2025/12/LB-F11-ambientadas-2.webp,https://commanderbrasil.com.br/catalogo/barra-assistida-lbf11/
1009146,QHSJ92,Barra B29,-,Acessórios - QHSJ Barras,,https://commanderbrasil.com.br/wp-content/uploads/2025/12/QHSJ92-bgbranco.webp,https://commanderbrasil.com.br/wp-content/uploads/2025/12/QHSJ92-bgbranco.webp | https://commanderbrasil.com.br/wp-content/uploads/2025/12/QHSJ92-ambientada.webp,https://commanderbrasil.com.br/catalogo/b29-bar-qhsj92/
1009448,QHSJ214,Barra Corporal,-,Acessórios - QHSJ Treino,,https://commanderbrasil.com.br/wp-content/uploads/2025/12/QHSJ214-bgbranco.webp,https://commanderbrasil.com.br/wp-content/uploads/2025/12/QHSJ214-bgbranco.webp | https://commanderbrasil.com.br/wp-content/uploads/2025/12/QHSJ214-ambientada.webp,https://commanderbrasil.com.br/catalogo/body-bar-qhsj214/
2884,E007,Barra Corporal 2kg,Acessórios de Treino,Acessórios - Série E,Barra Corporal 2kg - Código: E-007,https://commanderbrasil.com.br/wp-content/uploads/2025/12/E007-e-2.jpeg,https://commanderbrasil.com.br/wp-content/uploads/2025/12/E007-e-2.jpeg,https://commanderbrasil.com.br/catalogo/barra-corporalkg-e007/
1008857,QHSJ05,Barra Curva Pequena,-,Acessórios - QHSJ Pesos,,https://commanderbrasil.com.br/wp-content/uploads/2025/12/QH-SJ05-bgbranco.webp,https://commanderbrasil.com.br/wp-content/uploads/2025/12/QH-SJ05-bgbranco.webp | https://commanderbrasil.com.br/wp-content/uploads/2025/12/QH-SJ05-ambientadas.webp,https://commanderbrasil.com.br/catalogo/curved-bar-small-barbell-qhsj05/
1004704,A005,Barra Curva Pequena Fixa,-,Acessórios - Série A,Preço por kg (USD),https://commanderbrasil.com.br/wp-content/uploads/2025/12/A005-bgbranco-v2.webp,https://commanderbrasil.com.br/wp-content/uploads/2025/12/A005-bgbranco-v2.webp | https://commanderbrasil.com.br/wp-content/uploads/2025/12/A005-ambientada-v2.webp,https://commanderbrasil.com.br/catalogo/barra-curva-pequena-fixa-a005/
1004706,A007,Barra Curva Pequena PU Capitão América,-,Acessórios - Série A,Preço por kg (USD),,,https://commanderbrasil.com.br/catalogo/barra-curva-pequena-pu-capitao-america-a007/
1008863,QHSJ07,Barra Curva PU Capitão América,-,Acessórios - QHSJ Pesos,,,,https://commanderbrasil.com.br/catalogo/pu-captain-america-curved-bar-barbell-qhsj07/
1009154,QHSJ94,Barra de Segurança para Agachamento,Máquinas de Agachamento,Acessórios - QHSJ Barras,,https://commanderbrasil.com.br/wp-content/uploads/2025/12/QHSJ94-bgbranco.webp,https://commanderbrasil.com.br/wp-content/uploads/2025/12/QHSJ94-bgbranco.webp | https://commanderbrasil.com.br/wp-content/uploads/2025/12/QHSJ94-ambientada.webp,https://commanderbrasil.com.br/catalogo/safety-squat-bar-qhsj94/
1606,CBP042,Barra Dorsal,Puxada Alta,Equipamentos - Série CBP,,https://commanderbrasil.com.br/wp-content/uploads/2025/12/CBP042-bgbranco-bgbranco-1.webp,https://commanderbrasil.com.br/wp-content/uploads/2025/12/CBP042-bgbranco-bgbranco-1.webp | https://commanderbrasil.com.br/wp-content/uploads/2025/12/CBP042-ambientadas-ambientadas-1.webp,https://commanderbrasil.com.br/catalogo/barra-dorsy-cbp042/
1607,CBP043,Barra Dorsal Super,Puxada Alta,Equipamentos - Série CBP,,https://commanderbrasil.com.br/wp-content/uploads/2025/12/CBP043-bgbranco-bgbranco-1.webp,https://commanderbrasil.com.br/wp-content/uploads/2025/12/CBP043-bgbranco-bgbranco-1.webp | https://commanderbrasil.com.br/wp-content/uploads/2025/12/CBP043-ambientadas-ambientadas-1.webp,https://commanderbrasil.com.br/catalogo/barra-dorsy-super-cbp043/
1008993,QHSJ43,Barra Fixa 12 Lados Borracha,-,Acessórios - QHSJ Pesos,,https://commanderbrasil.com.br/wp-content/uploads/2025/12/QH-SJ43-bgbranco.webp,https://commanderbrasil.com.br/wp-content/uploads/2025/12/QH-SJ43-bgbranco.webp | https://commanderbrasil.com.br/wp-content/uploads/2025/12/QH-SJ43-ambientadas.webp,https://commanderbrasil.com.br/catalogo/rubber-12-sided-fixed-barbell-qhsj43/
1004742,A043,Barra Fixa 12 Lados Revestida de Borracha,-,Acessórios - Série A,Preço por kg (USD),https://commanderbrasil.com.br/wp-content/uploads/2025/12/A043-bgbranco-v2.webp,https://commanderbrasil.com.br/wp-content/uploads/2025/12/A043-bgbranco-v2.webp,https://commanderbrasil.com.br/catalogo/barra-fixa-12-lados-revestida-de-borracha-a043/
1009099,QHSJ80,Barra Fixa Precor Borracha Curva,-,Acessórios - QHSJ Pesos,,https://commanderbrasil.com.br/wp-content/uploads/2025/12/QHSJ80-bgbranco.webp,https://commanderbrasil.com.br/wp-content/uploads/2025/12/QHSJ80-bgbranco.webp | https://commanderbrasil.com.br/wp-content/uploads/2025/12/QHSJ80-ambientada.webp,https://commanderbrasil.com.br/catalogo/precor-rubber-fixed-barbell-curved-qhsj80/
1009095,QHSJ79,Barra Fixa Precor Borracha Reta,-,Acessórios - QHSJ Pesos,,https://commanderbrasil.com.br/wp-content/uploads/2025/12/QHSJ79-bgbranco.webp,https://commanderbrasil.com.br/wp-content/uploads/2025/12/QHSJ79-bgbranco.webp | https://commanderbrasil.com.br/wp-content/uploads/2025/12/QHSJ79-ambientada.webp,https://commanderbrasil.com.br/catalogo/precor-rubber-fixed-barbell-straight-qhsj79/
1004779,A079,Barra Fixa Precor Revestida de Borracha,-,Acessórios - Série A,Preço por kg (USD),https://commanderbrasil.com.br/wp-content/uploads/2025/12/A079-bgbranco-v2.webp,https://commanderbrasil.com.br/wp-content/uploads/2025/12/A079-bgbranco-v2.webp,https://commanderbrasil.com.br/catalogo/barra-fixa-precor-revestida-de-borracha-a079/
1004780,A080,Barra Fixa Precor Revestida de Borracha Modelo 2,-,Acessórios - Série A,Preço por kg (USD),https://commanderbrasil.com.br/wp-content/uploads/2025/12/A080-bgbranco-v2.webp,https://commanderbrasil.com.br/wp-content/uploads/2025/12/A080-bgbranco-v2.webp | https://commanderbrasil.com.br/wp-content/uploads/2025/12/A080-ambientada-v2.webp,https://commanderbrasil.com.br/catalogo/barra-fixa-precor-revestida-de-borracha-modelo-a080/
1008901,QHSJ17,Barra Fixa PU,-,Acessórios - QHSJ Pesos,,https://commanderbrasil.com.br/wp-content/uploads/2025/12/QH-SJ17-bgbranco.webp,https://commanderbrasil.com.br/wp-content/uploads/2025/12/QH-SJ17-bgbranco.webp | https://commanderbrasil.com.br/wp-content/uploads/2025/12/QH-SJ17-ambientadas.webp,https://commanderbrasil.com.br/catalogo/pu-fixed-barbell-qhsj17/
1004716,A017,Barra Fixa PU,-,Acessórios - Série A,Preço por kg (USD),https://commanderbrasil.com.br/wp-content/uploads/2025/12/A017-bgbranco-v2.webp,https://commanderbrasil.com.br/wp-content/uploads/2025/12/A017-bgbranco-v2.webp | https://commanderbrasil.com.br/wp-content/uploads/2025/12/A017-ambientada-v2.webp,https://commanderbrasil.com.br/catalogo/barra-fixa-pu-a017/
1004752,A053,Barra Fixa PU Modelo 2,-,Acessórios - Série A,Preço por kg (USD),https://commanderbrasil.com.br/wp-content/uploads/2025/12/A053-bgbranco-v2.webp,https://commanderbrasil.com.br/wp-content/uploads/2025/12/A053-bgbranco-v2.webp,https://commanderbrasil.com.br/catalogo/barra-fixa-pu-modelo-a053/
1009150,QHSJ93,Barra Funcional Multi-Ângulo,Treinadores Funcionais,Acessórios - QHSJ Barras,,https://commanderbrasil.com.br/wp-content/uploads/2025/12/QHSJ93-bgbranco.webp,https://commanderbrasil.com.br/wp-content/uploads/2025/12/QHSJ93-bgbranco.webp | https://commanderbrasil.com.br/wp-content/uploads/2025/12/QHSJ93-ambientada.webp,https://commanderbrasil.com.br/catalogo/multi-angle-functional-bar-qhsj93/
1009134,QHSJ89,Barra Hex Treinamento,-,Acessórios - QHSJ Barras,,https://commanderbrasil.com.br/wp-content/uploads/2025/12/QHSJ89-bgbranco.webp,https://commanderbrasil.com.br/wp-content/uploads/2025/12/QHSJ89-bgbranco.webp | https://commanderbrasil.com.br/wp-content/uploads/2025/12/QHSJ89-ambientada.webp,https://commanderbrasil.com.br/catalogo/hex-bar-trainer-qhsj89/
1009011,QHSJ57,Barra Les Mills,-,Acessórios - QHSJ Pesos,,,,https://commanderbrasil.com.br/catalogo/les-mills-barbell-qhsj57/
1009009,QHSJ56,Barra Les Mills Borracha,-,Acessórios - QHSJ Pesos,,,,https://commanderbrasil.com.br/catalogo/les-mills-barbell-standard-rubber-qhsj56/
1009001,QHSJ54,Barra Les Mills PU,-,Acessórios - QHSJ Pesos,,https://commanderbrasil.com.br/wp-content/uploads/2025/12/QH-SJ54-bgbranco.webp,https://commanderbrasil.com.br/wp-content/uploads/2025/12/QH-SJ54-bgbranco.webp | https://commanderbrasil.com.br/wp-content/uploads/2025/12/QH-SJ54-ambientadas.webp,https://commanderbrasil.com.br/catalogo/les-mills-barbell-pu-qhsj54/
1009005,QHSJ55,Barra Les Mills PU Crocodilo,-,Acessórios - QHSJ Pesos,,https://commanderbrasil.com.br/wp-content/uploads/2025/12/QH-SJ55-bgbranco.webp,https://commanderbrasil.com.br/wp-content/uploads/2025/12/QH-SJ55-bgbranco.webp | https://commanderbrasil.com.br/wp-content/uploads/2025/12/QH-SJ55-ambientadas.webp,https://commanderbrasil.com.br/catalogo/pu-les-mills-barbell-crocodile-qhsj55/
1474,LB657,Barra Multi Posições,Outras Máquinas,Equipamentos - Série LB,,https://commanderbrasil.com.br/wp-content/uploads/2025/12/LB657-bgbranco-2.webp,https://commanderbrasil.com.br/wp-content/uploads/2025/12/LB657-bgbranco-2.webp | https://commanderbrasil.com.br/wp-content/uploads/2025/12/LB657-ambientadas-2.webp,https://commanderbrasil.com.br/catalogo/barra-multi-posicoes-lb657/
1009130,QHSJ88,Barra OB-20,-,Acessórios - QHSJ Barras,,https://commanderbrasil.com.br/wp-content/uploads/2025/12/QHSJ88-bgbranco.webp,https://commanderbrasil.com.br/wp-content/uploads/2025/12/QHSJ88-bgbranco.webp | https://commanderbrasil.com.br/wp-content/uploads/2025/12/QHSJ88-ambientada.webp,https://commanderbrasil.com.br/catalogo/ob0-qhsj88/
1009138,QHSJ90,Barra OB-34,-,Acessórios - QHSJ Barras,,https://commanderbrasil.com.br/wp-content/uploads/2025/12/QHSJ90-bgbranco.webp,https://commanderbrasil.com.br/wp-content/uploads/2025/12/QHSJ90-bgbranco.webp | https://commanderbrasil.com.br/wp-content/uploads/2025/12/QHSJ90-ambientada.webp,https://commanderbrasil.com.br/catalogo/ob4-qhsj90/
1009118,QHSJ85,Barra Olímpica Feminina Alumínio 1.8m,-,Acessórios - QHSJ Barras,,https://commanderbrasil.com.br/wp-content/uploads/2025/12/QHSJ85-bgbranco.webp,https://commanderbrasil.com.br/wp-content/uploads/2025/12/QHSJ85-bgbranco.webp | https://commanderbrasil.com.br/wp-content/uploads/2025/12/QHSJ85-ambientada.webp,https://commanderbrasil.com.br/catalogo/1-8m-womens-aluminum-bar-qhsj85/
1009103,QHSJ81,Barra Olímpica Masculina Cromada 1500lbs,-,Acessórios - QHSJ Barras,,https://commanderbrasil.com.br/wp-content/uploads/2025/12/QHSJ81-bgbranco.webp,https://commanderbrasil.com.br/wp-content/uploads/2025/12/QHSJ81-bgbranco.webp | https://commanderbrasil.com.br/wp-content/uploads/2025/12/QHSJ81-ambientada.webp,https://commanderbrasil.com.br/catalogo/1500lbs-hard-chrome-mens-bar-qhsj81/
1009114,QHSJ84,Barra Olímpica Masculina Cromada 500lbs,-,Acessórios - QHSJ Barras,,https://commanderbrasil.com.br/wp-content/uploads/2025/12/QHSJ84-bgbranco.webp,https://commanderbrasil.com.br/wp-content/uploads/2025/12/QHSJ84-bgbranco.webp | https://commanderbrasil.com.br/wp-content/uploads/2025/12/QHSJ84-ambientada.webp,https://commanderbrasil.com.br/catalogo/500lbs-chrome-mens-bar-qhsj84/
1009110,QHSJ83,Barra Olímpica Masculina Cromada 700lbs,-,Acessórios - QHSJ Barras,,https://commanderbrasil.com.br/wp-content/uploads/2025/12/QHSJ83-bgbranco.webp,https://commanderbrasil.com.br/wp-content/uploads/2025/12/QHSJ83-bgbranco.webp | https://commanderbrasil.com.br/wp-content/uploads/2025/12/QHSJ83-ambientada.webp,https://commanderbrasil.com.br/catalogo/700lbs-chrome-mens-bar-qhsj83/
1009107,QHSJ82,Barra Olímpica Masculina Preta 1000lbs,-,Acessórios - QHSJ Barras,,https://commanderbrasil.com.br/wp-content/uploads/2025/12/QHSJ82-bgbranco.webp,https://commanderbrasil.com.br/wp-content/uploads/2025/12/QHSJ82-bgbranco.webp,https://commanderbrasil.com.br/catalogo/1000lbs-black-chrome-mens-bar-qhsj82/
1653,CBP087,Barra para Levantamento Terra Frontal,Remadas,Equipamentos - Série CBP,,https://commanderbrasil.com.br/wp-content/uploads/2025/12/CBP087-bgbranco-2.webp,https://commanderbrasil.com.br/wp-content/uploads/2025/12/CBP087-bgbranco-2.webp | https://commanderbrasil.com.br/wp-content/uploads/2025/12/CBP087-ambientadas-2.webp,https://commanderbrasil.com.br/catalogo/barra-para-deadlift-frontal-cbp087/
1652,CBP086,Barra para Levantamento Terra Super,Remadas,Equipamentos - Série CBP,,https://commanderbrasil.com.br/wp-content/uploads/2025/12/CBP086-bgbranco-2.webp,https://commanderbrasil.com.br/wp-content/uploads/2025/12/CBP086-bgbranco-2.webp | https://commanderbrasil.com.br/wp-content/uploads/2025/12/CBP086-ambientadas-2.webp,https://commanderbrasil.com.br/catalogo/barra-para-deadlift-super-cbp086/
1008945,QHSJ28,Barra Pequena Borracha Technogym,-,Acessórios - QHSJ Pesos,,https://commanderbrasil.com.br/wp-content/uploads/2025/12/QH-SJ28-bgbranco.webp,https://commanderbrasil.com.br/wp-content/uploads/2025/12/QH-SJ28-bgbranco.webp | https://commanderbrasil.com.br/wp-content/uploads/2025/12/QH-SJ28-ambientadas.webp,https://commanderbrasil.com.br/catalogo/technogym-rubber-small-barbell-qhsj28/
1009126,QHSJ87,Barra Pequena Curva 1.2m,-,Acessórios - QHSJ Barras,,https://commanderbrasil.com.br/wp-content/uploads/2025/12/QHSJ87-bgbranco.webp,https://commanderbrasil.com.br/wp-content/uploads/2025/12/QHSJ87-bgbranco.webp | https://commanderbrasil.com.br/wp-content/uploads/2025/12/QHSJ87-ambientada.webp,https://commanderbrasil.com.br/catalogo/1m-small-curved-bar-qhsj87/
1004718,A019,Barra Pequena Inteira Reta/Curva,-,Acessórios - Série A,Preço por kg (USD),https://commanderbrasil.com.br/wp-content/uploads/2025/12/A019-bgbranco-v2.webp,https://commanderbrasil.com.br/wp-content/uploads/2025/12/A019-bgbranco-v2.webp | https://commanderbrasil.com.br/wp-content/uploads/2025/12/A019-ambientada-v2.webp,https://commanderbrasil.com.br/catalogo/barra-pequena-inteira-reta-curva-a019/
1004720,A021,Barra Pequena Inteira Reta/Curva Modelo 2,-,Acessórios - Série A,Preço por kg (USD),https://commanderbrasil.com.br/wp-content/uploads/2025/12/A021-bgbranco-v2.webp,https://commanderbrasil.com.br/wp-content/uploads/2025/12/A021-bgbranco-v2.webp,https://commanderbrasil.com.br/catalogo/barra-pequena-inteira-reta-curva-modelo-a021/
1004722,A023,Barra Pequena Inteira Reta/Curva Modelo 3,-,Acessórios - Série A,Preço por kg (USD),https://commanderbrasil.com.br/wp-content/uploads/2025/12/A023-bgbranco-v2.webp,https://commanderbrasil.com.br/wp-content/uploads/2025/12/A023-bgbranco-v2.webp,https://commanderbrasil.com.br/catalogo/barra-pequena-inteira-reta-curva-modelo-a023/
1009122,QHSJ86,Barra Pequena Reta 1.2m,-,Acessórios - QHSJ Barras,,https://commanderbrasil.com.br/wp-content/uploads/2025/12/QHSJ86-bgbranco.webp,https://commanderbrasil.com.br/wp-content/uploads/2025/12/QHSJ86-bgbranco.webp | https://commanderbrasil.com.br/wp-content/uploads/2025/12/QHSJ86-ambientada.webp,https://commanderbrasil.com.br/catalogo/1m-small-straight-bar-qhsj86/
1008909,QHSJ19,Barra Pequena Sólida Reta/Curva,-,Acessórios - QHSJ Pesos,,https://commanderbrasil.com.br/wp-content/uploads/2025/12/QH-SJ19-bgbranco.webp,https://commanderbrasil.com.br/wp-content/uploads/2025/12/QH-SJ19-bgbranco.webp | https://commanderbrasil.com.br/wp-content/uploads/2025/12/QH-SJ19-ambientadas.webp,https://commanderbrasil.com.br/catalogo/solid-small-barbell-straight-curved-qhsj19/
1008917,QHSJ21,Barra Pequena Sólida Reta/Curva,-,Acessórios - QHSJ Pesos,,https://commanderbrasil.com.br/wp-content/uploads/2025/12/QH-SJ21-bgbranco.webp,https://commanderbrasil.com.br/wp-content/uploads/2025/12/QH-SJ21-bgbranco.webp | https://commanderbrasil.com.br/wp-content/uploads/2025/12/QH-SJ21-ambientadas.webp,https://commanderbrasil.com.br/catalogo/solid-small-barbell-straight-curved-qhsj21/
1008925,QHSJ23,Barra Pequena Sólida Reta/Curva,-,Acessórios - QHSJ Pesos,,https://commanderbrasil.com.br/wp-content/uploads/2025/12/QH-SJ23-bgbranco.webp,https://commanderbrasil.com.br/wp-content/uploads/2025/12/QH-SJ23-bgbranco.webp | https://commanderbrasil.com.br/wp-content/uploads/2025/12/QH-SJ23-ambientadas.webp,https://commanderbrasil.com.br/catalogo/solid-small-barbell-straight-curved-qhsj23/
1004727,A028,Barra Pequena Technogym Revestida de Borracha,-,Acessórios - Série A,Preço por kg (USD),https://commanderbrasil.com.br/wp-content/uploads/2025/12/A028-bgbranco-v2.webp,https://commanderbrasil.com.br/wp-content/uploads/2025/12/A028-bgbranco-v2.webp | https://commanderbrasil.com.br/wp-content/uploads/2025/12/A028-ambientada-v2.webp,https://commanderbrasil.com.br/catalogo/barra-pequena-technogym-revestida-de-borracha-a028/
1004703,A004,Barra Reta Fixa,-,Acessórios - Série A,Preço por kg (USD),https://commanderbrasil.com.br/wp-content/uploads/2025/12/A004-bgbranco-v2.webp,https://commanderbrasil.com.br/wp-content/uploads/2025/12/A004-bgbranco-v2.webp,https://commanderbrasil.com.br/catalogo/barra-reta-fixa-a004/
1008853,QHSJ04,Barra Reta Pequena,-,Acessórios - QHSJ Pesos,,https://commanderbrasil.com.br/wp-content/uploads/2025/12/QH-SJ04-bgbranco.webp,https://commanderbrasil.com.br/wp-content/uploads/2025/12/QH-SJ04-bgbranco.webp | https://commanderbrasil.com.br/wp-content/uploads/2025/12/QH-SJ04-ambientadas.webp,https://commanderbrasil.com.br/catalogo/straight-bar-small-barbell-qhsj04/
1004705,A006,Barra Reta PU Capitão América,-,Acessórios - Série A,Preço por kg (USD),https://commanderbrasil.com.br/wp-content/uploads/2025/12/A006-bgbranco-v2.webp,https://commanderbrasil.com.br/wp-content/uploads/2025/12/A006-bgbranco-v2.webp | https://commanderbrasil.com.br/wp-content/uploads/2025/12/A006-ambientada-v2.webp,https://commanderbrasil.com.br/catalogo/barra-reta-pu-capitao-america-a006/
1008861,QHSJ06,Barra Reta PU Capitão América,-,Acessórios - QHSJ Pesos,,,,https://commanderbrasil.com.br/catalogo/pu-captain-america-straight-bar-barbell-qhsj06/
1009142,QHSJ91,Barra Trap,-,Acessórios - QHSJ Barras,,https://commanderbrasil.com.br/wp-content/uploads/2025/12/QHSJ91-bgbranco.webp,https://commanderbrasil.com.br/wp-content/uploads/2025/12/QHSJ91-bgbranco.webp | https://commanderbrasil.com.br/wp-content/uploads/2025/12/QHSJ91-ambientada.webp,https://commanderbrasil.com.br/catalogo/trap-bar-qhsj91/
1009420,QHSJ207,Barras Paralelas,-,Acessórios - QHSJ Treino,,https://commanderbrasil.com.br/wp-content/uploads/2025/12/QH-SJ207-bgbranco.webp,https://commanderbrasil.com.br/wp-content/uploads/2025/12/QH-SJ207-bgbranco.webp | https://commanderbrasil.com.br/wp-content/uploads/2025/12/QH-SJ207-ambientadas.webp,https://commanderbrasil.com.br/catalogo/parallettes-qhsj207/
2826,D041,Barras Paralelas Divididas,Acessórios de Treino,Acessórios - Série D,Barras Paralelas Divididas - Código: D-041,https://commanderbrasil.com.br/wp-content/uploads/2025/12/D041-d-2.jpeg,https://commanderbrasil.com.br/wp-content/uploads/2025/12/D041-d-2.jpeg,https://commanderbrasil.com.br/catalogo/barras-paralelas-divididas-d041/
858,B1047,Barras Paralelas/Máquina Abdominal,Máquinas Abdominais,Equipamentos - Série B,,https://commanderbrasil.com.br/wp-content/uploads/2025/12/B1047-1-2.webp,https://commanderbrasil.com.br/wp-content/uploads/2025/12/B1047-1-2.webp,https://commanderbrasil.com.br/catalogo/barra-paralela-abdominal-b1047/
1009508,QHSJ229,Barreira de Agilidade,Acessórios de Treino,Acessórios - QHSJ Agilidade,,https://commanderbrasil.com.br/wp-content/uploads/2025/12/QH-SJ229-bgbranco.webp,https://commanderbrasil.com.br/wp-content/uploads/2025/12/QH-SJ229-bgbranco.webp | https://commanderbrasil.com.br/wp-content/uploads/2025/12/QH-SJ229-ambientadas.webp,https://commanderbrasil.com.br/catalogo/agility-hurdle-qhsj229/
2883,E006,Barril Energia 2kg,Acessórios de Treino,Acessórios - Série E,Barril de Energia 2kg - Código: E-006,https://commanderbrasil.com.br/wp-content/uploads/2025/12/E006-e-2.jpeg,https://commanderbrasil.com.br/wp-content/uploads/2025/12/E006-e-2.jpeg,https://commanderbrasil.com.br/catalogo/barril-de-energiakg-e006/
1565,CBP003,Base De Meio Suporte,Outros Racks,Equipamentos - Série CBP,,https://commanderbrasil.com.br/wp-content/uploads/2025/12/CBP003-bgbranco-2.webp,https://commanderbrasil.com.br/wp-content/uploads/2025/12/CBP003-bgbranco-2.webp | https://commanderbrasil.com.br/wp-content/uploads/2025/12/CBP003-ambientadas-2.webp,https://commanderbrasil.com.br/catalogo/base-de-meio-rack-cbp003/
3029,G029,Base Nove Furos para Barras,Acessórios de Treino,Acessórios - Série G,Base de Nove Furos para Barras - Código: G-029,https://commanderbrasil.com.br/wp-content/uploads/2025/12/G029-g-1.jpeg,https://commanderbrasil.com.br/wp-content/uploads/2025/12/G029-g-1.jpeg,https://commanderbrasil.com.br/catalogo/base-de-nove-furos-para-barras-g029/
3055,H012,Base para Step,Acessórios de Treino,Acessórios - Série H,Base para Step - Código: H-012,https://commanderbrasil.com.br/wp-content/uploads/2025/12/H012-h-1.jpeg,https://commanderbrasil.com.br/wp-content/uploads/2025/12/H012-h-1.jpeg,https://commanderbrasil.com.br/catalogo/base-para-step-h012/
1009744,QHSJ182,Bastão de Avaliação Corporal,-,Acessórios - QHSJ Yoga,,https://commanderbrasil.com.br/wp-content/uploads/2025/12/QH-SJ182-bgbranco.webp,https://commanderbrasil.com.br/wp-content/uploads/2025/12/QH-SJ182-bgbranco.webp | https://commanderbrasil.com.br/wp-content/uploads/2025/12/QH-SJ182-ambientadas.webp,https://commanderbrasil.com.br/catalogo/body-assessment-stick-qhsj182/
1009748,QHSJ183,Bastão de Avaliação Corporal,-,Acessórios - QHSJ Yoga,,https://commanderbrasil.com.br/wp-content/uploads/2025/12/QHSJ183-bgbranco.webp,https://commanderbrasil.com.br/wp-content/uploads/2025/12/QHSJ183-bgbranco.webp | https://commanderbrasil.com.br/wp-content/uploads/2025/12/QHSJ183-ambientada.webp,https://commanderbrasil.com.br/catalogo/body-assessment-stick-qhsj183/
2664,C055,Bastão de Massagem,Acessórios de Treino,Acessórios - Série C,Bastão de Massagem - Código: C-055,https://commanderbrasil.com.br/wp-content/uploads/2025/12/C-055-c-2.jpeg,https://commanderbrasil.com.br/wp-content/uploads/2025/12/C-055-c-2.jpeg,https://commanderbrasil.com.br/catalogo/bastao-de-massagem-c055/
1009692,QHSJ168,Bastão de Massagem Profunda,-,Acessórios - QHSJ Yoga,,https://commanderbrasil.com.br/wp-content/uploads/2025/12/QH-SJ168-bgbranco.webp,https://commanderbrasil.com.br/wp-content/uploads/2025/12/QH-SJ168-bgbranco.webp | https://commanderbrasil.com.br/wp-content/uploads/2025/12/QH-SJ168-ambientadas.webp,https://commanderbrasil.com.br/catalogo/deep-tissue-massage-stick-qhsj168/
1009636,QHSJ146,Bastão de Massagem Sólido,-,Acessórios - QHSJ Yoga,,https://commanderbrasil.com.br/wp-content/uploads/2025/12/QHSJ146-bgbranco.webp,https://commanderbrasil.com.br/wp-content/uploads/2025/12/QHSJ146-bgbranco.webp | https://commanderbrasil.com.br/wp-content/uploads/2025/12/QHSJ146-ambientada.webp,https://commanderbrasil.com.br/catalogo/solid-massage-stick-qhsj146/
2805,D020,Bastão Felix (Baixa Resistência),Acessórios de Treino,Acessórios - Série D,Bastão Felix (Baixa Endurance) - Código: D-020,,,https://commanderbrasil.com.br/catalogo/bastao-felix-baixa-resistencia-d020/
2806,D021,Bastão Felix Removível (Alta Resistência),Acessórios de Treino,Acessórios - Série D,Bastão Felix Removível (Alta Endurance) - Código: D-021,https://commanderbrasil.com.br/wp-content/uploads/2025/12/D021-d-2.jpeg,https://commanderbrasil.com.br/wp-content/uploads/2025/12/D021-d-2.jpeg,https://commanderbrasil.com.br/catalogo/bastao-felix-removivel-alta-resistencia-d021/
1009392,QHSJ199,Bastão Flexível Baixa Intensidade,-,Acessórios - QHSJ Treino,,https://commanderbrasil.com.br/wp-content/uploads/2025/12/QH-SJ199-bgbranco.webp,https://commanderbrasil.com.br/wp-content/uploads/2025/12/QH-SJ199-bgbranco.webp | https://commanderbrasil.com.br/wp-content/uploads/2025/12/QH-SJ199-ambientadas.webp,https://commanderbrasil.com.br/catalogo/flexi-bar-low-intensity-qhsj199/
2670,C061,Bastão para Abertura das Costas,Acessórios de Treino,Acessórios - Série C,Bastão para Abertura das Costas - Código: C-061,https://commanderbrasil.com.br/wp-content/uploads/2025/12/C-061-c-2.jpeg,https://commanderbrasil.com.br/wp-content/uploads/2025/12/C-061-c-2.jpeg,https://commanderbrasil.com.br/catalogo/bastao-para-abertura-das-costas-c061/
2671,C062,Bastão Treino para Iniciantes,Acessórios de Treino,Acessórios - Série C,Bastão de Treinamento para Iniciantes - Código: C-062,https://commanderbrasil.com.br/wp-content/uploads/2025/12/C-062-c-2.jpeg,https://commanderbrasil.com.br/wp-content/uploads/2025/12/C-062-c-2.jpeg,https://commanderbrasil.com.br/catalogo/bastao-de-treinamento-para-iniciantes-c062/
2808,D023,Battle Corda 25mm x 12m,Acessórios de Treino,Acessórios - Série D,Battle Rope 25mm x 12m - Código: D-023,https://commanderbrasil.com.br/wp-content/uploads/2025/12/D023-d-2.jpeg,https://commanderbrasil.com.br/wp-content/uploads/2025/12/D023-d-2.jpeg,https://commanderbrasil.com.br/catalogo/corda-de-batalha5mm-x-12m-d023/
2807,D022,Battle Corda 25mm x 9m,Acessórios de Treino,Acessórios - Série D,Battle Rope 25mm x 9m - Código: D-022,https://commanderbrasil.com.br/wp-content/uploads/2025/12/D022-d-2.jpeg,https://commanderbrasil.com.br/wp-content/uploads/2025/12/D022-d-2.jpeg,https://commanderbrasil.com.br/catalogo/corda-de-batalha5mm-x-9m-d022/
2810,D025,Battle Corda 38mm x 12m,Acessórios de Treino,Acessórios - Série D,Battle Rope 38mm x 12m - Código: D-025,https://commanderbrasil.com.br/wp-content/uploads/2025/12/D025-d-2.jpeg,https://commanderbrasil.com.br/wp-content/uploads/2025/12/D025-d-2.jpeg,https://commanderbrasil.com.br/catalogo/corda-de-batalha8mm-x-12m-d025/
2811,D026,Battle Corda 38mm x 15m,Acessórios de Treino,Acessórios - Série D,Battle Rope 38mm x 15m - Código: D-026,https://commanderbrasil.com.br/wp-content/uploads/2025/12/D026-d-2.jpeg,https://commanderbrasil.com.br/wp-content/uploads/2025/12/D026-d-2.jpeg,https://commanderbrasil.com.br/catalogo/corda-de-batalha8mm-x-15m-d026/
2809,D024,Battle Corda 38mm x 9m,Acessórios de Treino,Acessórios - Série D,Battle Rope 38mm x 9m - Código: D-024,https://commanderbrasil.com.br/wp-content/uploads/2025/12/D024-d-2.jpeg,https://commanderbrasil.com.br/wp-content/uploads/2025/12/D024-d-2.jpeg,https://commanderbrasil.com.br/catalogo/corda-de-batalha8mm-x-9m-d024/
2812,D027,Battle Corda 50mm x 15m,Acessórios de Treino,Acessórios - Série D,Battle Rope 50mm x 15m - Código: D-027,https://commanderbrasil.com.br/wp-content/uploads/2025/12/D027-d-2.jpeg,https://commanderbrasil.com.br/wp-content/uploads/2025/12/D027-d-2.jpeg,https://commanderbrasil.com.br/catalogo/corda-de-batalha0mm-x-15m-d027/
2814,D029,Battle Corda Vermelha 25mm x 12m,Acessórios de Treino,Acessórios - Série D,Battle Rope Vermelha 25mm x 12m - Código: D-029,https://commanderbrasil.com.br/wp-content/uploads/2025/12/D029-d-2.jpeg,https://commanderbrasil.com.br/wp-content/uploads/2025/12/D029-d-2.jpeg,https://commanderbrasil.com.br/catalogo/corda-de-batalha-vermelha5mm-x-12m-d029/
2813,D028,Battle Corda Vermelha 25mm x 9m,Acessórios de Treino,Acessórios - Série D,Battle Rope Vermelha 25mm x 9m - Código: D-028,https://commanderbrasil.com.br/wp-content/uploads/2025/12/D028-d-2.jpeg,https://commanderbrasil.com.br/wp-content/uploads/2025/12/D028-d-2.jpeg,https://commanderbrasil.com.br/catalogo/corda-de-batalha-vermelha5mm-x-9m-d028/
2816,D031,Battle Corda Vermelha 38mm x 12m,Acessórios de Treino,Acessórios - Série D,Battle Rope Vermelha 38mm x 12m - Código: D-031,https://commanderbrasil.com.br/wp-content/uploads/2025/12/D031-d-2.jpeg,https://commanderbrasil.com.br/wp-content/uploads/2025/12/D031-d-2.jpeg,https://commanderbrasil.com.br/catalogo/corda-de-batalha-vermelha8mm-x-12m-d031/
2817,D032,Battle Corda Vermelha 38mm x 15m,Acessórios de Treino,Acessórios - Série D,Battle Rope Vermelha 38mm x 15m - Código: D-032,https://commanderbrasil.com.br/wp-content/uploads/2025/12/D032-d-2.jpeg,https://commanderbrasil.com.br/wp-content/uploads/2025/12/D032-d-2.jpeg,https://commanderbrasil.com.br/catalogo/corda-de-batalha-vermelha8mm-x-15m-d032/
2815,D030,Battle Corda Vermelha 38mm x 9m,Acessórios de Treino,Acessórios - Série D,Battle Rope Vermelha 38mm x 9m - Código: D-030,https://commanderbrasil.com.br/wp-content/uploads/2025/12/D030-d-2.jpeg,https://commanderbrasil.com.br/wp-content/uploads/2025/12/D030-d-2.jpeg,https://commanderbrasil.com.br/catalogo/corda-de-batalha-vermelha8mm-x-9m-d030/
2818,D033,Battle Corda Vermelha 50mm x 15m,Acessórios de Treino,Acessórios - Série D,Battle Rope Vermelha 50mm x 15m - Código: D-033,https://commanderbrasil.com.br/wp-content/uploads/2025/12/D033-d-2.jpeg,https://commanderbrasil.com.br/wp-content/uploads/2025/12/D033-d-2.jpeg,https://commanderbrasil.com.br/catalogo/corda-de-batalha-vermelha0mm-x-15m-d033/
927,D970,Bíceps,Bíceps,Equipamentos - Série D,,https://commanderbrasil.com.br/wp-content/uploads/2025/12/CMD-D970-cmd-d-series-2.png,https://commanderbrasil.com.br/wp-content/uploads/2025/12/CMD-D970-cmd-d-series-2.png | https://commanderbrasil.com.br/wp-content/uploads/2025/12/CMD-D970-2.webp,https://commanderbrasil.com.br/catalogo/biceps-d970/
983,LBF09,Bíceps,Bíceps,Equipamentos - Série LB-F,,https://commanderbrasil.com.br/wp-content/uploads/2025/12/LB-F09-bgbranco-2.webp,https://commanderbrasil.com.br/wp-content/uploads/2025/12/LB-F09-bgbranco-2.webp | https://commanderbrasil.com.br/wp-content/uploads/2025/12/LB-F09-ambientadas-2.webp,https://commanderbrasil.com.br/catalogo/biceps-lbf09/
1000176,LBF27,Bíceps e Tríceps,Outras Anilhadas,Equipamentos - Série LB-F,,https://commanderbrasil.com.br/wp-content/uploads/2025/12/LB-F27-bgbranco.webp,https://commanderbrasil.com.br/wp-content/uploads/2025/12/LB-F27-bgbranco.webp | https://commanderbrasil.com.br/wp-content/uploads/2025/12/LB-F27-ambientadas.webp,https://commanderbrasil.com.br/catalogo/biceps-e-triceps-lbf27/
1319,SH112A,Bíceps Sentado,Outras Anilhadas,Equipamentos - Série SH,,https://commanderbrasil.com.br/wp-content/uploads/2025/12/SH112A-bgbranco-2.webp,https://commanderbrasil.com.br/wp-content/uploads/2025/12/SH112A-bgbranco-2.webp | https://commanderbrasil.com.br/wp-content/uploads/2025/12/SH112A-ambientadas-2.webp,https://commanderbrasil.com.br/catalogo/biceps-sentado-sh112a/
1268,SH29,Bíceps Sentado,Outras Anilhadas,Equipamentos - Série SH,,https://commanderbrasil.com.br/wp-content/uploads/2025/12/SH29-bgbranco-2.webp,https://commanderbrasil.com.br/wp-content/uploads/2025/12/SH29-bgbranco-2.webp | https://commanderbrasil.com.br/wp-content/uploads/2025/12/SH29-ambientadas-2.webp,https://commanderbrasil.com.br/catalogo/biceps-sentado-sh29/
884,B1112,Bíceps/Máquina de Tríceps,Tríceps,Equipamentos - Série B,,https://commanderbrasil.com.br/wp-content/uploads/2025/12/B1112-1-2.webp,https://commanderbrasil.com.br/wp-content/uploads/2025/12/B1112-1-2.webp | https://commanderbrasil.com.br/wp-content/uploads/2025/12/B1112-2-2.webp,https://commanderbrasil.com.br/catalogo/biceps-triceps-maquina-b1112/
1518,LBE16,Bike Reclinada,Bikes e Spinning,Equipamentos - Série LB-E,,https://commanderbrasil.com.br/wp-content/uploads/2025/12/LB-E16-bgbranco-1.webp,https://commanderbrasil.com.br/wp-content/uploads/2025/12/LB-E16-bgbranco-1.webp | https://commanderbrasil.com.br/wp-content/uploads/2025/12/LB-E16-ambientadas-1.webp,https://commanderbrasil.com.br/catalogo/bike-reclinada-lbe16/
1521,LBE20,Bike Reclinada,Bikes e Spinning,Equipamentos - Série LB-E,,https://commanderbrasil.com.br/wp-content/uploads/2025/12/LB-E20-bgbranco-1.webp,https://commanderbrasil.com.br/wp-content/uploads/2025/12/LB-E20-bgbranco-1.webp | https://commanderbrasil.com.br/wp-content/uploads/2025/12/LB-E20-ambientadas-1.webp,https://commanderbrasil.com.br/catalogo/bike-reclinada-lbe20/
1516,LBE15A,Bike Roaging,Bikes e Spinning,Equipamentos - Série LB-E,,https://commanderbrasil.com.br/wp-content/uploads/2025/12/LB-F20-cmd-lb-f-series-2.png,https://commanderbrasil.com.br/wp-content/uploads/2025/12/LB-F20-cmd-lb-f-series-2.png,https://commanderbrasil.com.br/catalogo/bike-roaging-lbe15a/
1512,LBE12,Bike Spinning,Bikes e Spinning,Equipamentos - Série LB-E,,https://commanderbrasil.com.br/wp-content/uploads/2025/12/LB-E12-bgbranco-1.webp,https://commanderbrasil.com.br/wp-content/uploads/2025/12/LB-E12-bgbranco-1.webp | https://commanderbrasil.com.br/wp-content/uploads/2025/12/LB-E12-ambientadas-1.webp,https://commanderbrasil.com.br/catalogo/bike-spinning-lbe12/
1513,LBE13,Bike Spinning,Bikes e Spinning,Equipamentos - Série LB-E,,https://commanderbrasil.com.br/wp-content/uploads/2025/12/LB-E13-bgbranco-1.webp,https://commanderbrasil.com.br/wp-content/uploads/2025/12/LB-E13-bgbranco-1.webp | https://commanderbrasil.com.br/wp-content/uploads/2025/12/LB-E13-ambientadas-1.webp,https://commanderbrasil.com.br/catalogo/bike-spinning-lbe13/
1514,LBE14,Bike Spinning,Bikes e Spinning,Equipamentos - Série LB-E,,https://commanderbrasil.com.br/wp-content/uploads/2025/12/LB-E14-bgbranco-1.webp,https://commanderbrasil.com.br/wp-content/uploads/2025/12/LB-E14-bgbranco-1.webp | https://commanderbrasil.com.br/wp-content/uploads/2025/12/LB-E14-ambientadas-1.webp,https://commanderbrasil.com.br/catalogo/bike-spinning-lbe14/
1515,LBE15,Bike Spinning,Bikes e Spinning,Equipamentos - Série LB-E,,https://commanderbrasil.com.br/wp-content/uploads/2025/12/LB-E15-bgbranco-1.webp,https://commanderbrasil.com.br/wp-content/uploads/2025/12/LB-E15-bgbranco-1.webp | https://commanderbrasil.com.br/wp-content/uploads/2025/12/LB-E15-ambientadas-1.webp,https://commanderbrasil.com.br/catalogo/bike-spinning-lbe15/
1510,LBE10,Bike Spinning Magnética,Bikes e Spinning,Equipamentos - Série LB-E,,https://commanderbrasil.com.br/wp-content/uploads/2025/12/LB-E10-bgbranco-1.webp,https://commanderbrasil.com.br/wp-content/uploads/2025/12/LB-E10-bgbranco-1.webp | https://commanderbrasil.com.br/wp-content/uploads/2025/12/LB-E10-ambientadas-1.webp,https://commanderbrasil.com.br/catalogo/bike-spinning-magnetica-lbe10/
1511,LBE11,Bike Spinning Magnética,Bikes e Spinning,Equipamentos - Série LB-E,,https://commanderbrasil.com.br/wp-content/uploads/2025/12/LB-E11-bgbranco-1.webp,https://commanderbrasil.com.br/wp-content/uploads/2025/12/LB-E11-bgbranco-1.webp | https://commanderbrasil.com.br/wp-content/uploads/2025/12/LB-E11-ambientadas-1.webp,https://commanderbrasil.com.br/catalogo/bike-spinning-magnetica-lbe11/
1536,LBE33,Bike Ventilador,Bikes e Spinning,Equipamentos - Série LB-E,,https://commanderbrasil.com.br/wp-content/uploads/2025/12/LB-E33-bgbranco-1.webp,https://commanderbrasil.com.br/wp-content/uploads/2025/12/LB-E33-bgbranco-1.webp | https://commanderbrasil.com.br/wp-content/uploads/2025/12/LB-E33-ambientadas-1.webp,https://commanderbrasil.com.br/catalogo/bike-ventilador-lbe33/
1537,LBE34A,Bike Ventilador,Bikes e Spinning,Equipamentos - Série LB-E,,https://commanderbrasil.com.br/wp-content/uploads/2025/12/LB-E34A-bgbranco-1.webp,https://commanderbrasil.com.br/wp-content/uploads/2025/12/LB-E34A-bgbranco-1.webp | https://commanderbrasil.com.br/wp-content/uploads/2025/12/LB-E34A-ambientadas-1.webp,https://commanderbrasil.com.br/catalogo/bike-ventilador-lbe34a/
1534,LBE32,Bike Ventilador,Bikes e Spinning,Equipamentos - Série LB-E,,https://commanderbrasil.com.br/wp-content/uploads/2025/12/LB-E32-bgbranco-1.webp,https://commanderbrasil.com.br/wp-content/uploads/2025/12/LB-E32-bgbranco-1.webp | https://commanderbrasil.com.br/wp-content/uploads/2025/12/LB-E32-ambientadas-1.webp,https://commanderbrasil.com.br/catalogo/bike-ventilador-lbe32/
1535,LBE34,Bike Ventilador,Bikes e Spinning,Equipamentos - Série LB-E,,https://commanderbrasil.com.br/wp-content/uploads/2025/12/LB-E34-bgbranco-1.webp,https://commanderbrasil.com.br/wp-content/uploads/2025/12/LB-E34-bgbranco-1.webp | https://commanderbrasil.com.br/wp-content/uploads/2025/12/LB-E34-ambientadas-1.webp,https://commanderbrasil.com.br/catalogo/bike-ventilador-lbe34/
1517,LBE17,Bike Vertical,Bikes e Spinning,Equipamentos - Série LB-E,,https://commanderbrasil.com.br/wp-content/uploads/2025/12/LB-E17-bgbranco-1.webp,https://commanderbrasil.com.br/wp-content/uploads/2025/12/LB-E17-bgbranco-1.webp | https://commanderbrasil.com.br/wp-content/uploads/2025/12/LB-E17-ambientadas-1.webp,https://commanderbrasil.com.br/catalogo/bike-vertical-lbe17/
1520,LBE19,Bike Vertical,Bikes e Spinning,Equipamentos - Série LB-E,,https://commanderbrasil.com.br/wp-content/uploads/2025/12/LB-E19-bgbranco-1.webp,https://commanderbrasil.com.br/wp-content/uploads/2025/12/LB-E19-bgbranco-1.webp | https://commanderbrasil.com.br/wp-content/uploads/2025/12/LB-E19-ambientadas-1.webp,https://commanderbrasil.com.br/catalogo/bike-vertical-lbe19/
1009632,QHSJ145,Bloco de Yoga Bicolor,Tapetes e Yoga,Acessórios - QHSJ Yoga,,https://commanderbrasil.com.br/wp-content/uploads/2025/12/QH-SJ145-bgbranco.webp,https://commanderbrasil.com.br/wp-content/uploads/2025/12/QH-SJ145-bgbranco.webp | https://commanderbrasil.com.br/wp-content/uploads/2025/12/QH-SJ145-ambientadas.webp,https://commanderbrasil.com.br/catalogo/two-tone-yoga-block-qhsj145/
1009628,QHSJ144,Bloco de Yoga Sólido,Tapetes e Yoga,Acessórios - QHSJ Yoga,,https://commanderbrasil.com.br/wp-content/uploads/2025/12/QH-SJ144-bgbranco.webp,https://commanderbrasil.com.br/wp-content/uploads/2025/12/QH-SJ144-bgbranco.webp | https://commanderbrasil.com.br/wp-content/uploads/2025/12/QH-SJ144-ambientadas.webp,https://commanderbrasil.com.br/catalogo/solid-color-yoga-block-qhsj144/
2614,C005,Blocos de Cortiça,Tapetes e Yoga,Acessórios - Série C,Blocos de Cortiça - Código: C-005,https://commanderbrasil.com.br/wp-content/uploads/2025/12/C-005-c-1.jpeg,https://commanderbrasil.com.br/wp-content/uploads/2025/12/C-005-c-1.jpeg,https://commanderbrasil.com.br/catalogo/blocos-de-cortica-c005/
2616,C007,Blocos de Cortiça com Logo,Tapetes e Yoga,Acessórios - Série C,Blocos de Cortiça com Logo - Código: C-007,https://commanderbrasil.com.br/wp-content/uploads/2025/12/C-007-c-1.jpeg,https://commanderbrasil.com.br/wp-content/uploads/2025/12/C-007-c-1.jpeg,https://commanderbrasil.com.br/catalogo/blocos-de-cortica-com-logo-c007/
2617,C008,Blocos de Yoga EVA,Tapetes e Yoga,Acessórios - Série C,Blocos de Yoga EVA - Código: C-008,https://commanderbrasil.com.br/wp-content/uploads/2025/12/C-008-c-1.jpeg,https://commanderbrasil.com.br/wp-content/uploads/2025/12/C-008-c-1.jpeg,https://commanderbrasil.com.br/catalogo/blocos-de-yoga-eva-c008/
2615,C006,Blocos Triangulares de Cortiça,Tapetes e Yoga,Acessórios - Série C,Blocos Triangulares de Cortiça - Código: C-006,https://commanderbrasil.com.br/wp-content/uploads/2025/12/C-006-c-1.jpeg,https://commanderbrasil.com.br/wp-content/uploads/2025/12/C-006-c-1.jpeg,https://commanderbrasil.com.br/catalogo/blocos-triangulares-de-cortica-c006/
3063,XMH004,Bobina 1mm,Acessórios de Treino,Acessórios - Série XM-H,Bobina 1mm - Código: XM-H004,https://commanderbrasil.com.br/wp-content/uploads/2025/12/XM-H004-xm-1.jpeg,https://commanderbrasil.com.br/wp-content/uploads/2025/12/XM-H004-xm-1.jpeg,https://commanderbrasil.com.br/catalogo/bobina-1mm-xmh004/
1009672,QHSJ163,Bola Amendoim Anti-Explosão,Medicine Balls,Acessórios - QHSJ Yoga,,https://commanderbrasil.com.br/wp-content/uploads/2025/12/QH-SJ163-bgbranco.webp,https://commanderbrasil.com.br/wp-content/uploads/2025/12/QH-SJ163-bgbranco.webp | https://commanderbrasil.com.br/wp-content/uploads/2025/12/QH-SJ163-ambientadas.webp,https://commanderbrasil.com.br/catalogo/anti-burst-peanut-ball-qhsj163/
2658,C049,Bola Amendoim Anti-explosão,Acessórios de Treino,Acessórios - Série C,Bola Amendoim Anti-explosão - Código: C-049,https://commanderbrasil.com.br/wp-content/uploads/2025/12/C-049-c-2.jpeg,https://commanderbrasil.com.br/wp-content/uploads/2025/12/C-049-c-2.jpeg,https://commanderbrasil.com.br/catalogo/bola-amendoim-anti-explosao-c049/
1009408,QHSJ203,Bola Bosu,Medicine Balls,Acessórios - QHSJ Treino,,https://commanderbrasil.com.br/wp-content/uploads/2025/12/QHSJ203-bgbranco.webp,https://commanderbrasil.com.br/wp-content/uploads/2025/12/QHSJ203-bgbranco.webp | https://commanderbrasil.com.br/wp-content/uploads/2025/12/QHSJ203-ambientada.webp,https://commanderbrasil.com.br/catalogo/bosu-ball-qhsj203/
1009071,QHSJ73,Bola de Areia Borracha,Medicine Balls,Acessórios - QHSJ Pesos,,https://commanderbrasil.com.br/wp-content/uploads/2025/12/QHSJ73-bgbranco.webp,https://commanderbrasil.com.br/wp-content/uploads/2025/12/QHSJ73-bgbranco.webp | https://commanderbrasil.com.br/wp-content/uploads/2025/12/QHSJ73-ambientada.webp,https://commanderbrasil.com.br/catalogo/rubber-sand-ball-qhsj73/
2879,E001,Bola de Areia Fitness 3kg,Acessórios de Treino,Acessórios - Série E,Bola de Areia para Fitness 3kg - Código: E-001,https://commanderbrasil.com.br/wp-content/uploads/2025/12/E0010-e-2.jpeg,https://commanderbrasil.com.br/wp-content/uploads/2025/12/E0010-e-2.jpeg,https://commanderbrasil.com.br/catalogo/bola-de-areia-para-fitnesskg-e001/
2668,C059,Bola de Massagem Amendoim,Acessórios de Treino,Acessórios - Série C,Bola de Massagem Amendoim - Código: C-059,https://commanderbrasil.com.br/wp-content/uploads/2025/12/C-059-c-2.jpeg,https://commanderbrasil.com.br/wp-content/uploads/2025/12/C-059-c-2.jpeg,https://commanderbrasil.com.br/catalogo/bola-de-massagem-amendoim-c059/
2657,C048,Bola de Massagem com Textura 65cm,Acessórios de Treino,Acessórios - Série C,Bola de Massagem com Textura 65cm - Código: C-048,https://commanderbrasil.com.br/wp-content/uploads/2025/12/C-048-c-2.jpeg,https://commanderbrasil.com.br/wp-content/uploads/2025/12/C-048-c-2.jpeg,https://commanderbrasil.com.br/catalogo/bola-de-massagem-com-textura5cm-c048/
1009700,QHSJ170,Bola de Massagem Profissional,Medicine Balls,Acessórios - QHSJ Yoga,,https://commanderbrasil.com.br/wp-content/uploads/2025/12/QHSJ170-bgbranco.webp,https://commanderbrasil.com.br/wp-content/uploads/2025/12/QHSJ170-bgbranco.webp | https://commanderbrasil.com.br/wp-content/uploads/2025/12/QHSJ170-ambientada.webp,https://commanderbrasil.com.br/catalogo/professional-massage-ball-qhsj170/
1009424,QHSJ208,Bola de Parede,Medicine Balls,Acessórios - QHSJ Treino,,https://commanderbrasil.com.br/wp-content/uploads/2025/12/QHSJ208-bgbranco.webp,https://commanderbrasil.com.br/wp-content/uploads/2025/12/QHSJ208-bgbranco.webp | https://commanderbrasil.com.br/wp-content/uploads/2025/12/QHSJ208-ambientada.webp,https://commanderbrasil.com.br/catalogo/wall-ball-qhsj208/
2880,E002,Bola de Parede Fitness 1kg,Acessórios de Treino,Acessórios - Série E,Bola de Parede para Fitness 1kg - Código: E-002,https://commanderbrasil.com.br/wp-content/uploads/2025/12/E002-e-2.jpeg,https://commanderbrasil.com.br/wp-content/uploads/2025/12/E002-e-2.jpeg,https://commanderbrasil.com.br/catalogo/bola-de-parede-para-fitness-1kg-e002/
1009524,QHSJ233,Bola de Reação,Medicine Balls,Acessórios - QHSJ Agilidade,,https://commanderbrasil.com.br/wp-content/uploads/2025/12/QH-SJ233-bgbranco.webp,https://commanderbrasil.com.br/wp-content/uploads/2025/12/QH-SJ233-bgbranco.webp | https://commanderbrasil.com.br/wp-content/uploads/2025/12/QH-SJ233-ambientadas.webp,https://commanderbrasil.com.br/catalogo/reaction-ball-qhsj233/
1009664,QHSJ159,Bola de Yoga Premium Anti-Explosão,Tapetes e Yoga,Acessórios - QHSJ Yoga,,https://commanderbrasil.com.br/wp-content/uploads/2025/12/QH-SJ159-bgbranco.webp,https://commanderbrasil.com.br/wp-content/uploads/2025/12/QH-SJ159-bgbranco.webp | https://commanderbrasil.com.br/wp-content/uploads/2025/12/QH-SJ159-ambientadas.webp,https://commanderbrasil.com.br/catalogo/premium-anti-burst-yoga-ball-qhsj159/
2665,C056,Bola Durian Dupla,Acessórios de Treino,Acessórios - Série C,Bola Durian Dupla - Código: C-056,https://commanderbrasil.com.br/wp-content/uploads/2025/12/C-056-c-2.jpeg,https://commanderbrasil.com.br/wp-content/uploads/2025/12/C-056-c-2.jpeg,https://commanderbrasil.com.br/catalogo/bola-durian-dupla-c056/
2669,C060,Bola Fascial,Acessórios de Treino,Acessórios - Série C,Bola Fascial - Código: C-060,https://commanderbrasil.com.br/wp-content/uploads/2025/12/C-060-c-2.jpeg,https://commanderbrasil.com.br/wp-content/uploads/2025/12/C-060-c-2.jpeg,https://commanderbrasil.com.br/catalogo/bola-fascial-c060/
2955,F008,Bola Reação Hexagonal,Acessórios de Treino,Acessórios - Série F,Bola de Reação Hexagonal - Código: F-008,https://commanderbrasil.com.br/wp-content/uploads/2025/12/F008-f-1.jpeg,https://commanderbrasil.com.br/wp-content/uploads/2025/12/F008-f-1.jpeg,https://commanderbrasil.com.br/catalogo/bola-de-reacao-hexagonal-f008/
1009704,QHSJ171,Bola Simples,Medicine Balls,Acessórios - QHSJ Yoga,,https://commanderbrasil.com.br/wp-content/uploads/2025/12/QH-SJ171-bgbranco.webp,https://commanderbrasil.com.br/wp-content/uploads/2025/12/QH-SJ171-bgbranco.webp | https://commanderbrasil.com.br/wp-content/uploads/2025/12/QH-SJ171-ambientadas.webp,https://commanderbrasil.com.br/catalogo/single-ball-qhsj171/
2654,C045,Bola Yoga Anti-explosão 55cm,Tapetes e Yoga,Acessórios - Série C,Bola de Yoga Anti-explosão 55cm - Código: C-045,https://commanderbrasil.com.br/wp-content/uploads/2025/12/C-045-c-2.jpeg,https://commanderbrasil.com.br/wp-content/uploads/2025/12/C-045-c-2.jpeg,https://commanderbrasil.com.br/catalogo/bola-de-yoga-anti-explosao5cm-c045/
2655,C046,Bola Yoga Anti-explosão 65cm,Tapetes e Yoga,Acessórios - Série C,Bola de Yoga Anti-explosão 65cm - Código: C-046,https://commanderbrasil.com.br/wp-content/uploads/2025/12/C-046-c-2.jpeg,https://commanderbrasil.com.br/wp-content/uploads/2025/12/C-046-c-2.jpeg,https://commanderbrasil.com.br/catalogo/bola-de-yoga-anti-explosao5cm-c046/
2656,C047,Bola Yoga Anti-explosão 75cm,Tapetes e Yoga,Acessórios - Série C,Bola de Yoga Anti-explosão 75cm - Código: C-047,https://commanderbrasil.com.br/wp-content/uploads/2025/12/C-047-c-2.jpeg,https://commanderbrasil.com.br/wp-content/uploads/2025/12/C-047-c-2.jpeg,https://commanderbrasil.com.br/catalogo/bola-de-yoga-anti-explosao5cm-c047/
1004773,A073,Bolas de Areia,-,Acessórios - Série A,Preço por kg (USD),https://commanderbrasil.com.br/wp-content/uploads/2025/12/A073-bgbranco-v2.webp,https://commanderbrasil.com.br/wp-content/uploads/2025/12/A073-bgbranco-v2.webp | https://commanderbrasil.com.br/wp-content/uploads/2025/12/A073-ambientada-v2.webp,https://commanderbrasil.com.br/catalogo/bolas-de-areia-a073/
2966,F019,Boneco Humano,Acessórios de Treino,Acessórios - Série F,Boneco Humano - Código: F-019,https://commanderbrasil.com.br/wp-content/uploads/2025/12/F019-f-1.jpeg,https://commanderbrasil.com.br/wp-content/uploads/2025/12/F019-f-1.jpeg,https://commanderbrasil.com.br/catalogo/boneco-humano-f019/
2971,F024,Boneco Inflável,Acessórios de Treino,Acessórios - Série F,Boneco Inflável - Código: F-024,https://commanderbrasil.com.br/wp-content/uploads/2025/12/F024-f-1.jpeg,https://commanderbrasil.com.br/wp-content/uploads/2025/12/F024-f-1.jpeg,https://commanderbrasil.com.br/catalogo/boneco-inflavel-f024/
1004692,PM07,Cadeira Extensora,Extensora de Pernas,Equipamentos - Série PM,,https://commanderbrasil.com.br/wp-content/uploads/2025/12/PM07-bgbranco.webp,https://commanderbrasil.com.br/wp-content/uploads/2025/12/PM07-bgbranco.webp | https://commanderbrasil.com.br/wp-content/uploads/2025/12/PM07-ambientadas.webp,https://commanderbrasil.com.br/catalogo/cadeira-extensora-8-pm07/
926,D965,Cadeira Extensora,Extensora de Pernas,Equipamentos - Série D,,https://commanderbrasil.com.br/wp-content/uploads/2025/12/CMD-D965-cmd-d-series-1.png,https://commanderbrasil.com.br/wp-content/uploads/2025/12/CMD-D965-cmd-d-series-1.png,https://commanderbrasil.com.br/catalogo/cadeira-extensora-d965/
298,VS17,Cadeira Extensora/Flexora,Extensora de Pernas,Equipamentos - Série VS,,https://commanderbrasil.com.br/wp-content/uploads/2025/12/CMD-VS17-1.png,https://commanderbrasil.com.br/wp-content/uploads/2025/12/CMD-VS17-1.png,https://commanderbrasil.com.br/catalogo/cadeira-extensora-flexora-vs17/
284,VS03,Cadeira Flexora,Flexora de Pernas,Equipamentos - Série VS,,https://commanderbrasil.com.br/wp-content/uploads/2025/12/CMD-VS03-1.png,https://commanderbrasil.com.br/wp-content/uploads/2025/12/CMD-VS03-1.png | https://commanderbrasil.com.br/wp-content/uploads/2025/12/CMD-VS03-2.webp | https://commanderbrasil.com.br/wp-content/uploads/2025/12/CMD-VS03-1-1.webp,https://commanderbrasil.com.br/catalogo/cadeira-flexora-vs03/
840,B1023,Cadeira Flexora,Flexora de Pernas,Equipamentos - Série B,,https://commanderbrasil.com.br/wp-content/uploads/2025/12/B1023-1-1.webp,https://commanderbrasil.com.br/wp-content/uploads/2025/12/B1023-1-1.webp | https://commanderbrasil.com.br/wp-content/uploads/2025/12/B1023-2-1.webp,https://commanderbrasil.com.br/catalogo/cadeira-flexora-b1023/
1374,GM45,Cadeira Flexora,Flexora de Pernas,Equipamentos - Série GM,,https://commanderbrasil.com.br/wp-content/uploads/2025/12/GM45-bgbranco-2.webp,https://commanderbrasil.com.br/wp-content/uploads/2025/12/GM45-bgbranco-2.webp | https://commanderbrasil.com.br/wp-content/uploads/2025/12/GM45-ambientadas-2.webp,https://commanderbrasil.com.br/catalogo/cadeira-flexora-gm45/
1424,LB605,Cadeira Flexora,Flexora de Pernas,Equipamentos - Série LB,,https://commanderbrasil.com.br/wp-content/uploads/2025/12/LB605-bgbranco-2.webp,https://commanderbrasil.com.br/wp-content/uploads/2025/12/LB605-bgbranco-2.webp | https://commanderbrasil.com.br/wp-content/uploads/2025/12/LB605-3-2.webp,https://commanderbrasil.com.br/catalogo/cadeira-flexora-lb605/
1000133,LBF14,Cadeira Flexora,Extensora e Flexora,Equipamentos - Série LB-F,,https://commanderbrasil.com.br/wp-content/uploads/2025/12/LB-F14-bgbranco-2.webp,https://commanderbrasil.com.br/wp-content/uploads/2025/12/LB-F14-bgbranco-2.webp | https://commanderbrasil.com.br/wp-content/uploads/2025/12/LB-F14-ambientadas-2.webp,https://commanderbrasil.com.br/catalogo/cadeira-flexora-lbf14/
1447,LB628,Cadeira Flexora Anilhada,Extensora e Flexora,Equipamentos - Série LB,,https://commanderbrasil.com.br/wp-content/uploads/2025/12/LB628-bgbranco-2.webp,https://commanderbrasil.com.br/wp-content/uploads/2025/12/LB628-bgbranco-2.webp | https://commanderbrasil.com.br/wp-content/uploads/2025/12/LB628-2-2.webp,https://commanderbrasil.com.br/catalogo/cadeira-flexora-maquina-anilhada-lb628/
2675,C066,Cadeira Yoga Dobrável,Tapetes e Yoga,Acessórios - Série C,Cadeira de Yoga Dobrável - Código: C-066,https://commanderbrasil.com.br/wp-content/uploads/2025/12/C-066-c-2.jpeg,https://commanderbrasil.com.br/wp-content/uploads/2025/12/C-066-c-2.jpeg,https://commanderbrasil.com.br/catalogo/cadeira-de-yoga-dobravel-c066/
2790,D005+,Caixa Impulso Quadril,Acessórios de Treino,,,https://commanderbrasil.com.br/wp-content/uploads/2025/12/D005-d-2.png,,https://commanderbrasil.com.br/catalogo/caixa-de-impulso-de-quadril-d005+/
1009352,QHSJ189,Caixa Plyo 3 em 1 Macia,-,Acessórios - QHSJ Treino,,https://commanderbrasil.com.br/wp-content/uploads/2025/12/QH-SJ189-bgbranco.webp,https://commanderbrasil.com.br/wp-content/uploads/2025/12/QH-SJ189-bgbranco.webp | https://commanderbrasil.com.br/wp-content/uploads/2025/12/QH-SJ189-ambientadas.webp,https://commanderbrasil.com.br/catalogo/soft-in-1-plyo-box-qhsj189/
1009348,QHSJ188,Caixa Plyo 3 em 1 Madeira,-,Acessórios - QHSJ Treino,,https://commanderbrasil.com.br/wp-content/uploads/2025/12/QH-SJ188-bgbranco.webp,https://commanderbrasil.com.br/wp-content/uploads/2025/12/QH-SJ188-bgbranco.webp | https://commanderbrasil.com.br/wp-content/uploads/2025/12/QH-SJ188-ambientadas.webp,https://commanderbrasil.com.br/catalogo/wooden-in-1-plyo-box-qhsj188/
1009356,QHSJ190,Caixa Plyo 4 Níveis,-,Acessórios - QHSJ Treino,,https://commanderbrasil.com.br/wp-content/uploads/2025/12/QHSJ190-bgbranco.webp,https://commanderbrasil.com.br/wp-content/uploads/2025/12/QHSJ190-bgbranco.webp | https://commanderbrasil.com.br/wp-content/uploads/2025/12/QHSJ190-ambientada.webp,https://commanderbrasil.com.br/catalogo/4-level-plyo-box-qhsj190/
2789,D005,Caixa Salto Macia 3-em-1,Acessórios de Treino,Acessórios - Série D,Caixa de Salto Macia 3 em 1 - Código: D-005,https://commanderbrasil.com.br/wp-content/uploads/2025/12/D005-d-2.png,https://commanderbrasil.com.br/wp-content/uploads/2025/12/D005-d-2.png,https://commanderbrasil.com.br/catalogo/caixa-de-salto-macia-em-1-d005/
2788,D004,Caixa Salto Madeira 3-em-1,Acessórios de Treino,Acessórios - Série D,Caixa de Salto de Madeira 3 em 1 - Código: D-004,https://commanderbrasil.com.br/wp-content/uploads/2025/12/D004-d-2.jpeg,https://commanderbrasil.com.br/wp-content/uploads/2025/12/D004-d-2.jpeg,https://commanderbrasil.com.br/catalogo/caixa-de-salto-de-madeira-em-1-d004/
296,VS15,Cama Extensora,Extensora de Pernas,Equipamentos - Série VS,,https://commanderbrasil.com.br/wp-content/uploads/2025/12/CMD-VS15-1.png,https://commanderbrasil.com.br/wp-content/uploads/2025/12/CMD-VS15-1.png | https://commanderbrasil.com.br/wp-content/uploads/2025/12/CMD-VS15-2.webp | https://commanderbrasil.com.br/wp-content/uploads/2025/12/CMD-VS15-1-1.webp,https://commanderbrasil.com.br/catalogo/cama-extensora-vs15/
2958,F011,Capacete Sanda,Acessórios de Treino,Acessórios - Série F,Capacete de Sanda - Código: F-011,https://commanderbrasil.com.br/wp-content/uploads/2025/12/F011-f-1.jpeg,https://commanderbrasil.com.br/wp-content/uploads/2025/12/F011-f-1.jpeg,https://commanderbrasil.com.br/catalogo/capacete-de-sanda-f011/
2679,C070,Cilindro Equilíbrio para Pilates,Acessórios de Treino,Acessórios - Série C,Cilindro de Balance para Pilates - Código: C-070,https://commanderbrasil.com.br/wp-content/uploads/2025/12/C-070-c-2.jpeg,https://commanderbrasil.com.br/wp-content/uploads/2025/12/C-070-c-2.jpeg,https://commanderbrasil.com.br/catalogo/cilindro-de-equilibrio-para-pilates-c070/
2611,C002,Cinta de Alongamento de Yoga,Tapetes e Yoga,Acessórios - Série C,Cinta de Alongamento de Yoga - Código: C-002,https://commanderbrasil.com.br/wp-content/uploads/2025/12/C-002-c-1.jpeg,https://commanderbrasil.com.br/wp-content/uploads/2025/12/C-002-c-1.jpeg,https://commanderbrasil.com.br/catalogo/cinta-de-alongamento-de-yoga-c002/
1009620,QHSJ142,Cinta de Alongamento Yoga,Tapetes e Yoga,Acessórios - QHSJ Yoga,,https://commanderbrasil.com.br/wp-content/uploads/2025/12/QH-SJ142-bgbranco.webp,https://commanderbrasil.com.br/wp-content/uploads/2025/12/QH-SJ142-bgbranco.webp | https://commanderbrasil.com.br/wp-content/uploads/2025/12/QH-SJ142-ambientadas.webp,https://commanderbrasil.com.br/catalogo/yoga-stretch-strap-qhsj142/
2691,C082,Cinta Elástica Alongamento,Mergulho e Barra Assistida,Acessórios - Série C,Cinta Elástica de Alongamento - Código: C-082,https://commanderbrasil.com.br/wp-content/uploads/2025/12/C-082-c-2.jpeg,https://commanderbrasil.com.br/wp-content/uploads/2025/12/C-082-c-2.jpeg,https://commanderbrasil.com.br/catalogo/cinta-elastica-de-alongamento-c082/
1009416,QHSJ206,Cintas Abdominais,Máquinas Abdominais,Acessórios - QHSJ Treino,,https://commanderbrasil.com.br/wp-content/uploads/2025/12/QH-SJ206-bgbranco.webp,https://commanderbrasil.com.br/wp-content/uploads/2025/12/QH-SJ206-bgbranco.webp | https://commanderbrasil.com.br/wp-content/uploads/2025/12/QH-SJ206-ambientadas.webp,https://commanderbrasil.com.br/catalogo/ab-straps-qhsj206/
2889,E012,Cintas Treino TRX,Acessórios de Treino,Acessórios - Série E,Cintas de Treinamento TRX - Código: E-012,https://commanderbrasil.com.br/wp-content/uploads/2025/12/E012-e-2.jpeg,https://commanderbrasil.com.br/wp-content/uploads/2025/12/E012-e-2.jpeg,https://commanderbrasil.com.br/catalogo/cintas-de-treinamento-trx-e012/
1009174,QHSJ99,Cinto de Levantamento,-,Acessórios - QHSJ Barras,,https://commanderbrasil.com.br/wp-content/uploads/2025/12/QHSJ99-bgbranco.webp,https://commanderbrasil.com.br/wp-content/uploads/2025/12/QHSJ99-bgbranco.webp | https://commanderbrasil.com.br/wp-content/uploads/2025/12/QHSJ99-ambientada.webp,https://commanderbrasil.com.br/catalogo/weightlifting-belt-qhsj99/
1009456,QHSJ216,Cinto de Resistência Dupla,Faixas de Resistência,Acessórios - QHSJ Treino,,https://commanderbrasil.com.br/wp-content/uploads/2025/12/QH-SJ216-bgbranco.webp,https://commanderbrasil.com.br/wp-content/uploads/2025/12/QH-SJ216-bgbranco.webp | https://commanderbrasil.com.br/wp-content/uploads/2025/12/QH-SJ216-ambientadas.webp,https://commanderbrasil.com.br/catalogo/dual-resistance-belt-qhsj216/
2680,C071,Cinto Quadril - Kit Tamanhos,Acessórios de Treino,Acessórios - Série C,Cinto de Quadril - Kit Tamanhos - Código: C-071,https://commanderbrasil.com.br/wp-content/uploads/2025/12/C-071-c-2.jpeg,https://commanderbrasil.com.br/wp-content/uploads/2025/12/C-071-c-2.jpeg,https://commanderbrasil.com.br/catalogo/cinto-de-quadril-kit-tamanhos-c071/
2886,E009,Cinto Resistência Dupla,Acessórios de Treino,Acessórios - Série E,Cinto de Endurance Dupla - Código: E-009,https://commanderbrasil.com.br/wp-content/uploads/2025/12/E009-e-2.jpeg,https://commanderbrasil.com.br/wp-content/uploads/2025/12/E009-e-2.jpeg,https://commanderbrasil.com.br/catalogo/cinto-de-resistencia-dupla-e009/
2888,E011,Cinto Treino Máquina Abdominal,Máquinas Abdominais,Acessórios - Série E,Cinto de Treinamento Máquina Abdominal - Código: E-011,https://commanderbrasil.com.br/wp-content/uploads/2025/12/E011-e-2.jpeg,https://commanderbrasil.com.br/wp-content/uploads/2025/12/E011-e-2.jpeg,https://commanderbrasil.com.br/catalogo/cinto-de-treinamento-abdominal-e011/
2676,C067,Cinto Vitalidade,Acessórios de Treino,Acessórios - Série C,Cinto de Vitalidade - Código: C-067,https://commanderbrasil.com.br/wp-content/uploads/2025/12/C-067-c-2.jpeg,https://commanderbrasil.com.br/wp-content/uploads/2025/12/C-067-c-2.jpeg,https://commanderbrasil.com.br/catalogo/cinto-de-vitalidade-c067/
2951,F004,Círculo Agilidade - 12 Peças,Acessórios de Treino,Acessórios - Série F,Círculo de Agility - 12 Peças - Código: F-004,https://commanderbrasil.com.br/wp-content/uploads/2025/12/F004-f-1.jpeg,https://commanderbrasil.com.br/wp-content/uploads/2025/12/F004-f-1.jpeg,https://commanderbrasil.com.br/catalogo/circulo-de-agilidade-12-pecas-f004/
2952,F005,Círculo Agilidade Hexagonal - 6 Peças,Acessórios de Treino,Acessórios - Série F,Círculo de Agility Hexagonal - 6 Peças - Código: F-005,https://commanderbrasil.com.br/wp-content/uploads/2025/12/F005-f-1.jpeg,https://commanderbrasil.com.br/wp-content/uploads/2025/12/F005-f-1.jpeg,https://commanderbrasil.com.br/catalogo/circulo-de-agilidade-hexagonal-pecas-f005/
2612,C003,Círculo de Pilates,Puxada Alta,Acessórios - Série C,Círculo de Pilates - Código: C-003,https://commanderbrasil.com.br/wp-content/uploads/2025/12/C-003-c-1.jpeg,https://commanderbrasil.com.br/wp-content/uploads/2025/12/C-003-c-1.jpeg,https://commanderbrasil.com.br/catalogo/circulo-de-pilates-c003/
2912,E035,Colete com Peso 5kg,Acessórios de Treino,Acessórios - Série E,Colete com Peso 5kg - Código: E-035,https://commanderbrasil.com.br/wp-content/uploads/2025/12/E035-e-1.jpeg,https://commanderbrasil.com.br/wp-content/uploads/2025/12/E035-e-1.jpeg,https://commanderbrasil.com.br/catalogo/colete-com-pesokg-e035/
1009520,QHSJ232,Cone de Treino,Acessórios de Treino,Acessórios - QHSJ Agilidade,,https://commanderbrasil.com.br/wp-content/uploads/2025/12/QH-SJ232-bgbranco.webp,https://commanderbrasil.com.br/wp-content/uploads/2025/12/QH-SJ232-bgbranco.webp | https://commanderbrasil.com.br/wp-content/uploads/2025/12/QH-SJ232-ambientadas.webp,https://commanderbrasil.com.br/catalogo/training-cone-qhsj232/
1009516,QHSJ231,Cone Marcador,Acessórios de Treino,Acessórios - QHSJ Agilidade,,https://commanderbrasil.com.br/wp-content/uploads/2025/12/QH-SJ231-bgbranco.webp,https://commanderbrasil.com.br/wp-content/uploads/2025/12/QH-SJ231-bgbranco.webp | https://commanderbrasil.com.br/wp-content/uploads/2025/12/QH-SJ231-ambientadas.webp,https://commanderbrasil.com.br/catalogo/marker-cone-qhsj231/
3071,XMI001,Conjunto 1 - Kit Completo Les Mills,Acessórios de Treino,Acessórios - Série XM-I,Conjunto 1 - Kit Completo Les Mills - Código: XM-I001,https://commanderbrasil.com.br/wp-content/uploads/2025/12/XM-i001-xm-i-1.jpeg,https://commanderbrasil.com.br/wp-content/uploads/2025/12/XM-i001-xm-i-1.jpeg,https://commanderbrasil.com.br/catalogo/conjunto-1-kit-completo-les-mills-xmi001/
3072,XMI002,Conjunto 2 - Kit Premium Les Mills,Acessórios de Treino,Acessórios - Série XM-I,Conjunto 2 - Kit Premium Les Mills - Código: XM-I002,https://commanderbrasil.com.br/wp-content/uploads/2025/12/XM-i002-xm-i-1.jpeg,https://commanderbrasil.com.br/wp-content/uploads/2025/12/XM-i002-xm-i-1.jpeg,https://commanderbrasil.com.br/catalogo/conjunto-kit-premium-les-mills-xmi002/
3073,XMI003,Conjunto 3 - Kit Básico Les Mills,Acessórios de Treino,Acessórios - Série XM-I,Conjunto 3 - Kit Básico Les Mills - Código: XM-I003,https://commanderbrasil.com.br/wp-content/uploads/2025/12/XM-i003-xm-i-1.jpeg,https://commanderbrasil.com.br/wp-content/uploads/2025/12/XM-i003-xm-i-1.jpeg,https://commanderbrasil.com.br/catalogo/conjunto-kit-basico-les-mills-xmi003/
3074,XMI004,Conjunto 4 - Kit Combinação,Acessórios de Treino,Acessórios - Série XM-I,Conjunto 4 - Kit Combinação - Código: XM-I004,https://commanderbrasil.com.br/wp-content/uploads/2025/12/XM-i004-xm-i-1.jpeg,https://commanderbrasil.com.br/wp-content/uploads/2025/12/XM-i004-xm-i-1.jpeg,https://commanderbrasil.com.br/catalogo/conjunto-kit-combinacao-xmi004/
2819,D034,Corda Balanço Base,Acessórios de Treino,Acessórios - Série D,Base para Balanço de Corda - Código: D-034,https://commanderbrasil.com.br/wp-content/uploads/2025/12/D034-d-2.jpeg,https://commanderbrasil.com.br/wp-content/uploads/2025/12/D034-d-2.jpeg,https://commanderbrasil.com.br/catalogo/base-para-balanco-de-corda-d034/
1009396,QHSJ200,Corda de Batalha,Cordas de Pular,Acessórios - QHSJ Treino,,https://commanderbrasil.com.br/wp-content/uploads/2025/12/QH-SJ200-bgbranco.webp,https://commanderbrasil.com.br/wp-content/uploads/2025/12/QH-SJ200-bgbranco.webp | https://commanderbrasil.com.br/wp-content/uploads/2025/12/QH-SJ200-ambientadas.webp,https://commanderbrasil.com.br/catalogo/battle-rope-qhsj200/
1009404,QHSJ202,Corda de Escalada,Cordas de Pular,Acessórios - QHSJ Treino,,https://commanderbrasil.com.br/wp-content/uploads/2025/12/QH-SJ202-bgbranco.webp,https://commanderbrasil.com.br/wp-content/uploads/2025/12/QH-SJ202-bgbranco.webp | https://commanderbrasil.com.br/wp-content/uploads/2025/12/QH-SJ202-ambientadas.webp,https://commanderbrasil.com.br/catalogo/climbing-rope-qhsj202/
2820,D035,Corda de Escalada Profissional,Acessórios de Treino,Acessórios - Série D,Corda de Escalada Professional - Código: D-035,https://commanderbrasil.com.br/wp-content/uploads/2025/12/D035-d-2.jpeg,https://commanderbrasil.com.br/wp-content/uploads/2025/12/D035-d-2.jpeg,https://commanderbrasil.com.br/catalogo/corda-de-escalada-profissional-d035/
1009540,QHSJ237,Corda de Pular Padrão,Cordas de Pular,Acessórios - QHSJ Agilidade,,https://commanderbrasil.com.br/wp-content/uploads/2025/12/QH-SJ237-bgbranco.webp,https://commanderbrasil.com.br/wp-content/uploads/2025/12/QH-SJ237-bgbranco.webp | https://commanderbrasil.com.br/wp-content/uploads/2025/12/QH-SJ237-ambientadas.webp,https://commanderbrasil.com.br/catalogo/standard-jump-rope-qhsj237/
1009532,QHSJ235,Corda de Pular Velocidade,Cordas de Pular,Acessórios - QHSJ Agilidade,,https://commanderbrasil.com.br/wp-content/uploads/2025/12/QH-SJ235-bgbranco.webp,https://commanderbrasil.com.br/wp-content/uploads/2025/12/QH-SJ235-bgbranco.webp | https://commanderbrasil.com.br/wp-content/uploads/2025/12/QH-SJ235-ambientadas.webp,https://commanderbrasil.com.br/catalogo/speed-jump-rope-qhsj235/
1009536,QHSJ236,Corda de Velocidade sem Rolamento,Cordas de Pular,Acessórios - QHSJ Agilidade,,https://commanderbrasil.com.br/wp-content/uploads/2025/12/QH-SJ236-bgbranco.webp,https://commanderbrasil.com.br/wp-content/uploads/2025/12/QH-SJ236-bgbranco.webp | https://commanderbrasil.com.br/wp-content/uploads/2025/12/QH-SJ236-ambientadas.webp,https://commanderbrasil.com.br/catalogo/bearingless-speed-rope-qhsj236/
1009328,QHSJ139,Corrente,-,Acessórios - QHSJ Barras,,https://commanderbrasil.com.br/wp-content/uploads/2025/12/QHSJ139-bgbranco.webp,https://commanderbrasil.com.br/wp-content/uploads/2025/12/QHSJ139-bgbranco.webp | https://commanderbrasil.com.br/wp-content/uploads/2025/12/QHSJ139-ambientada.webp,https://commanderbrasil.com.br/catalogo/chain-qhsj139/
2693,C084,Corretor de Postura,Acessórios de Treino,Acessórios - Série C,Posture Corrector - Código: C-084,https://commanderbrasil.com.br/wp-content/uploads/2025/12/C-084-c-2.jpeg,https://commanderbrasil.com.br/wp-content/uploads/2025/12/C-084-c-2.jpeg,https://commanderbrasil.com.br/catalogo/corretor-de-coluna-c084/
2881,ME004,Croissant 5kg,Acessórios de Treino,Acessórios - Série E,Croissant 5kg - Código: ME-004,https://commanderbrasil.com.br/wp-content/uploads/2025/12/woocommerce-placeholder-2.webp,https://commanderbrasil.com.br/wp-content/uploads/2025/12/woocommerce-placeholder-2.webp,https://commanderbrasil.com.br/catalogo/croissantkg-me004/
2993,F046,Cronômetro,Acessórios de Treino,Acessórios - Série F,Cronômetro - Código: F-046,https://commanderbrasil.com.br/wp-content/uploads/2025/12/F046-f-1.jpeg,https://commanderbrasil.com.br/wp-content/uploads/2025/12/F046-f-1.jpeg,https://commanderbrasil.com.br/catalogo/cronometro-f046/
3031,G031,Cronômetro Digital,Acessórios de Treino,Acessórios - Série G,Timer Digital - Código: G-031,https://commanderbrasil.com.br/wp-content/uploads/2025/12/G031-g-1.jpeg,https://commanderbrasil.com.br/wp-content/uploads/2025/12/G031-g-1.jpeg,https://commanderbrasil.com.br/catalogo/timer-digital-g031/
833,B1016,Crossover de Cabo,Máquinas de Cabo,Equipamentos - Série B,,https://commanderbrasil.com.br/wp-content/uploads/2025/12/B1016-1-1.webp,https://commanderbrasil.com.br/wp-content/uploads/2025/12/B1016-1-1.webp | https://commanderbrasil.com.br/wp-content/uploads/2025/12/B1016-2-1.webp,https://commanderbrasil.com.br/catalogo/crossover-b1016/
1380,GM20,Crossover de Cabo,Máquinas de Cabo,Equipamentos - Série GM,,https://commanderbrasil.com.br/wp-content/uploads/2025/12/GM20-bgbranco-2.webp,https://commanderbrasil.com.br/wp-content/uploads/2025/12/GM20-bgbranco-2.webp | https://commanderbrasil.com.br/wp-content/uploads/2025/12/GM20-ambientadas-2.webp,https://commanderbrasil.com.br/catalogo/crossover-cabo-gm20/
1454,LB635,Crossover de Cabo,Máquinas de Cabo,Equipamentos - Série LB,,https://commanderbrasil.com.br/wp-content/uploads/2025/12/LB635-bgbranco-2.webp,https://commanderbrasil.com.br/wp-content/uploads/2025/12/LB635-bgbranco-2.webp | https://commanderbrasil.com.br/wp-content/uploads/2025/12/LB635-3-2.webp,https://commanderbrasil.com.br/catalogo/crossover-cabo-lb635/
1594,CBP030,Deltoide Posterior,Desenvolvimento de Ombros,Equipamentos - Série CBP,,https://commanderbrasil.com.br/wp-content/uploads/2025/12/CBP030-bgbranco-bgbranco-1.webp,https://commanderbrasil.com.br/wp-content/uploads/2025/12/CBP030-bgbranco-bgbranco-1.webp | https://commanderbrasil.com.br/wp-content/uploads/2025/12/CBP030-ambientadas-ambientadas-1.webp,https://commanderbrasil.com.br/catalogo/deltoides-posteriores-cbp030/
1563,CBP001,Desenvolvimento de Ombros,Desenvolvimento de Ombros,Equipamentos - Série CBP,,https://commanderbrasil.com.br/wp-content/uploads/2025/12/CBP001-bgbranco-2.webp,https://commanderbrasil.com.br/wp-content/uploads/2025/12/CBP001-bgbranco-2.webp | https://commanderbrasil.com.br/wp-content/uploads/2025/12/CBP001-ambientadas-2.webp,https://commanderbrasil.com.br/catalogo/empurrador-de-ombro-cbp001/
286,VS05,Desenvolvimento de Ombros,Desenvolvimento de Ombros,Equipamentos - Série VS,,https://commanderbrasil.com.br/wp-content/uploads/2025/12/CMD-VS05-1.png,https://commanderbrasil.com.br/wp-content/uploads/2025/12/CMD-VS05-1.png | https://commanderbrasil.com.br/wp-content/uploads/2025/12/CMD-VS05-2.webp | https://commanderbrasil.com.br/wp-content/uploads/2025/12/CMD-VS05-1-1.webp,https://commanderbrasil.com.br/catalogo/desenvolvimento-ombros-vs05/
1320,SH114,Desenvolvimento de Ombros,Desenvolvimento de Ombros,Equipamentos - Série SH,,https://commanderbrasil.com.br/wp-content/uploads/2025/12/SH114-bgbranco-2.webp,https://commanderbrasil.com.br/wp-content/uploads/2025/12/SH114-bgbranco-2.webp | https://commanderbrasil.com.br/wp-content/uploads/2025/12/SH114-ambientadas-2.webp,https://commanderbrasil.com.br/catalogo/desenvolvimento-de-ombros-sh114/
1321,SH116,Desenvolvimento de Ombros,Desenvolvimento de Ombros,Equipamentos - Série SH,,https://commanderbrasil.com.br/wp-content/uploads/2025/12/SH116-bgbranco-2.webp,https://commanderbrasil.com.br/wp-content/uploads/2025/12/SH116-bgbranco-2.webp | https://commanderbrasil.com.br/wp-content/uploads/2025/12/SH116-ambientadas-2.webp,https://commanderbrasil.com.br/catalogo/shoulder-press-sh116/
1408,PL01,Desenvolvimento de Ombros,Desenvolvimento de Ombros,Equipamentos - Série GM,,https://commanderbrasil.com.br/wp-content/uploads/2025/12/PL01-bgbranco-2.webp,https://commanderbrasil.com.br/wp-content/uploads/2025/12/PL01-bgbranco-2.webp | https://commanderbrasil.com.br/wp-content/uploads/2025/12/PL01-ambientadas-2.webp,https://commanderbrasil.com.br/catalogo/desenvolvimento-ombro-pl01/
141,GM40,Desenvolvimento de Ombros,Desenvolvimento de Ombros,Equipamentos - Série GM,,https://commanderbrasil.com.br/wp-content/uploads/2025/12/GM40-bgbranco-2.webp,https://commanderbrasil.com.br/wp-content/uploads/2025/12/GM40-bgbranco-2.webp | https://commanderbrasil.com.br/wp-content/uploads/2025/12/GM40-ambientadas-2.webp,https://commanderbrasil.com.br/catalogo/desenvolvimento-ombro-gm40/
909,GK01,Desenvolvimento de Ombros,Desenvolvimento de Ombros,Equipamentos - Série B,,https://commanderbrasil.com.br/wp-content/uploads/2025/12/GK01-bgbranco-2.webp,https://commanderbrasil.com.br/wp-content/uploads/2025/12/GK01-bgbranco-2.webp | https://commanderbrasil.com.br/wp-content/uploads/2025/12/GK01-ambientadas-2.webp,https://commanderbrasil.com.br/catalogo/desenvolvimento-ombros-gk01/
1422,LB603,Desenvolvimento de Ombros,Desenvolvimento de Ombros,Equipamentos - Série LB,,https://commanderbrasil.com.br/wp-content/uploads/2025/12/LB603-bgbranco-2.webp,https://commanderbrasil.com.br/wp-content/uploads/2025/12/LB603-bgbranco-2.webp | https://commanderbrasil.com.br/wp-content/uploads/2025/12/LB603-4-2.webp,https://commanderbrasil.com.br/catalogo/desenvolvimento-ombros-lb603/
920,D935,Desenvolvimento de Ombros,Desenvolvimento de Ombros,Equipamentos - Série D,,https://commanderbrasil.com.br/wp-content/uploads/2025/12/CMD-D935-cmd-d-series-2.png,https://commanderbrasil.com.br/wp-content/uploads/2025/12/CMD-D935-cmd-d-series-2.png | https://commanderbrasil.com.br/wp-content/uploads/2025/12/CMD-D935-2.webp,https://commanderbrasil.com.br/catalogo/desenvolvimento-ombros-d935/
1004697,PM13,Desenvolvimento de Ombros,Desenvolvimento de Ombros,Equipamentos - Série PM,,https://commanderbrasil.com.br/wp-content/uploads/2025/12/PM13-bgbranco.webp,https://commanderbrasil.com.br/wp-content/uploads/2025/12/PM13-bgbranco.webp | https://commanderbrasil.com.br/wp-content/uploads/2025/12/PM13-ambientadas.webp,https://commanderbrasil.com.br/catalogo/desenvolvimento-de-ombros-pm13/
1000125,LBF04,Desenvolvimento de Ombros,Desenvolvimento de Ombros,Equipamentos - Série LB-F,,https://commanderbrasil.com.br/wp-content/uploads/2025/12/LB-F04-bgbranco-2.webp,https://commanderbrasil.com.br/wp-content/uploads/2025/12/LB-F04-bgbranco-2.webp | https://commanderbrasil.com.br/wp-content/uploads/2025/12/LB-F04-ambientadas-2.webp,https://commanderbrasil.com.br/catalogo/desenvolvimento-ombros-lbf04/
1444,LB625,Desenvolvimento de Ombros Anilhado,Desenvolvimento de Ombros,Equipamentos - Série LB,,https://commanderbrasil.com.br/wp-content/uploads/2025/12/LB625-bgbranco-2.webp,https://commanderbrasil.com.br/wp-content/uploads/2025/12/LB625-bgbranco-2.webp | https://commanderbrasil.com.br/wp-content/uploads/2025/12/LB625-2-2.webp,https://commanderbrasil.com.br/catalogo/desenvolvimento-maquina-anilhada-lb625/
1269,SH30,Desenvolvimento de Ombros em Pé,Desenvolvimento de Ombros,Equipamentos - Série SH,,https://commanderbrasil.com.br/wp-content/uploads/2025/12/SH30-bgbranco-2.webp,https://commanderbrasil.com.br/wp-content/uploads/2025/12/SH30-bgbranco-2.webp | https://commanderbrasil.com.br/wp-content/uploads/2025/12/SH30-ambientadas-2.webp,https://commanderbrasil.com.br/catalogo/desenvolvimento-em-pe-sh30/
1260,SH21,Desenvolvimento De Ombros ISO-Lateral,Puxada Alta,Equipamentos - Série SH,,https://commanderbrasil.com.br/wp-content/uploads/2025/12/SH21-bgbranco-2.webp,https://commanderbrasil.com.br/wp-content/uploads/2025/12/SH21-bgbranco-2.webp | https://commanderbrasil.com.br/wp-content/uploads/2025/12/SH21-ambientadas-2.webp,https://commanderbrasil.com.br/catalogo/desenvolvimento-de-ombros-iso-lateral-sh21/
979,LBF05,Desenvolvimento Ombros,Desenvolvimento de Ombros,Equipamentos - Série LB-F,,https://commanderbrasil.com.br/wp-content/uploads/2025/12/LB-F05-bgbranco-2.webp,https://commanderbrasil.com.br/wp-content/uploads/2025/12/LB-F05-bgbranco-2.webp | https://commanderbrasil.com.br/wp-content/uploads/2025/12/LB-F05-ambientadas-2.webp,https://commanderbrasil.com.br/catalogo/desenvolvimento-ombros-lbf05/
2953,F006,Disco com Logo - 25 Peças,Acessórios de Treino,Acessórios - Série F,Disco com Logo - 25 Peças - Código: F-006,https://commanderbrasil.com.br/wp-content/uploads/2025/12/F006-f-1.jpeg,https://commanderbrasil.com.br/wp-content/uploads/2025/12/F006-f-1.jpeg,https://commanderbrasil.com.br/catalogo/disco-com-logo5-pecas-f006/
2827,D042,Disco Deslizante,Acessórios de Treino,Acessórios - Série D,Disco Deslizante - Código: D-042,https://commanderbrasil.com.br/wp-content/uploads/2025/12/D042-d-2.jpeg,https://commanderbrasil.com.br/wp-content/uploads/2025/12/D042-d-2.jpeg,https://commanderbrasil.com.br/catalogo/disco-deslizante-d042/
1009528,QHSJ234,Disco Deslizante,-,Acessórios - QHSJ Agilidade,,https://commanderbrasil.com.br/wp-content/uploads/2025/12/QH-SJ234-bgbranco.webp,https://commanderbrasil.com.br/wp-content/uploads/2025/12/QH-SJ234-bgbranco.webp | https://commanderbrasil.com.br/wp-content/uploads/2025/12/QH-SJ234-ambientadas.webp,https://commanderbrasil.com.br/catalogo/gliding-disc-qhsj234/
1009388,QHSJ198,Disco Deslizante Core,-,Acessórios - QHSJ Treino,,https://commanderbrasil.com.br/wp-content/uploads/2025/12/QH-SJ198-bgbranco.webp,https://commanderbrasil.com.br/wp-content/uploads/2025/12/QH-SJ198-bgbranco.webp | https://commanderbrasil.com.br/wp-content/uploads/2025/12/QH-SJ198-ambientadas.webp,https://commanderbrasil.com.br/catalogo/core-slider-disc-qhsj198/
2690,C081,Dispositivo Fortalecimento dos Glúteos,Quadril e Glúteos,Acessórios - Série C,Dispositivo de Fortalecimento dos Glúteos - Código: C-081,https://commanderbrasil.com.br/wp-content/uploads/2025/12/C-081-c-2.jpeg,https://commanderbrasil.com.br/wp-content/uploads/2025/12/C-081-c-2.jpeg,https://commanderbrasil.com.br/catalogo/dispositivo-de-fortalecimento-dos-gluteos-c081/
2688,C079,Donut Exercício,Acessórios de Treino,Acessórios - Série C,Donut de Exercise - Código: C-079,https://commanderbrasil.com.br/wp-content/uploads/2025/12/C-079-c-2.jpeg,https://commanderbrasil.com.br/wp-content/uploads/2025/12/C-079-c-2.jpeg,https://commanderbrasil.com.br/catalogo/donut-de-exercicio-c079/
288,VS07,Dorsal Puxada,Puxada Alta,Equipamentos - Série VS,,https://commanderbrasil.com.br/wp-content/uploads/2025/12/CMD-VS07-1.png,https://commanderbrasil.com.br/wp-content/uploads/2025/12/CMD-VS07-1.png,https://commanderbrasil.com.br/catalogo/lat-pulldown-vs07/
893,1207,Dorsal Puxada/Remada Baixa,Puxada Alta,,,,,https://commanderbrasil.com.br/catalogo/lat-pulldown-remada-baixa-1207/
894,1207B,Dorsal Puxada/Remada Baixa,Puxada Alta,,,,,https://commanderbrasil.com.br/catalogo/lat-pulldown-remada-baixa-1207b/
2647,C038,Elastic com Corda - Completo Kit,Acessórios de Treino,Acessórios - Série C,Elástico com Corda - Kit Completo - Código: C-038,https://commanderbrasil.com.br/wp-content/uploads/2025/12/C-038-c-2.jpeg,https://commanderbrasil.com.br/wp-content/uploads/2025/12/C-038-c-2.jpeg,https://commanderbrasil.com.br/catalogo/elastico-com-corda-kit-completo-c038/
2648,C039,Elastic com Corda 30lb,Acessórios de Treino,Acessórios - Série C,Elástico com Corda 30lb - Código: C-039,https://commanderbrasil.com.br/wp-content/uploads/2025/12/C-039-c-2.jpeg,https://commanderbrasil.com.br/wp-content/uploads/2025/12/C-039-c-2.jpeg,https://commanderbrasil.com.br/catalogo/elastico-com-corda0lb-c039/
1399,GM106,Elevação de Quadril,Quadril e Glúteos,Equipamentos - Série GM,,https://commanderbrasil.com.br/wp-content/uploads/2025/12/GM106-bgbranco-2.webp,https://commanderbrasil.com.br/wp-content/uploads/2025/12/GM106-bgbranco-2.webp | https://commanderbrasil.com.br/wp-content/uploads/2025/12/GM106-ambientadas-2.webp,https://commanderbrasil.com.br/catalogo/elevacao-de-quadril-gm106/
183,GM86,Elevação de Quadril,Quadril e Glúteos,Equipamentos - Série GM,,https://commanderbrasil.com.br/wp-content/uploads/2025/12/GM86-bgbranco-2.webp,https://commanderbrasil.com.br/wp-content/uploads/2025/12/GM86-bgbranco-2.webp | https://commanderbrasil.com.br/wp-content/uploads/2025/12/GM86-ambientadas-2.webp,https://commanderbrasil.com.br/catalogo/elevacao-de-quadril-gm86/
1003,LBF29,Elevação de Quadril,Quadril e Glúteos,Equipamentos - Série LB-F,,https://commanderbrasil.com.br/wp-content/uploads/2025/12/LB-F29-bgbranco-1.webp,https://commanderbrasil.com.br/wp-content/uploads/2025/12/LB-F29-bgbranco-1.webp | https://commanderbrasil.com.br/wp-content/uploads/2025/12/LB-F29-ambientadas-1.webp,https://commanderbrasil.com.br/catalogo/elevacao-de-quadril-lbf29/
1685,CBP119,Elevação de Quadril Deitado,Quadril e Glúteos,Equipamentos - Série CBP,,https://commanderbrasil.com.br/wp-content/uploads/2025/12/CBP119-bgbranco-2.webp,https://commanderbrasil.com.br/wp-content/uploads/2025/12/CBP119-bgbranco-2.webp | https://commanderbrasil.com.br/wp-content/uploads/2025/12/CBP119-ambientadas-2.webp,https://commanderbrasil.com.br/catalogo/elevacao-de-quadril-deitado-cbp119/
1288,SH58,Elevação Lateral,Outras Anilhadas,Equipamentos - Série SH,,https://commanderbrasil.com.br/wp-content/uploads/2025/12/SH58-bgbranco-2.webp,https://commanderbrasil.com.br/wp-content/uploads/2025/12/SH58-bgbranco-2.webp | https://commanderbrasil.com.br/wp-content/uploads/2025/12/SH58-ambientadas-2.webp,https://commanderbrasil.com.br/catalogo/elevacao-lateral-sh58/
826,B1005,Elevação Lateral,Elevação Lateral,Equipamentos - Série B,,https://commanderbrasil.com.br/wp-content/uploads/2025/12/B1005-1-1.webp,https://commanderbrasil.com.br/wp-content/uploads/2025/12/B1005-1-1.webp | https://commanderbrasil.com.br/wp-content/uploads/2025/12/B1005-2-1.webp,https://commanderbrasil.com.br/catalogo/elevacao-lateral-b1005/
1083,CBS007,Elevação Lateral,Elevação Lateral,Equipamentos - Série CBS,,https://commanderbrasil.com.br/wp-content/uploads/2025/12/CBS007-bgbranco-2.webp,https://commanderbrasil.com.br/wp-content/uploads/2025/12/CBS007-bgbranco-2.webp | https://commanderbrasil.com.br/wp-content/uploads/2025/12/CBS007-ambientadas-2.webp,https://commanderbrasil.com.br/catalogo/elevacao-lateral-cbs007/
1378,GM58,Elevação Lateral,Elevação Lateral,Equipamentos - Série GM,,https://commanderbrasil.com.br/wp-content/uploads/2025/12/GM58-bgbranco-2.webp,https://commanderbrasil.com.br/wp-content/uploads/2025/12/GM58-bgbranco-2.webp | https://commanderbrasil.com.br/wp-content/uploads/2025/12/GM58-ambientadas-2.webp,https://commanderbrasil.com.br/catalogo/elevacao-lateral-gm58/
1409,GT01,Elevação Lateral,Outros Cardio,Equipamentos - Série GT,,https://commanderbrasil.com.br/wp-content/uploads/2025/12/GT01-bgbranco-2.webp,https://commanderbrasil.com.br/wp-content/uploads/2025/12/GT01-bgbranco-2.webp | https://commanderbrasil.com.br/wp-content/uploads/2025/12/GT01-ambientadas-2.webp,https://commanderbrasil.com.br/catalogo/elevacao-lateral-gt01/
1436,LB617,Elevação Lateral,Elevação Lateral,Equipamentos - Série LB,,https://commanderbrasil.com.br/wp-content/uploads/2025/12/LB617-bgbranco-2.webp,https://commanderbrasil.com.br/wp-content/uploads/2025/12/LB617-bgbranco-2.webp | https://commanderbrasil.com.br/wp-content/uploads/2025/12/LB617-2-2.webp,https://commanderbrasil.com.br/catalogo/elevacao-lateral-lb617/
185,GM93,Elevação Lateral,Elevação Lateral,Equipamentos - Série GM,,https://commanderbrasil.com.br/wp-content/uploads/2025/12/GM93-bgbranco-2.webp,https://commanderbrasil.com.br/wp-content/uploads/2025/12/GM93-bgbranco-2.webp | https://commanderbrasil.com.br/wp-content/uploads/2025/12/GM93-ambientadas-2.webp,https://commanderbrasil.com.br/catalogo/elevacao-lateral-gm93/
1002,LBF28,Elevação Lateral de Ombros,Puxada Alta,Equipamentos - Série LB-F,,https://commanderbrasil.com.br/wp-content/uploads/2025/12/LB-F28-bgbranco-2.webp,https://commanderbrasil.com.br/wp-content/uploads/2025/12/LB-F28-bgbranco-2.webp | https://commanderbrasil.com.br/wp-content/uploads/2025/12/LB-F28-ambientadas-2.webp,https://commanderbrasil.com.br/catalogo/elevacao-lateral-de-ombros-lbf28/
1090,CBS014,Elevação Lateral Em Pé e Voador,Elevação Lateral,Equipamentos - Série CBS,,https://commanderbrasil.com.br/wp-content/uploads/2025/12/CBS014-bgbranco-2.webp,https://commanderbrasil.com.br/wp-content/uploads/2025/12/CBS014-bgbranco-2.webp | https://commanderbrasil.com.br/wp-content/uploads/2025/12/CBS014-ambientadas-2.webp,https://commanderbrasil.com.br/catalogo/elevacao-lateral-em-pe-e-fly-cbs014/
921,D940,Elevação Posterior,Outras Máquinas,Equipamentos - Série D,,https://commanderbrasil.com.br/wp-content/uploads/2025/12/CMD-D940-cmd-d-series-2.png,https://commanderbrasil.com.br/wp-content/uploads/2025/12/CMD-D940-cmd-d-series-2.png | https://commanderbrasil.com.br/wp-content/uploads/2025/12/CMD-D940-2.webp,https://commanderbrasil.com.br/catalogo/elevacao-de-posterior-d940/
1544,LBE41,Elíptico,Elípticos,Equipamentos - Série LB-E,,https://commanderbrasil.com.br/wp-content/uploads/2025/12/LB-E41-bgbranco-1.webp,https://commanderbrasil.com.br/wp-content/uploads/2025/12/LB-E41-bgbranco-1.webp | https://commanderbrasil.com.br/wp-content/uploads/2025/12/LB-E41-ambientadas-1.webp,https://commanderbrasil.com.br/catalogo/eliptico-lbe41/
249931,LBE22,Elíptico,Elípticos,Equipamentos - Série LB-E,,https://commanderbrasil.com.br/wp-content/uploads/2025/12/LB-E22-bgbranco-1.webp,https://commanderbrasil.com.br/wp-content/uploads/2025/12/LB-E22-bgbranco-1.webp | https://commanderbrasil.com.br/wp-content/uploads/2025/12/LB-E22-ambientadas-1.webp,https://commanderbrasil.com.br/catalogo/eliptico-lbe22/
1519,LBE18,Elíptico,Elípticos,Equipamentos - Série LB-E,,https://commanderbrasil.com.br/wp-content/uploads/2025/12/LB-E18-bgbranco-1.webp,https://commanderbrasil.com.br/wp-content/uploads/2025/12/LB-E18-bgbranco-1.webp | https://commanderbrasil.com.br/wp-content/uploads/2025/12/LB-E18-ambientadas-1.webp,https://commanderbrasil.com.br/catalogo/eliptico-lbe18/
1522,LBE21,Elíptico,Elípticos,Equipamentos - Série LB-E,,https://commanderbrasil.com.br/wp-content/uploads/2025/12/LB-E-21-bgbranco-1.webp,https://commanderbrasil.com.br/wp-content/uploads/2025/12/LB-E-21-bgbranco-1.webp | https://commanderbrasil.com.br/wp-content/uploads/2025/12/LB-E-21-ambientadas-1.webp,https://commanderbrasil.com.br/catalogo/eliptico-lbe21/
1524,LBE23,Elíptico,Elípticos,Equipamentos - Série LB-E,,https://commanderbrasil.com.br/wp-content/uploads/2025/12/LB-E23-bgbranco-1.webp,https://commanderbrasil.com.br/wp-content/uploads/2025/12/LB-E23-bgbranco-1.webp | https://commanderbrasil.com.br/wp-content/uploads/2025/12/LB-E23-ambientadas-1.webp,https://commanderbrasil.com.br/catalogo/eliptico-lbe23/
1525,LBE24,Elíptico,Elípticos,Equipamentos - Série LB-E,,https://commanderbrasil.com.br/wp-content/uploads/2025/12/LB-E24-bgbranco-1.webp,https://commanderbrasil.com.br/wp-content/uploads/2025/12/LB-E24-bgbranco-1.webp | https://commanderbrasil.com.br/wp-content/uploads/2025/12/LB-E24-ambientadas-1.webp,https://commanderbrasil.com.br/catalogo/eliptico-lbe24/
1527,LBE25,Elíptico,Elípticos,Equipamentos - Série LB-E,,https://commanderbrasil.com.br/wp-content/uploads/2025/12/LB-E25-bgbranco-1.webp,https://commanderbrasil.com.br/wp-content/uploads/2025/12/LB-E25-bgbranco-1.webp | https://commanderbrasil.com.br/wp-content/uploads/2025/12/LB-E25-ambientadas-1.webp,https://commanderbrasil.com.br/catalogo/eliptico-lbe25/
1526,LBE24A,Elíptico com Inclinação,Elípticos,Equipamentos - Série LB-E,,https://commanderbrasil.com.br/wp-content/uploads/2025/12/LB-E24A-bgbranco-1.webp,https://commanderbrasil.com.br/wp-content/uploads/2025/12/LB-E24A-bgbranco-1.webp | https://commanderbrasil.com.br/wp-content/uploads/2025/12/LB-E24A-ambientadas-1.webp,https://commanderbrasil.com.br/catalogo/eliptico-com-inclinacao-lbe24a/
929,D980,Em Pé Adutora de Quadril,Adutora de Quadril,Equipamentos - Série D,,https://commanderbrasil.com.br/wp-content/uploads/2025/12/CMD-D980-cmd-d-series-2.png,https://commanderbrasil.com.br/wp-content/uploads/2025/12/CMD-D980-cmd-d-series-2.png | https://commanderbrasil.com.br/wp-content/uploads/2025/12/CMD-D980-2.webp,https://commanderbrasil.com.br/catalogo/adutora-em-pe-d980/
924,D955,Em Pé Flexora de Pernas,Flexora de Pernas,Equipamentos - Série D,,https://commanderbrasil.com.br/wp-content/uploads/2025/12/CMD-D955-cmd-d-series-2.png,https://commanderbrasil.com.br/wp-content/uploads/2025/12/CMD-D955-cmd-d-series-2.png | https://commanderbrasil.com.br/wp-content/uploads/2025/12/CMD-D955-2.webp,https://commanderbrasil.com.br/catalogo/flexora-em-pe-d955/
1654,CBP088,Encolhimento Ombros Super,Desenvolvimento de Ombros,Equipamentos - Série CBP,,https://commanderbrasil.com.br/wp-content/uploads/2025/12/CBP088-bgbranco-2.webp,https://commanderbrasil.com.br/wp-content/uploads/2025/12/CBP088-bgbranco-2.webp | https://commanderbrasil.com.br/wp-content/uploads/2025/12/CBP088-ambientadas-2.webp,https://commanderbrasil.com.br/catalogo/encolhimento-de-ombros-super-cbp088/
3034,G034,Equipamento Agachamento,Acessórios de Treino,Acessórios - Série G,Equipamento de Squat - Código: G-034,https://commanderbrasil.com.br/wp-content/uploads/2025/12/G034-g-1.jpeg,https://commanderbrasil.com.br/wp-content/uploads/2025/12/G034-g-1.jpeg,https://commanderbrasil.com.br/catalogo/equipamento-de-agachamento-g034/
2949,F002,Escada Agilidade 10 metros,Acessórios de Treino,Acessórios - Série F,Escada de Agility 10 metros - Código: F-002,https://commanderbrasil.com.br/wp-content/uploads/2025/12/F002-f-1.jpeg,https://commanderbrasil.com.br/wp-content/uploads/2025/12/F002-f-1.jpeg,https://commanderbrasil.com.br/catalogo/escada-de-agilidade-10-metros-f002/
2948,F001,Escada Agilidade 6 metros,Acessórios de Treino,Acessórios - Série F,Escada de Agility 6 metros - Código: F-001,https://commanderbrasil.com.br/wp-content/uploads/2025/12/F001-f-1.jpeg,https://commanderbrasil.com.br/wp-content/uploads/2025/12/F001-f-1.jpeg,https://commanderbrasil.com.br/catalogo/escada-de-agilidade-metros-f001/
1009500,QHSJ227,Escada de Agilidade 10m,Acessórios de Treino,Acessórios - QHSJ Agilidade,,https://commanderbrasil.com.br/wp-content/uploads/2025/12/QHSJ227-bgbranco.webp,https://commanderbrasil.com.br/wp-content/uploads/2025/12/QHSJ227-bgbranco.webp | https://commanderbrasil.com.br/wp-content/uploads/2025/12/QHSJ227-ambientada.webp,https://commanderbrasil.com.br/catalogo/agility-ladder-10m-qhsj227/
1009496,QHSJ226,Escada de Agilidade 6m,Acessórios de Treino,Acessórios - QHSJ Agilidade,,https://commanderbrasil.com.br/wp-content/uploads/2025/12/QHSJ226-bgbranco.webp,https://commanderbrasil.com.br/wp-content/uploads/2025/12/QHSJ226-bgbranco.webp | https://commanderbrasil.com.br/wp-content/uploads/2025/12/QHSJ226-ambientada.webp,https://commanderbrasil.com.br/catalogo/agility-ladderm-qhsj226/
1009504,QHSJ228,Escada de Agilidade Dupla,Acessórios de Treino,Acessórios - QHSJ Agilidade,,https://commanderbrasil.com.br/wp-content/uploads/2025/12/QH-SJ228-bgbranco.webp,https://commanderbrasil.com.br/wp-content/uploads/2025/12/QH-SJ228-bgbranco.webp | https://commanderbrasil.com.br/wp-content/uploads/2025/12/QH-SJ228-ambientadas.webp,https://commanderbrasil.com.br/catalogo/double-agility-ladder-qhsj228/
1540,LBE37,Escada Jacó,Outros Cardio,Equipamentos - Série LB-E,,https://commanderbrasil.com.br/wp-content/uploads/2025/12/LB-E37-bgbranco-1.webp,https://commanderbrasil.com.br/wp-content/uploads/2025/12/LB-E37-bgbranco-1.webp | https://commanderbrasil.com.br/wp-content/uploads/2025/12/LB-E37-ambientadas-1.webp,https://commanderbrasil.com.br/catalogo/escada-de-jaco-jacobs-ladder-lbe37/
2625,C016,Espuma Rolo PE 45cm,Rolos de Espuma,Acessórios - Série C,Foam Roller PE 45cm - Código: C-016,https://commanderbrasil.com.br/wp-content/uploads/2025/12/C-016-c-2.jpeg,https://commanderbrasil.com.br/wp-content/uploads/2025/12/C-016-c-2.jpeg,https://commanderbrasil.com.br/catalogo/rolo-de-espuma-pe5cm-c016/
2626,C017,Espuma Rolo PE 60cm,Rolos de Espuma,Acessórios - Série C,Foam Roller PE 60cm - Código: C-017,https://commanderbrasil.com.br/wp-content/uploads/2025/12/C-017-c-2.jpeg,https://commanderbrasil.com.br/wp-content/uploads/2025/12/C-017-c-2.jpeg,https://commanderbrasil.com.br/catalogo/rolo-de-espuma-pe0cm-c017/
2627,C018,Espuma Rolo PE 90cm,Rolos de Espuma,Acessórios - Série C,Foam Roller PE 90cm - Código: C-018,https://commanderbrasil.com.br/wp-content/uploads/2025/12/C-018-c-2.jpeg,https://commanderbrasil.com.br/wp-content/uploads/2025/12/C-018-c-2.jpeg,https://commanderbrasil.com.br/catalogo/rolo-de-espuma-pe-90cm-c018/
2633,C024,Espuma Rolo PE Premium 45cm,Rolos de Espuma,Acessórios - Série C,Foam Roller PE Premium 45cm - Código: C-024,https://commanderbrasil.com.br/wp-content/uploads/2025/12/C-024-c-2.jpeg,https://commanderbrasil.com.br/wp-content/uploads/2025/12/C-024-c-2.jpeg,https://commanderbrasil.com.br/catalogo/rolo-de-espuma-pe-premium5cm-c024/
2634,C025,Espuma Rolo PE Resistant 60cm,Rolos de Espuma,Acessórios - Série C,Foam Roller PE Resistant 60cm - Código: C-025,https://commanderbrasil.com.br/wp-content/uploads/2025/12/C-025-c-2.jpeg,https://commanderbrasil.com.br/wp-content/uploads/2025/12/C-025-c-2.jpeg,https://commanderbrasil.com.br/catalogo/rolo-de-espuma-pe-resistente0cm-c025/
2635,C026,Espuma Rolo PE Resistant 90cm,Rolos de Espuma,Acessórios - Série C,Foam Roller PE Resistant 90cm - Código: C-026,https://commanderbrasil.com.br/wp-content/uploads/2025/12/C-026-c-2.jpeg,https://commanderbrasil.com.br/wp-content/uploads/2025/12/C-026-c-2.jpeg,https://commanderbrasil.com.br/catalogo/rolo-de-espuma-pe-resistente-90cm-c026/
939,LB360A,Estação 3 Posições,Multi-Estações,Equipamentos - Série 360,,https://commanderbrasil.com.br/wp-content/uploads/2025/12/LB-360A-bgbranco-1.webp,https://commanderbrasil.com.br/wp-content/uploads/2025/12/LB-360A-bgbranco-1.webp | https://commanderbrasil.com.br/wp-content/uploads/2025/12/LB-360A-ambientadas-1.webp,https://commanderbrasil.com.br/catalogo/estacao-posicoes-lb360a/
1004682,GM84,Estação 4 Posições,Multi-Estações,Equipamentos - Série 360,,https://commanderbrasil.com.br/wp-content/uploads/2025/12/GM84-bgbranco.webp,https://commanderbrasil.com.br/wp-content/uploads/2025/12/GM84-bgbranco.webp | https://commanderbrasil.com.br/wp-content/uploads/2025/12/GM84-ambientadas.webp,https://commanderbrasil.com.br/catalogo/estacao-posicoes-gm84/
933,B1098,Estação 4 Posições,Multi-Estações,Equipamentos - Série 360,,https://commanderbrasil.com.br/wp-content/uploads/2025/12/B1098-1-2.webp,https://commanderbrasil.com.br/wp-content/uploads/2025/12/B1098-1-2.webp,https://commanderbrasil.com.br/catalogo/estacao-posicoes-b1098/
934,B14002,Estação 4 Posições,Multi-Estações,Equipamentos - Série 360,,https://commanderbrasil.com.br/wp-content/uploads/2025/12/B14002-1-2.webp,https://commanderbrasil.com.br/wp-content/uploads/2025/12/B14002-1-2.webp,https://commanderbrasil.com.br/catalogo/estacao-posicoes-b14002/
940,LB360B,Estação 4 Posições,Multi-Estações,Equipamentos - Série 360,,https://commanderbrasil.com.br/wp-content/uploads/2025/12/LB-360B-bgbranco-1.webp,https://commanderbrasil.com.br/wp-content/uploads/2025/12/LB-360B-bgbranco-1.webp | https://commanderbrasil.com.br/wp-content/uploads/2025/12/LB-360B-ambientadas-1.webp,https://commanderbrasil.com.br/catalogo/estacao-posicoes-lb360b/
935,B14001,Estação 5 Posições,Multi-Estações,Equipamentos - Série 360,,https://commanderbrasil.com.br/wp-content/uploads/2025/12/B14001-1-2.webp,https://commanderbrasil.com.br/wp-content/uploads/2025/12/B14001-1-2.webp,https://commanderbrasil.com.br/catalogo/estacao-posicoes-b14001/
938,GM83,Estação 5 Posições,Multi-Estações,Equipamentos - Série 360,,https://commanderbrasil.com.br/wp-content/uploads/2025/12/GM83-bgbranco-2.webp,https://commanderbrasil.com.br/wp-content/uploads/2025/12/GM83-bgbranco-2.webp | https://commanderbrasil.com.br/wp-content/uploads/2025/12/GM83-ambientadas-2.webp,https://commanderbrasil.com.br/catalogo/estacao-posicoes-gm83/
941,LB360C,Estação 6 Posições,Multi-Estações,Equipamentos - Série 360,,https://commanderbrasil.com.br/wp-content/uploads/2025/12/LB-360C-bgbranco-1.webp,https://commanderbrasil.com.br/wp-content/uploads/2025/12/LB-360C-bgbranco-1.webp | https://commanderbrasil.com.br/wp-content/uploads/2025/12/LB-360C-ambientadas-1.webp,https://commanderbrasil.com.br/catalogo/estacao-posicoes-lb360c/
936,B14003,Estação 8 Posições,Multi-Estações,Equipamentos - Série 360,,https://commanderbrasil.com.br/wp-content/uploads/2025/12/B14003-1-2.webp,https://commanderbrasil.com.br/wp-content/uploads/2025/12/B14003-1-2.webp,https://commanderbrasil.com.br/catalogo/estacao-8-posicoes-b14003/
937,GM77,Estação 8 Posições,Multi-Estações,Equipamentos - Série 360,,https://commanderbrasil.com.br/wp-content/uploads/2025/12/GM77-bgbranco-2.webp,https://commanderbrasil.com.br/wp-content/uploads/2025/12/GM77-bgbranco-2.webp | https://commanderbrasil.com.br/wp-content/uploads/2025/12/GM77-ambientadas-2.webp,https://commanderbrasil.com.br/catalogo/estacao-8-posicoes-gm77/
942,LB360D,Estação 8 Posições,Multi-Estações,Equipamentos - Série 360,,https://commanderbrasil.com.br/wp-content/uploads/2025/12/LB-360D-bgbranco-1.webp,https://commanderbrasil.com.br/wp-content/uploads/2025/12/LB-360D-bgbranco-1.webp | https://commanderbrasil.com.br/wp-content/uploads/2025/12/LB-360D-ambientadas-1.webp,https://commanderbrasil.com.br/catalogo/estacao-8-posicoes-lb360d/
1315,SH99,"Estação De Barra Fixa, Parallel e Elevação De Pernas",Outras Anilhadas,Equipamentos - Série SH,,https://commanderbrasil.com.br/wp-content/uploads/2025/12/SH99-bgbranco-2.webp,https://commanderbrasil.com.br/wp-content/uploads/2025/12/SH99-bgbranco-2.webp | https://commanderbrasil.com.br/wp-content/uploads/2025/12/SH99-ambientadas-2.webp,https://commanderbrasil.com.br/catalogo/estacao-de-barra-fixa-paralela-e-elevacao-de-pernas-sh99/
896,1216B,Estação Multi Treinador Em Pé,Multi-Estações,Equipamentos - Série B,,,,https://commanderbrasil.com.br/catalogo/estacao-multi-treinador-em-pe-1216b/
881,B1108,Estação Multifuncional,Multi-Estações,Equipamentos - Série B,,https://commanderbrasil.com.br/wp-content/uploads/2025/12/B1108-1-2.webp,https://commanderbrasil.com.br/wp-content/uploads/2025/12/B1108-1-2.webp | https://commanderbrasil.com.br/wp-content/uploads/2025/12/B1108-2-2.webp,https://commanderbrasil.com.br/catalogo/estacao-multi-funcoes-b1108/
1394,GM99,Estação Multifuncional com Smith,Máquinas Smith,Equipamentos - Série GM,,https://commanderbrasil.com.br/wp-content/uploads/2025/12/GM99-bgbranco-2.webp,https://commanderbrasil.com.br/wp-content/uploads/2025/12/GM99-bgbranco-2.webp | https://commanderbrasil.com.br/wp-content/uploads/2025/12/GM99-ambientadas-2.webp,https://commanderbrasil.com.br/catalogo/estacao-multifuncional-com-smith-gm99/
1293,SH65,Estação Multifuncional Declinada,Outras Anilhadas,Equipamentos - Série SH,,https://commanderbrasil.com.br/wp-content/uploads/2025/12/SH65-bgbranco-2.webp,https://commanderbrasil.com.br/wp-content/uploads/2025/12/SH65-bgbranco-2.webp | https://commanderbrasil.com.br/wp-content/uploads/2025/12/SH65-ambientadas-2.webp,https://commanderbrasil.com.br/catalogo/estacao-multifuncional-declinada-sh65/
1292,SH64,Estação Multifuncional Inclinada,Outras Anilhadas,Equipamentos - Série SH,,https://commanderbrasil.com.br/wp-content/uploads/2025/12/SH64-bgbranco-2.webp,https://commanderbrasil.com.br/wp-content/uploads/2025/12/SH64-bgbranco-2.webp | https://commanderbrasil.com.br/wp-content/uploads/2025/12/SH64-ambientadas-2.webp,https://commanderbrasil.com.br/catalogo/estacao-multifuncional-inclinada-sh64/
1695,CBP129,Estação para Treino Bíceps,Multi-Estações,Equipamentos - Série CBP,,https://commanderbrasil.com.br/wp-content/uploads/2025/12/CBP129-bgbranco-2.webp,https://commanderbrasil.com.br/wp-content/uploads/2025/12/CBP129-bgbranco-2.webp | https://commanderbrasil.com.br/wp-content/uploads/2025/12/CBP129-ambientadas-2.webp,https://commanderbrasil.com.br/catalogo/estacao-para-treino-de-biceps-cbp129/
1574,CBP010,Estação Rotação Combinada,Multi-Estações,Equipamentos - Série CBP,,https://commanderbrasil.com.br/wp-content/uploads/2025/12/CBP010-bgbranco-2.webp,https://commanderbrasil.com.br/wp-content/uploads/2025/12/CBP010-bgbranco-2.webp | https://commanderbrasil.com.br/wp-content/uploads/2025/12/CBP010-ambientadas-2.webp,https://commanderbrasil.com.br/catalogo/estacao-de-rotacao-combinada-cbp010/
1496,LBE01,Esteira Comercial LED,Esteiras,Equipamentos - Série LB-E,,https://commanderbrasil.com.br/wp-content/uploads/2025/12/LB-E01-bgbranco-1.webp,https://commanderbrasil.com.br/wp-content/uploads/2025/12/LB-E01-bgbranco-1.webp | https://commanderbrasil.com.br/wp-content/uploads/2025/12/LB-E01-ambientadas-1.webp,https://commanderbrasil.com.br/catalogo/esteira-comercial-led-lbe01/
1501,LBE05,Esteira Comercial LED,Esteiras,Equipamentos - Série LB-E,,https://commanderbrasil.com.br/wp-content/uploads/2025/12/LB-E05-bgbranco-1.webp,https://commanderbrasil.com.br/wp-content/uploads/2025/12/LB-E05-bgbranco-1.webp | https://commanderbrasil.com.br/wp-content/uploads/2025/12/LB-E05-ambientadas-1.webp,https://commanderbrasil.com.br/catalogo/esteira-comercial-led-lbe05/
1503,LBE02,Esteira Comercial LED,Esteiras,Equipamentos - Série LB-E,,https://commanderbrasil.com.br/wp-content/uploads/2025/12/LB-F20-cmd-lb-f-series-2.png,https://commanderbrasil.com.br/wp-content/uploads/2025/12/LB-F20-cmd-lb-f-series-2.png,https://commanderbrasil.com.br/catalogo/esteira-comercial-led-lbe02/
1504,LBE03,Esteira Comercial LED,Esteiras,Equipamentos - Série LB-E,,https://commanderbrasil.com.br/wp-content/uploads/2025/12/LB-E03-bgbranco-1.webp,https://commanderbrasil.com.br/wp-content/uploads/2025/12/LB-E03-bgbranco-1.webp | https://commanderbrasil.com.br/wp-content/uploads/2025/12/LB-E03-ambientadas-1.webp,https://commanderbrasil.com.br/catalogo/esteira-comercial-led-lbe03/
1499,LBE02B,Esteira Comercial Life Fitness,Esteiras,Equipamentos - Série LB-E,,https://commanderbrasil.com.br/wp-content/uploads/2025/12/LB-E02B-bgbranco-1.webp,https://commanderbrasil.com.br/wp-content/uploads/2025/12/LB-E02B-bgbranco-1.webp | https://commanderbrasil.com.br/wp-content/uploads/2025/12/LB-E02B-ambientadas-1.webp,https://commanderbrasil.com.br/catalogo/esteira-comercial-life-fitness-lbe02b/
1008553,LBE02D,Esteira Comercial TFT,Esteiras,Equipamentos - Série LB-E,,https://commanderbrasil.com.br/wp-content/uploads/2025/12/LB-E02D-bgbranco.webp,https://commanderbrasil.com.br/wp-content/uploads/2025/12/LB-E02D-bgbranco.webp | https://commanderbrasil.com.br/wp-content/uploads/2025/12/LB-E02D-ambientadas.webp,https://commanderbrasil.com.br/catalogo/esteira-comercial-tft-lbe02d/
1497,LBE01A,Esteira Comercial TFT,Esteiras,Equipamentos - Série LB-E,,https://commanderbrasil.com.br/wp-content/uploads/2025/12/LB-E01A-bgbranco-1.webp,https://commanderbrasil.com.br/wp-content/uploads/2025/12/LB-E01A-bgbranco-1.webp | https://commanderbrasil.com.br/wp-content/uploads/2025/12/LB-E01A-ambientadas-1.webp,https://commanderbrasil.com.br/catalogo/esteira-comercial-tft-lbe01a/
1502,LBE05A,Esteira Comercial TFT,Esteiras,Equipamentos - Série LB-E,,https://commanderbrasil.com.br/wp-content/uploads/2025/12/LB-E05A-bgbranco-1.webp,https://commanderbrasil.com.br/wp-content/uploads/2025/12/LB-E05A-bgbranco-1.webp | https://commanderbrasil.com.br/wp-content/uploads/2025/12/LB-E05A-ambientadas-1.webp,https://commanderbrasil.com.br/catalogo/esteira-comercial-tft-lbe05a/
1505,LBE03A,Esteira Comercial TFT,Esteiras,Equipamentos - Série LB-E,,https://commanderbrasil.com.br/wp-content/uploads/2025/12/LB-E03A-bgbranco-1.webp,https://commanderbrasil.com.br/wp-content/uploads/2025/12/LB-E03A-bgbranco-1.webp | https://commanderbrasil.com.br/wp-content/uploads/2025/12/LB-E03A-ambientadas-1.webp,https://commanderbrasil.com.br/catalogo/esteira-comercial-tft-lbe03a/
1506,LBE07,Esteira Curva Sem Motor,Esteiras,Equipamentos - Série LB-E,,https://commanderbrasil.com.br/wp-content/uploads/2025/12/LB-E07-bgbranco-1.webp,https://commanderbrasil.com.br/wp-content/uploads/2025/12/LB-E07-bgbranco-1.webp | https://commanderbrasil.com.br/wp-content/uploads/2025/12/LB-E07-ambientadas-1.webp,https://commanderbrasil.com.br/catalogo/esteira-curva-sem-motor-lbe07/
1507,LBE06,Esteira Curva Sem Motor,Esteiras,Equipamentos - Série LB-E,,https://commanderbrasil.com.br/wp-content/uploads/2025/12/LB-E06-bgbranco-1.webp,https://commanderbrasil.com.br/wp-content/uploads/2025/12/LB-E06-bgbranco-1.webp | https://commanderbrasil.com.br/wp-content/uploads/2025/12/LB-E06-ambientadas-1.webp,https://commanderbrasil.com.br/catalogo/esteira-curva-sem-motor-lbe06/
1500,LBE04,Esteira de Mesa,Esteiras,Equipamentos - Série LB-E,,https://commanderbrasil.com.br/wp-content/uploads/2025/12/LB-E04-bgbranco-1.webp,https://commanderbrasil.com.br/wp-content/uploads/2025/12/LB-E04-bgbranco-1.webp | https://commanderbrasil.com.br/wp-content/uploads/2025/12/LB-E04-ambientadas-1.webp,https://commanderbrasil.com.br/catalogo/esteira-bico-lbe04/
1542,LBE39,Esteira Não Motorizada,Esteiras,Equipamentos - Série LB-E,,https://commanderbrasil.com.br/wp-content/uploads/2025/12/LB-E39-bgbranco-1.webp,https://commanderbrasil.com.br/wp-content/uploads/2025/12/LB-E39-bgbranco-1.webp | https://commanderbrasil.com.br/wp-content/uploads/2025/12/LB-E39-ambientadas-1.webp,https://commanderbrasil.com.br/catalogo/esteira-nao-motorizada-lbe39/
1543,LBE40,Esteira Não Motorizada,Esteiras,Equipamentos - Série LB-E,,https://commanderbrasil.com.br/wp-content/uploads/2025/12/LB-E40-bgbranco-1.webp,https://commanderbrasil.com.br/wp-content/uploads/2025/12/LB-E40-bgbranco-1.webp | https://commanderbrasil.com.br/wp-content/uploads/2025/12/LB-E40-ambientadas-1.webp,https://commanderbrasil.com.br/catalogo/esteira-nao-motorizada-lbe40/
294,VS13,Extensão de Costas,Extensão de Costas,Equipamentos - Série VS,,https://commanderbrasil.com.br/wp-content/uploads/2025/12/CMD-VS13-1.png,https://commanderbrasil.com.br/wp-content/uploads/2025/12/CMD-VS13-1.png | https://commanderbrasil.com.br/wp-content/uploads/2025/12/CMD-VS13-2.webp | https://commanderbrasil.com.br/wp-content/uploads/2025/12/CMD-VS13-1-1.webp,https://commanderbrasil.com.br/catalogo/extensao-costas-vs13/
1004674,B1031,Extensão de Costas,Extensão de Costas,Equipamentos - Série B,,https://commanderbrasil.com.br/wp-content/uploads/2025/12/B1031-bgbranco.webp,https://commanderbrasil.com.br/wp-content/uploads/2025/12/B1031-bgbranco.webp,https://commanderbrasil.com.br/catalogo/extensao-de-costas-b1031/
1433,LB614,Extensão de Costas,Extensão de Costas,Equipamentos - Série LB,,https://commanderbrasil.com.br/wp-content/uploads/2025/12/LB614-bgbranco-2.webp,https://commanderbrasil.com.br/wp-content/uploads/2025/12/LB614-bgbranco-2.webp | https://commanderbrasil.com.br/wp-content/uploads/2025/12/LB614-3-2.webp,https://commanderbrasil.com.br/catalogo/extensora-de-costas-lb614/
154,GM53,Extensão de Costas,Extensão de Costas,Equipamentos - Série GM,,https://commanderbrasil.com.br/wp-content/uploads/2025/12/GM53-bgbranco-2.webp,https://commanderbrasil.com.br/wp-content/uploads/2025/12/GM53-bgbranco-2.webp | https://commanderbrasil.com.br/wp-content/uploads/2025/12/GM53-ambientadas-2.webp,https://commanderbrasil.com.br/catalogo/extensora-de-costas-gm53/
995,LBF21,Extensão de Costas,Extensão de Costas,Equipamentos - Série LB-F,,https://commanderbrasil.com.br/wp-content/uploads/2025/12/LB-F21-bgbranco-2.webp,https://commanderbrasil.com.br/wp-content/uploads/2025/12/LB-F21-bgbranco-2.webp | https://commanderbrasil.com.br/wp-content/uploads/2025/12/LB-F21-ambientadas-2.webp,https://commanderbrasil.com.br/catalogo/extensao-de-costas-lbf21/
1303,SH83,Extensão De Tríceps Sentado,Outras Anilhadas,Equipamentos - Série SH,,https://commanderbrasil.com.br/wp-content/uploads/2025/12/SH83-bgbranco-2.webp,https://commanderbrasil.com.br/wp-content/uploads/2025/12/SH83-bgbranco-2.webp | https://commanderbrasil.com.br/wp-content/uploads/2025/12/SH83-ambientadas-2.webp,https://commanderbrasil.com.br/catalogo/extensao-de-triceps-sentado-sh83/
1665,CBP099,Extensão Horizontal Duplo Sistema Super,Extensão de Costas,Equipamentos - Série CBP,,https://commanderbrasil.com.br/wp-content/uploads/2025/12/CBP099-bgbranco-2.webp,https://commanderbrasil.com.br/wp-content/uploads/2025/12/CBP099-bgbranco-2.webp | https://commanderbrasil.com.br/wp-content/uploads/2025/12/CBP099-ambientadas-2.webp,https://commanderbrasil.com.br/catalogo/extensao-horizontal-duplo-sistema-super-cbp099/
1667,CBP101,Extensão Linear Duplo Sistema Super,Extensão de Costas,Equipamentos - Série CBP,,https://commanderbrasil.com.br/wp-content/uploads/2025/12/CBP101-bgbranco-2.webp,https://commanderbrasil.com.br/wp-content/uploads/2025/12/CBP101-bgbranco-2.webp | https://commanderbrasil.com.br/wp-content/uploads/2025/12/CBP101-ambientadas-2.webp,https://commanderbrasil.com.br/catalogo/extensao-linear-duplo-sistema-super-cbp101/
1666,CBP100,Extensão Linear Pernas,Extensão de Costas,Equipamentos - Série CBP,,https://commanderbrasil.com.br/wp-content/uploads/2025/12/CBP100-bgbranco-2.webp,https://commanderbrasil.com.br/wp-content/uploads/2025/12/CBP100-bgbranco-2.webp | https://commanderbrasil.com.br/wp-content/uploads/2025/12/CBP100-ambientadas-2.webp,https://commanderbrasil.com.br/catalogo/extensao-linear-de-pernas-cbp100/
1004694,PM10,Extensão Lombar,Extensão de Costas,Equipamentos - Série PM,,https://commanderbrasil.com.br/wp-content/uploads/2025/12/PM10-bgbranco.webp,https://commanderbrasil.com.br/wp-content/uploads/2025/12/PM10-bgbranco.webp | https://commanderbrasil.com.br/wp-content/uploads/2025/12/PM10-ambientadas.webp,https://commanderbrasil.com.br/catalogo/extensao-lombar-pm10/
1377,GM57,Extensão Panturrilha Elevação,Máquinas de Panturrilha,Equipamentos - Série GM,,https://commanderbrasil.com.br/wp-content/uploads/2025/12/GM57-bgbranco-2.webp,https://commanderbrasil.com.br/wp-content/uploads/2025/12/GM57-bgbranco-2.webp | https://commanderbrasil.com.br/wp-content/uploads/2025/12/GM57-ambientadas-2.webp,https://commanderbrasil.com.br/catalogo/extensao-de-panturrilha-gm57/
1102,CBS056,Extensão Pernas Alternada,Extensora de Pernas,Equipamentos - Série CBS,,https://commanderbrasil.com.br/wp-content/uploads/2025/12/CBS056-bgbranco-2.webp,https://commanderbrasil.com.br/wp-content/uploads/2025/12/CBS056-bgbranco-2.webp | https://commanderbrasil.com.br/wp-content/uploads/2025/12/CBS056-ambientadas-2.webp,https://commanderbrasil.com.br/catalogo/extensao-de-pernas-alternada-cbs056/
1092,CBS016,Extensão Pernas Potência Clássica,Extensora de Pernas,Equipamentos - Série CBS,,https://commanderbrasil.com.br/wp-content/uploads/2025/12/CBS016-bgbranco-2.webp,https://commanderbrasil.com.br/wp-content/uploads/2025/12/CBS016-bgbranco-2.webp | https://commanderbrasil.com.br/wp-content/uploads/2025/12/CBS016-ambientadas-2.webp,https://commanderbrasil.com.br/catalogo/extensao-de-pernas-power-classica-cbs016/
1664,CBP098,Extensão Pernas Super,Extensora de Pernas,Equipamentos - Série CBP,,https://commanderbrasil.com.br/wp-content/uploads/2025/12/CBP098-bgbranco-2.webp,https://commanderbrasil.com.br/wp-content/uploads/2025/12/CBP098-bgbranco-2.webp | https://commanderbrasil.com.br/wp-content/uploads/2025/12/CBP098-ambientadas-2.webp,https://commanderbrasil.com.br/catalogo/extensao-de-pernas-super-cbp098/
1641,CBP075,Extensão Tríceps,Tríceps,Equipamentos - Série CBP,,https://commanderbrasil.com.br/wp-content/uploads/2025/12/CBP075-bgbranco-2.webp,https://commanderbrasil.com.br/wp-content/uploads/2025/12/CBP075-bgbranco-2.webp | https://commanderbrasil.com.br/wp-content/uploads/2025/12/CBP075-ambientadas-2.webp,https://commanderbrasil.com.br/catalogo/extensao-triceps-cbp075/
1643,CBP077,Extensão Tríceps,Tríceps,Equipamentos - Série CBP,,https://commanderbrasil.com.br/wp-content/uploads/2025/12/CBP077-bgbranco-2.webp,https://commanderbrasil.com.br/wp-content/uploads/2025/12/CBP077-bgbranco-2.webp | https://commanderbrasil.com.br/wp-content/uploads/2025/12/CBP077-ambientadas-2.webp,https://commanderbrasil.com.br/catalogo/extensao-triceps-cbp077/
1085,CBS009,Extensão Tríceps Deitado Ajustável,Tríceps,Equipamentos - Série CBS,,https://commanderbrasil.com.br/wp-content/uploads/2025/12/CBS009-bgbranco-2.webp,https://commanderbrasil.com.br/wp-content/uploads/2025/12/CBS009-bgbranco-2.webp | https://commanderbrasil.com.br/wp-content/uploads/2025/12/CBS009-ambientadas-2.webp,https://commanderbrasil.com.br/catalogo/extensao-de-triceps-deitado-ajustavel-cbs009/
1640,CBP074,Extensão Tríceps Dupla Estação,Multi-Estações,Equipamentos - Série CBP,,https://commanderbrasil.com.br/wp-content/uploads/2025/12/CBP074-bgbranco-2.webp,https://commanderbrasil.com.br/wp-content/uploads/2025/12/CBP074-bgbranco-2.webp | https://commanderbrasil.com.br/wp-content/uploads/2025/12/CBP074-ambientadas-2.webp,https://commanderbrasil.com.br/catalogo/extensao-triceps-dupla-estacao-cbp074/
1658,CBP092,Extensão Tríceps Francesa Super,Tríceps,Equipamentos - Série CBP,,https://commanderbrasil.com.br/wp-content/uploads/2025/12/CBP092-bgbranco-2.webp,https://commanderbrasil.com.br/wp-content/uploads/2025/12/CBP092-bgbranco-2.webp | https://commanderbrasil.com.br/wp-content/uploads/2025/12/CBP092-ambientadas-2.webp,https://commanderbrasil.com.br/catalogo/extensao-triceps-francesa-super-cbp092/
1084,CBS008,Extensão Tríceps Sentado ISO,Tríceps,Equipamentos - Série CBS,,https://commanderbrasil.com.br/wp-content/uploads/2025/12/CBS008-bgbranco-2.webp,https://commanderbrasil.com.br/wp-content/uploads/2025/12/CBS008-bgbranco-2.webp | https://commanderbrasil.com.br/wp-content/uploads/2025/12/CBS008-ambientadas-2.webp,https://commanderbrasil.com.br/catalogo/extensao-de-triceps-sentado-iso-cbs008/
1642,CBP076,Extensão Tríceps Super,Tríceps,Equipamentos - Série CBP,,https://commanderbrasil.com.br/wp-content/uploads/2025/12/CBP076-bgbranco-2.webp,https://commanderbrasil.com.br/wp-content/uploads/2025/12/CBP076-bgbranco-2.webp | https://commanderbrasil.com.br/wp-content/uploads/2025/12/CBP076-ambientadas-2.webp,https://commanderbrasil.com.br/catalogo/extensao-triceps-super-cbp076/
1669,CBP103,Extensão Vertical,Extensão de Costas,Equipamentos - Série CBP,,https://commanderbrasil.com.br/wp-content/uploads/2025/12/CBP103-bgbranco-2.webp,https://commanderbrasil.com.br/wp-content/uploads/2025/12/CBP103-bgbranco-2.webp | https://commanderbrasil.com.br/wp-content/uploads/2025/12/CBP103-ambientadas-2.webp,https://commanderbrasil.com.br/catalogo/extensao-vertical-cbp103/
1668,CBP102,Extensão Vertical Super,Extensão de Costas,Equipamentos - Série CBP,,https://commanderbrasil.com.br/wp-content/uploads/2025/12/CBP102-bgbranco-2.webp,https://commanderbrasil.com.br/wp-content/uploads/2025/12/CBP102-bgbranco-2.webp | https://commanderbrasil.com.br/wp-content/uploads/2025/12/CBP102-ambientadas-2.webp,https://commanderbrasil.com.br/catalogo/extensao-vertical-super-cbp102/
285,VS04,Extensora de Pernas,Extensora de Pernas,Equipamentos - Série VS,,https://commanderbrasil.com.br/wp-content/uploads/2025/12/CMD-VS04-1.png,https://commanderbrasil.com.br/wp-content/uploads/2025/12/CMD-VS04-1.png | https://commanderbrasil.com.br/wp-content/uploads/2025/12/CMD-VS04-2.webp | https://commanderbrasil.com.br/wp-content/uploads/2025/12/CMD-VS04-1-1.webp,https://commanderbrasil.com.br/catalogo/cadeira-extensora-vs04/
823,B1002,Extensora de Pernas,Extensora de Pernas,Equipamentos - Série B,,https://commanderbrasil.com.br/wp-content/uploads/2025/12/b1002-1-1.webp,https://commanderbrasil.com.br/wp-content/uploads/2025/12/b1002-1-1.webp | https://commanderbrasil.com.br/wp-content/uploads/2025/12/b1002-2-1.webp,https://commanderbrasil.com.br/catalogo/cadeira-extensora-b1002/
1373,GM44,Extensora de Pernas,Extensora de Pernas,Equipamentos - Série GM,,https://commanderbrasil.com.br/wp-content/uploads/2025/12/GM44-bgbranco-2.webp,https://commanderbrasil.com.br/wp-content/uploads/2025/12/GM44-bgbranco-2.webp | https://commanderbrasil.com.br/wp-content/uploads/2025/12/GM44-ambientadas-2.webp,https://commanderbrasil.com.br/catalogo/cadeira-extensora-gm44/
1425,LB606,Extensora de Pernas,Extensora de Pernas,Equipamentos - Série LB,,https://commanderbrasil.com.br/wp-content/uploads/2025/12/LB606-bgbranco-2.webp,https://commanderbrasil.com.br/wp-content/uploads/2025/12/LB606-bgbranco-2.webp | https://commanderbrasil.com.br/wp-content/uploads/2025/12/LB606-3-2.webp,https://commanderbrasil.com.br/catalogo/cadeira-extensora-lb606/
987,LBF13,Extensora de Pernas,Extensora e Flexora,Equipamentos - Série LB-F,,https://commanderbrasil.com.br/wp-content/uploads/2025/12/LB-F13-bgbranco-1.webp,https://commanderbrasil.com.br/wp-content/uploads/2025/12/LB-F13-bgbranco-1.webp | https://commanderbrasil.com.br/wp-content/uploads/2025/12/LB-F13-ambientadas-1.webp,https://commanderbrasil.com.br/catalogo/cadeira-extensora-lbf13/
1274,SH37,Extensora de Pernas,Extensora e Flexora,Equipamentos - Série SH,,https://commanderbrasil.com.br/wp-content/uploads/2025/12/SH37-bgbranco-2.webp,https://commanderbrasil.com.br/wp-content/uploads/2025/12/SH37-bgbranco-2.webp | https://commanderbrasil.com.br/wp-content/uploads/2025/12/SH37-ambientadas-2.webp,https://commanderbrasil.com.br/catalogo/cadeira-extensora-sh37/
1446,LB627,Extensora de Pernas Anilhada,Extensora e Flexora,Equipamentos - Série LB,,https://commanderbrasil.com.br/wp-content/uploads/2025/12/LB627-bgbranco-2.webp,https://commanderbrasil.com.br/wp-content/uploads/2025/12/LB627-bgbranco-2.webp | https://commanderbrasil.com.br/wp-content/uploads/2025/12/LB627-2-2.webp,https://commanderbrasil.com.br/catalogo/cadeira-extensora-maquina-anilhada-lb627/
1413,GT05,Extensora de Pernas Em Pé,Outros Cardio,Equipamentos - Série GT,,https://commanderbrasil.com.br/wp-content/uploads/2025/12/GT05-bgbranco-2.webp,https://commanderbrasil.com.br/wp-content/uploads/2025/12/GT05-bgbranco-2.webp | https://commanderbrasil.com.br/wp-content/uploads/2025/12/GT05-ambientadas-2.webp,https://commanderbrasil.com.br/catalogo/extensora-em-pe-gt05/
1256,SH17,Extensora de Pernas ISO-Lateral,Extensora e Flexora,Equipamentos - Série SH,,https://commanderbrasil.com.br/wp-content/uploads/2025/12/SH17-bgbranco-2.webp,https://commanderbrasil.com.br/wp-content/uploads/2025/12/SH17-bgbranco-2.webp | https://commanderbrasil.com.br/wp-content/uploads/2025/12/SH17-ambientadas-2.webp,https://commanderbrasil.com.br/catalogo/cadeira-extensora-iso-lateral-sh17/
886,B1114,Extensora de Pernas/Rosca,Extensora de Pernas,Equipamentos - Série B,,https://commanderbrasil.com.br/wp-content/uploads/2025/12/B1114-1-2.webp,https://commanderbrasil.com.br/wp-content/uploads/2025/12/B1114-1-2.webp | https://commanderbrasil.com.br/wp-content/uploads/2025/12/B1114-2-2.webp,https://commanderbrasil.com.br/catalogo/cadeira-extensora-flexora-b1114/
999,LBF25,Extensora de Pernas/Rosca,Extensora e Flexora,Equipamentos - Série LB-F,,https://commanderbrasil.com.br/wp-content/uploads/2025/12/LB-F25-bgbranco-1.webp,https://commanderbrasil.com.br/wp-content/uploads/2025/12/LB-F25-bgbranco-1.webp | https://commanderbrasil.com.br/wp-content/uploads/2025/12/LB-F25-ambientadas-1.webp,https://commanderbrasil.com.br/catalogo/cadeira-extensora-flexora-lbf25/
1004693,PM08,Extensora e Flexora,Extensora e Flexora,Equipamentos - Série PM,,https://commanderbrasil.com.br/wp-content/uploads/2025/12/PM08-bgbranco.webp,https://commanderbrasil.com.br/wp-content/uploads/2025/12/PM08-bgbranco.webp | https://commanderbrasil.com.br/wp-content/uploads/2025/12/PM08-ambientadas.webp,https://commanderbrasil.com.br/catalogo/extensora-e-flexora-pm08/
1009720,QHSJ176,Faixa de Resistência,Faixas de Resistência,Acessórios - QHSJ Yoga,,https://commanderbrasil.com.br/wp-content/uploads/2025/12/QHSJ176-bgbranco.webp,https://commanderbrasil.com.br/wp-content/uploads/2025/12/QHSJ176-bgbranco.webp | https://commanderbrasil.com.br/wp-content/uploads/2025/12/QHSJ176-ambientada.webp,https://commanderbrasil.com.br/catalogo/resistance-band-qhsj176/
1009724,QHSJ177,Faixa Elástica,Faixas de Resistência,Acessórios - QHSJ Yoga,,https://commanderbrasil.com.br/wp-content/uploads/2025/12/QHSJ177-bgbranco.webp,https://commanderbrasil.com.br/wp-content/uploads/2025/12/QHSJ177-bgbranco.webp | https://commanderbrasil.com.br/wp-content/uploads/2025/12/QHSJ177-ambientada.webp,https://commanderbrasil.com.br/catalogo/elastic-band-qhsj177/
2964,F017,Fivela de Saco de Pancada 6mm,Mergulho e Barra Assistida,Acessórios - Série F,Fivela de Punching Bag 6mm - Código: F-017,https://commanderbrasil.com.br/wp-content/uploads/2025/12/F017-f-1.jpeg,https://commanderbrasil.com.br/wp-content/uploads/2025/12/F017-f-1.jpeg,https://commanderbrasil.com.br/catalogo/fivela-de-saco-de-pancadamm-f017/
2965,F018,Fivela de Saco de Pancada 8mm,Mergulho e Barra Assistida,Acessórios - Série F,Fivela de Punching Bag 8mm - Código: F-018,https://commanderbrasil.com.br/wp-content/uploads/2025/12/F018-f-1.jpeg,https://commanderbrasil.com.br/wp-content/uploads/2025/12/F018-f-1.jpeg,https://commanderbrasil.com.br/catalogo/fivela-de-saco-de-pancada-8mm-f018/
2891,E014,Fivela Parede,Acessórios de Treino,Acessórios - Série E,Fivela de Parede - Código: E-014,https://commanderbrasil.com.br/wp-content/uploads/2025/12/E014-e-2.jpeg,https://commanderbrasil.com.br/wp-content/uploads/2025/12/E014-e-2.jpeg,https://commanderbrasil.com.br/catalogo/fivela-de-parede-e014/
1103,CBS057,Flexão Pernas Alternada,Flexora de Pernas,Equipamentos - Série CBS,,https://commanderbrasil.com.br/wp-content/uploads/2025/12/CBS057-bgbranco-2.webp,https://commanderbrasil.com.br/wp-content/uploads/2025/12/CBS057-bgbranco-2.webp | https://commanderbrasil.com.br/wp-content/uploads/2025/12/CBS057-ambientadas-2.webp,https://commanderbrasil.com.br/catalogo/flexao-de-pernas-alternada-cbs057/
1093,CBS017,Flexão Pernas Multi Em Pé ISO,Flexora de Pernas,Equipamentos - Série CBS,,https://commanderbrasil.com.br/wp-content/uploads/2025/12/CBS017-bgbranco-2.webp,https://commanderbrasil.com.br/wp-content/uploads/2025/12/CBS017-bgbranco-2.webp | https://commanderbrasil.com.br/wp-content/uploads/2025/12/CBS017-ambientadas-2.webp,https://commanderbrasil.com.br/catalogo/flexao-de-pernas-multi-em-pe-iso-cbs017/
2628,C019,Floating Espuma Rolo 30cm,Rolos de Espuma,Acessórios - Série C,Rolo Flutuante de Espuma 30cm - Código: C-019,https://commanderbrasil.com.br/wp-content/uploads/2025/12/C-019-c-2.jpeg,https://commanderbrasil.com.br/wp-content/uploads/2025/12/C-019-c-2.jpeg,https://commanderbrasil.com.br/catalogo/rolo-flutuante-de-espuma0cm-c019/
2622,C013,Floating Espuma Rolo 45cm,Rolos de Espuma,Acessórios - Série C,Rolo Flutuante de Espuma 45cm - Código: C-013,https://commanderbrasil.com.br/wp-content/uploads/2025/12/C-013-c-2.jpeg,https://commanderbrasil.com.br/wp-content/uploads/2025/12/C-013-c-2.jpeg,https://commanderbrasil.com.br/catalogo/rolo-flutuante-de-espuma5cm-c013/
2629,C020,Floating Espuma Rolo 45cm Blue,Rolos de Espuma,Acessórios - Série C,Rolo Flutuante de Espuma 45cm Azul - Código: C-020,https://commanderbrasil.com.br/wp-content/uploads/2025/12/C-020-c-2.jpeg,https://commanderbrasil.com.br/wp-content/uploads/2025/12/C-020-c-2.jpeg,https://commanderbrasil.com.br/catalogo/rolo-flutuante-de-espuma5cm-azul-c020/
2623,C014,Floating Espuma Rolo 60cm,Rolos de Espuma,Acessórios - Série C,Rolo Flutuante de Espuma 60cm - Código: C-014,https://commanderbrasil.com.br/wp-content/uploads/2025/12/C-014-c-2.jpeg,https://commanderbrasil.com.br/wp-content/uploads/2025/12/C-014-c-2.jpeg,https://commanderbrasil.com.br/catalogo/rolo-flutuante-de-espuma0cm-c014/
2630,C021,Floating Espuma Rolo 60cm Blue,Rolos de Espuma,Acessórios - Série C,Rolo Flutuante de Espuma 60cm Azul - Código: C-021,https://commanderbrasil.com.br/wp-content/uploads/2025/12/C-021-c-2.jpeg,https://commanderbrasil.com.br/wp-content/uploads/2025/12/C-021-c-2.jpeg,https://commanderbrasil.com.br/catalogo/rolo-flutuante-de-espuma0cm-azul-c021/
2624,C015,Floating Espuma Rolo 90cm,Rolos de Espuma,Acessórios - Série C,Rolo Flutuante de Espuma 90cm - Código: C-015,https://commanderbrasil.com.br/wp-content/uploads/2025/12/C-015-c-2.jpeg,https://commanderbrasil.com.br/wp-content/uploads/2025/12/C-015-c-2.jpeg,https://commanderbrasil.com.br/catalogo/rolo-flutuante-de-espuma-90cm-c015/
2631,C022,Floating Espuma Rolo 90cm Blue,Rolos de Espuma,Acessórios - Série C,Rolo Flutuante de Espuma 90cm Azul - Código: C-022,https://commanderbrasil.com.br/wp-content/uploads/2025/12/C-022-c-2.jpeg,https://commanderbrasil.com.br/wp-content/uploads/2025/12/C-022-c-2.jpeg,https://commanderbrasil.com.br/catalogo/rolo-flutuante-de-espuma-90cm-azul-c022/
2678,C069,Formulário Avaliação Postural,Acessórios de Treino,Acessórios - Série C,Formulário de Avaliação Postural - Código: C-069,https://commanderbrasil.com.br/wp-content/uploads/2025/12/C-069-c-2.jpeg,https://commanderbrasil.com.br/wp-content/uploads/2025/12/C-069-c-2.jpeg,https://commanderbrasil.com.br/catalogo/formulario-de-avaliacao-postural-c069/
2976,F029,Gaiola Octogonal 4x4,Power Cages,Acessórios - Série F,Octagonal Cage 4x4 - Código: F-029,https://commanderbrasil.com.br/wp-content/uploads/2025/12/F029-f-1.jpeg,https://commanderbrasil.com.br/wp-content/uploads/2025/12/F029-f-1.jpeg,https://commanderbrasil.com.br/catalogo/cage-octagonalx4-f029/
2977,F030,Gaiola Octogonal 5x5,Power Cages,Acessórios - Série F,Octagonal Cage 5x5 - Código: F-030,https://commanderbrasil.com.br/wp-content/uploads/2025/12/F030-f-1.jpeg,https://commanderbrasil.com.br/wp-content/uploads/2025/12/F030-f-1.jpeg,https://commanderbrasil.com.br/catalogo/cage-octagonalx5-f030/
2978,F031,Gaiola Octogonal 6x6,Power Cages,Acessórios - Série F,Octagonal Cage 6x6 - Código: F-031,https://commanderbrasil.com.br/wp-content/uploads/2025/12/F031-f-1.jpeg,https://commanderbrasil.com.br/wp-content/uploads/2025/12/F031-f-1.jpeg,https://commanderbrasil.com.br/catalogo/cage-octagonalx6-f031/
2979,F032,Gaiola Octogonal 7x7,Power Cages,Acessórios - Série F,Octagonal Cage 7x7 - Código: F-032,https://commanderbrasil.com.br/wp-content/uploads/2025/12/F032-f-1.jpeg,https://commanderbrasil.com.br/wp-content/uploads/2025/12/F032-f-1.jpeg,https://commanderbrasil.com.br/catalogo/cage-octagonalx7-f032/
2980,F033,Gaiola Octogonal Plataforma Alta 4x4,Power Cages,Acessórios - Série F,Octagonal Cage High Platform 4x4 - Código: F-033,https://commanderbrasil.com.br/wp-content/uploads/2025/12/F033-f-1.jpeg,https://commanderbrasil.com.br/wp-content/uploads/2025/12/F033-f-1.jpeg,https://commanderbrasil.com.br/catalogo/cage-octagonal-plataforma-altax4-f033/
2981,F034,Gaiola Octogonal Plataforma Alta 5x5,Power Cages,Acessórios - Série F,Octagonal Cage High Platform 5x5 - Código: F-034,https://commanderbrasil.com.br/wp-content/uploads/2025/12/F034-f-1.jpeg,https://commanderbrasil.com.br/wp-content/uploads/2025/12/F034-f-1.jpeg,https://commanderbrasil.com.br/catalogo/cage-octagonal-plataforma-altax5-f034/
2982,F035,Gaiola Octogonal Plataforma Alta 6x6,Power Cages,Acessórios - Série F,Octagonal Cage High Platform 6x6 - Código: F-035,https://commanderbrasil.com.br/wp-content/uploads/2025/12/F035-f-1.jpeg,https://commanderbrasil.com.br/wp-content/uploads/2025/12/F035-f-1.jpeg,https://commanderbrasil.com.br/catalogo/cage-octagonal-plataforma-altax6-f035/
2983,F036,Gaiola Octogonal Plataforma Alta 7x7,Power Cages,Acessórios - Série F,Octagonal Cage High Platform 7x7 - Código: F-036,https://commanderbrasil.com.br/wp-content/uploads/2025/12/F036-f-1.jpeg,https://commanderbrasil.com.br/wp-content/uploads/2025/12/F036-f-1.jpeg,https://commanderbrasil.com.br/catalogo/cage-octagonal-plataforma-altax7-f036/
831,B1011,Glúteo 4 em 1,Quadril e Glúteos,Equipamentos - Série B,,https://commanderbrasil.com.br/wp-content/uploads/2025/12/B1011-1-1.webp,https://commanderbrasil.com.br/wp-content/uploads/2025/12/B1011-1-1.webp | https://commanderbrasil.com.br/wp-content/uploads/2025/12/B1011-2-1.webp,https://commanderbrasil.com.br/catalogo/gluteo-em-1-b1011/
841,B1024,Glúteo Isolado,Quadril e Glúteos,Equipamentos - Série B,,https://commanderbrasil.com.br/wp-content/uploads/2025/12/B1024-1-1.webp,https://commanderbrasil.com.br/wp-content/uploads/2025/12/B1024-1-1.webp | https://commanderbrasil.com.br/wp-content/uploads/2025/12/B1024-2-2.webp,https://commanderbrasil.com.br/catalogo/gluteo-isolado-b1024/
3069,XMH010,Grama Sintética 2mm Altura 1.5cm,Acessórios de Treino,Acessórios - Série XM-H,Custom Grass 2mm Altura 1.5cm - Código: XM-H010,https://commanderbrasil.com.br/wp-content/uploads/2025/12/XM-H010-xm-1.jpeg,https://commanderbrasil.com.br/wp-content/uploads/2025/12/XM-H010-xm-1.jpeg,https://commanderbrasil.com.br/catalogo/grama-personalizadamm-altura-1cm-xmh010/
1009063,QHSJ71,Halter Ajustável,-,Acessórios - QHSJ Pesos,,https://commanderbrasil.com.br/wp-content/uploads/2025/12/QHSJ71-bgbranco.webp,https://commanderbrasil.com.br/wp-content/uploads/2025/12/QHSJ71-bgbranco.webp | https://commanderbrasil.com.br/wp-content/uploads/2025/12/QHSJ71-ambientada.webp,https://commanderbrasil.com.br/catalogo/adjustable-dumbbell-qhsj71/
1008949,QHSJ29,Halter Borracha,-,Acessórios - QHSJ Pesos,,https://commanderbrasil.com.br/wp-content/uploads/2025/12/QH-SJ29-bgbranco.webp,https://commanderbrasil.com.br/wp-content/uploads/2025/12/QH-SJ29-bgbranco.webp | https://commanderbrasil.com.br/wp-content/uploads/2025/12/QH-SJ29-ambientadas.webp,https://commanderbrasil.com.br/catalogo/rubber-dumbbell-qhsj29/
1008937,QHSJ26,Halter Borracha Technogym,-,Acessórios - QHSJ Pesos,,https://commanderbrasil.com.br/wp-content/uploads/2025/12/QHSJ26-bgbranco.webp,https://commanderbrasil.com.br/wp-content/uploads/2025/12/QHSJ26-bgbranco.webp | https://commanderbrasil.com.br/wp-content/uploads/2025/12/QHSJ26-ambientada.webp,https://commanderbrasil.com.br/catalogo/rubber-technogym-dumbbell-qhsj26/
1009067,QHSJ72,Halter CPU Cabeça Grande,-,Acessórios - QHSJ Pesos,,https://commanderbrasil.com.br/wp-content/uploads/2025/12/QHSJ72-bgbranco.webp,https://commanderbrasil.com.br/wp-content/uploads/2025/12/QHSJ72-bgbranco.webp | https://commanderbrasil.com.br/wp-content/uploads/2025/12/QHSJ72-ambientada.webp,https://commanderbrasil.com.br/catalogo/cpu-big-head-dumbbell-qhsj72/
1009047,QHSJ67,Halter Dedo Curvado,-,Acessórios - QHSJ Pesos,,https://commanderbrasil.com.br/wp-content/uploads/2025/12/QHSJ67-bgbranco.webp,https://commanderbrasil.com.br/wp-content/uploads/2025/12/QHSJ67-bgbranco.webp | https://commanderbrasil.com.br/wp-content/uploads/2025/12/QHSJ67-ambientada.webp,https://commanderbrasil.com.br/catalogo/curved-finger-dumbbell-qhsj67/
1009059,QHSJ70,Halter Ecológico,-,Acessórios - QHSJ Pesos,,https://commanderbrasil.com.br/wp-content/uploads/2025/12/QHSJ70-bgbranco.webp,https://commanderbrasil.com.br/wp-content/uploads/2025/12/QHSJ70-bgbranco.webp | https://commanderbrasil.com.br/wp-content/uploads/2025/12/QHSJ70-ambientada.webp,https://commanderbrasil.com.br/catalogo/eco-dumbbell-qhsj70/
1009051,QHSJ68,Halter Osso,-,Acessórios - QHSJ Pesos,,https://commanderbrasil.com.br/wp-content/uploads/2025/12/QHSJ68-bgbranco.webp,https://commanderbrasil.com.br/wp-content/uploads/2025/12/QHSJ68-bgbranco.webp | https://commanderbrasil.com.br/wp-content/uploads/2025/12/QHSJ68-ambientada.webp,https://commanderbrasil.com.br/catalogo/bone-dumbbell-qhsj68/
1009043,QHSJ66,Halter Pequeno com Pegada,-,Acessórios - QHSJ Pesos,,https://commanderbrasil.com.br/wp-content/uploads/2025/12/QHSJ66-bgbranco.webp,https://commanderbrasil.com.br/wp-content/uploads/2025/12/QHSJ66-bgbranco.webp | https://commanderbrasil.com.br/wp-content/uploads/2025/12/QHSJ66-ambientada.webp,https://commanderbrasil.com.br/catalogo/handle-small-dumbbell-qhsj66/
1009013,QHSJ58,Halter Pequeno Cromado,-,Acessórios - QHSJ Pesos,,https://commanderbrasil.com.br/wp-content/uploads/2025/12/QHSJ58-bgbranco.webp,https://commanderbrasil.com.br/wp-content/uploads/2025/12/QHSJ58-bgbranco.webp | https://commanderbrasil.com.br/wp-content/uploads/2025/12/QHSJ58-ambientada.webp,https://commanderbrasil.com.br/catalogo/chrome-small-dumbbell-qhsj58/
1009039,QHSJ65,Halter Pequeno Texturizado,-,Acessórios - QHSJ Pesos,,https://commanderbrasil.com.br/wp-content/uploads/2025/12/QHSJ65-bgbranco.webp,https://commanderbrasil.com.br/wp-content/uploads/2025/12/QHSJ65-bgbranco.webp | https://commanderbrasil.com.br/wp-content/uploads/2025/12/QHSJ65-ambientada.webp,https://commanderbrasil.com.br/catalogo/textured-small-dumbbell-qhsj65/
1009035,QHSJ64,Halter Pequeno Vinil Liso,-,Acessórios - QHSJ Pesos,,https://commanderbrasil.com.br/wp-content/uploads/2025/12/QHSJ64-bgbranco.webp,https://commanderbrasil.com.br/wp-content/uploads/2025/12/QHSJ64-bgbranco.webp | https://commanderbrasil.com.br/wp-content/uploads/2025/12/QHSJ64-ambientada.webp,https://commanderbrasil.com.br/catalogo/smooth-vinyl-small-dumbbell-qhsj64/
1008865,QHSJ08,Halter PU Capitão América,-,Acessórios - QHSJ Pesos,,https://commanderbrasil.com.br/wp-content/uploads/2025/12/QH-SJ08-bgbranco.webp,https://commanderbrasil.com.br/wp-content/uploads/2025/12/QH-SJ08-bgbranco.webp | https://commanderbrasil.com.br/wp-content/uploads/2025/12/QH-SJ08-ambientadas.webp,https://commanderbrasil.com.br/catalogo/pu-captain-america-dumbbell-qhsj08/
1008885,QHSJ13,Halter PU Fitness,-,Acessórios - QHSJ Pesos,,https://commanderbrasil.com.br/wp-content/uploads/2025/12/QH-SJ13-bgbranco.webp,https://commanderbrasil.com.br/wp-content/uploads/2025/12/QH-SJ13-bgbranco.webp | https://commanderbrasil.com.br/wp-content/uploads/2025/12/QH-SJ13-ambientadas.webp,https://commanderbrasil.com.br/catalogo/pu-fitness-dumbbell-qhsj13/
1008929,QHSJ24,Halter PU Technogym,-,Acessórios - QHSJ Pesos,,https://commanderbrasil.com.br/wp-content/uploads/2025/12/QH-SJ24-bgbranco.webp,https://commanderbrasil.com.br/wp-content/uploads/2025/12/QH-SJ24-bgbranco.webp | https://commanderbrasil.com.br/wp-content/uploads/2025/12/QH-SJ24-ambientadas.webp,https://commanderbrasil.com.br/catalogo/pu-technogym-dumbbell-qhsj24/
1008841,QHSJ01,Halter Redondo Revestido de Borracha,-,Acessórios - QHSJ Pesos,,https://commanderbrasil.com.br/wp-content/uploads/2025/12/QH-SJ01-bgbranco.webp,https://commanderbrasil.com.br/wp-content/uploads/2025/12/QH-SJ01-bgbranco.webp | https://commanderbrasil.com.br/wp-content/uploads/2025/12/QH-SJ01-ambientadas.webp,https://commanderbrasil.com.br/catalogo/round-head-rubber-dumbbell-qhsj01/
1008905,QHSJ18,Halter Sólido,-,Acessórios - QHSJ Pesos,,https://commanderbrasil.com.br/wp-content/uploads/2025/12/QH-SJ18-bgbranco.webp,https://commanderbrasil.com.br/wp-content/uploads/2025/12/QH-SJ18-bgbranco.webp | https://commanderbrasil.com.br/wp-content/uploads/2025/12/QH-SJ18-ambientadas.webp,https://commanderbrasil.com.br/catalogo/solid-dumbbell-qhsj18/
1008913,QHSJ20,Halter Sólido,-,Acessórios - QHSJ Pesos,,https://commanderbrasil.com.br/wp-content/uploads/2025/12/QH-SJ20-bgbranco.webp,https://commanderbrasil.com.br/wp-content/uploads/2025/12/QH-SJ20-bgbranco.webp | https://commanderbrasil.com.br/wp-content/uploads/2025/12/QH-SJ20-ambientadas.webp,https://commanderbrasil.com.br/catalogo/solid-dumbbell-qhsj20/
1008921,QHSJ22,Halter Sólido,-,Acessórios - QHSJ Pesos,,https://commanderbrasil.com.br/wp-content/uploads/2025/12/QH-SJ22-bgbranco.webp,https://commanderbrasil.com.br/wp-content/uploads/2025/12/QH-SJ22-bgbranco.webp | https://commanderbrasil.com.br/wp-content/uploads/2025/12/QH-SJ22-ambientadas.webp,https://commanderbrasil.com.br/catalogo/solid-dumbbell-qhsj22/
1008889,QHSJ14,Halter Sólido Fitness,-,Acessórios - QHSJ Pesos,,https://commanderbrasil.com.br/wp-content/uploads/2025/12/QH-SJ14-bgbranco.webp,https://commanderbrasil.com.br/wp-content/uploads/2025/12/QH-SJ14-bgbranco.webp | https://commanderbrasil.com.br/wp-content/uploads/2025/12/QH-SJ14-ambientadas.webp,https://commanderbrasil.com.br/catalogo/solid-fitness-dumbbell-qhsj14/
1401,GM108,Halter Suporte 2 Prateleiras,Suportes de Halteres,Equipamentos - Série GM,,https://commanderbrasil.com.br/wp-content/uploads/2025/12/GM108-bgbranco-2.webp,https://commanderbrasil.com.br/wp-content/uploads/2025/12/GM108-bgbranco-2.webp | https://commanderbrasil.com.br/wp-content/uploads/2025/12/GM108-ambientadas-2.webp,https://commanderbrasil.com.br/catalogo/suporte-halteres-prateleiras-gm108/
1009055,QHSJ69,Halter Vinil Colorido,-,Acessórios - QHSJ Pesos,,https://commanderbrasil.com.br/wp-content/uploads/2025/12/QHSJ69-bgbranco.webp,https://commanderbrasil.com.br/wp-content/uploads/2025/12/QHSJ69-bgbranco.webp | https://commanderbrasil.com.br/wp-content/uploads/2025/12/QHSJ69-ambientada.webp,https://commanderbrasil.com.br/catalogo/vinyl-full-color-dumbbell-qhsj69/
1004730,A031,Halteres 12 Lados Borracha Ecológica,-,Acessórios - Série A,Preço por kg (USD),https://commanderbrasil.com.br/wp-content/uploads/2025/12/A031-bgbranco-v2.webp,https://commanderbrasil.com.br/wp-content/uploads/2025/12/A031-bgbranco-v2.webp,https://commanderbrasil.com.br/catalogo/halteres-12-lados-borracha-ecologica-a031/
1004771,A071,Halteres Ajustáveis,-,Acessórios - Série A,Preço por kg (USD),https://commanderbrasil.com.br/wp-content/uploads/2025/12/A071-bgbranco-v2.webp,https://commanderbrasil.com.br/wp-content/uploads/2025/12/A071-bgbranco-v2.webp | https://commanderbrasil.com.br/wp-content/uploads/2025/12/A071-ambientada-v2.webp,https://commanderbrasil.com.br/catalogo/halteres-ajustaveis-a071/
1004772,A072,Halteres CPU Cabeça Grande,-,Acessórios - Série A,Preço por kg (USD),https://commanderbrasil.com.br/wp-content/uploads/2025/12/A072-bgbranco-v2.webp,https://commanderbrasil.com.br/wp-content/uploads/2025/12/A072-bgbranco-v2.webp | https://commanderbrasil.com.br/wp-content/uploads/2025/12/A072-ambientada-v2.webp,https://commanderbrasil.com.br/catalogo/halteres-cpu-cabeca-grande-a072/
1004770,A070,Halteres Ecológicos,-,Acessórios - Série A,Preço por kg (USD),,,https://commanderbrasil.com.br/catalogo/halteres-ecologicos-a070/
1004769,A069,Halteres Emborrachados Coloridos,-,Acessórios - Série A,Preço por kg (USD),https://commanderbrasil.com.br/wp-content/uploads/2025/12/A069-bgbranco-v2.webp,https://commanderbrasil.com.br/wp-content/uploads/2025/12/A069-bgbranco-v2.webp | https://commanderbrasil.com.br/wp-content/uploads/2025/12/A069-ambientada-v2.webp,https://commanderbrasil.com.br/catalogo/halteres-emborrachados-coloridos-a069/
1004717,A018,Halteres Inteiros,-,Acessórios - Série A,Preço por kg (USD),https://commanderbrasil.com.br/wp-content/uploads/2025/12/A018-bgbranco-v2.webp,https://commanderbrasil.com.br/wp-content/uploads/2025/12/A018-bgbranco-v2.webp | https://commanderbrasil.com.br/wp-content/uploads/2025/12/A018-ambientada-v2.webp,https://commanderbrasil.com.br/catalogo/halteres-inteiros-a018/
1004719,A020,Halteres Inteiros Modelo 2,-,Acessórios - Série A,Preço por kg (USD),https://commanderbrasil.com.br/wp-content/uploads/2025/12/A020-bgbranco-v2.webp,https://commanderbrasil.com.br/wp-content/uploads/2025/12/A020-bgbranco-v2.webp | https://commanderbrasil.com.br/wp-content/uploads/2025/12/A020-ambientada-v2.webp,https://commanderbrasil.com.br/catalogo/halteres-inteiros-modelo-a020/
1004721,A022,Halteres Inteiros Modelo 3,-,Acessórios - Série A,Preço por kg (USD),https://commanderbrasil.com.br/wp-content/uploads/2025/12/A022-bgbranco-v2.webp,https://commanderbrasil.com.br/wp-content/uploads/2025/12/A022-bgbranco-v2.webp | https://commanderbrasil.com.br/wp-content/uploads/2025/12/A022-ambientada-v2.webp,https://commanderbrasil.com.br/catalogo/halteres-inteiros-modelo-a022/
1004778,A078,Halteres Must Be Sure,-,Acessórios - Série A,Preço por kg (USD),https://commanderbrasil.com.br/wp-content/uploads/2025/12/A078-bgbranco-v2.webp,https://commanderbrasil.com.br/wp-content/uploads/2025/12/A078-bgbranco-v2.webp | https://commanderbrasil.com.br/wp-content/uploads/2025/12/A078-ambientada-v2.webp,https://commanderbrasil.com.br/catalogo/halteres-must-be-sure-a078/
1004768,A068,Halteres Osso,-,Acessórios - Série A,Preço por kg (USD),https://commanderbrasil.com.br/wp-content/uploads/2025/12/A068-bgbranco-v2.webp,https://commanderbrasil.com.br/wp-content/uploads/2025/12/A068-bgbranco-v2.webp | https://commanderbrasil.com.br/wp-content/uploads/2025/12/A068-ambientada-v2.webp,https://commanderbrasil.com.br/catalogo/halteres-osso-a068/
1004713,A014,Halteres Overall Fitness,-,Acessórios - Série A,Preço por kg (USD),https://commanderbrasil.com.br/wp-content/uploads/2025/12/A014-bgbranco-v2.webp,https://commanderbrasil.com.br/wp-content/uploads/2025/12/A014-bgbranco-v2.webp | https://commanderbrasil.com.br/wp-content/uploads/2025/12/A014-ambientada-v2.webp,https://commanderbrasil.com.br/catalogo/halteres-overall-fitness-a014/
1004757,A058,Halteres Pequenos Cromados,-,Acessórios - Série A,Preço por kg (USD),https://commanderbrasil.com.br/wp-content/uploads/2025/12/A058-bgbranco-v2.webp,https://commanderbrasil.com.br/wp-content/uploads/2025/12/A058-bgbranco-v2.webp | https://commanderbrasil.com.br/wp-content/uploads/2025/12/A058-ambientada-v2.webp,https://commanderbrasil.com.br/catalogo/halteres-pequenos-cromados-a058/
1004767,A067,Halteres Pequenos Dedos Curvados,-,Acessórios - Série A,Preço por kg (USD),https://commanderbrasil.com.br/wp-content/uploads/2025/12/A067-bgbranco-v2.webp,https://commanderbrasil.com.br/wp-content/uploads/2025/12/A067-bgbranco-v2.webp | https://commanderbrasil.com.br/wp-content/uploads/2025/12/A067-ambientada-v2.webp,https://commanderbrasil.com.br/catalogo/halteres-pequenos-dedos-curvados-a067/
1004764,A064,Halteres Pequenos Emborrachados Lisos,-,Acessórios - Série A,Preço por kg (USD),https://commanderbrasil.com.br/wp-content/uploads/2025/12/A064-bgbranco-v2.webp,https://commanderbrasil.com.br/wp-content/uploads/2025/12/A064-bgbranco-v2.webp | https://commanderbrasil.com.br/wp-content/uploads/2025/12/A064-ambientada-v2.webp,https://commanderbrasil.com.br/catalogo/halteres-pequenos-emborrachados-lisos-a064/
1004765,A065,Halteres Pequenos Superfície Texturizada,-,Acessórios - Série A,Preço por kg (USD),https://commanderbrasil.com.br/wp-content/uploads/2025/12/A065-bgbranco-v2.webp,https://commanderbrasil.com.br/wp-content/uploads/2025/12/A065-bgbranco-v2.webp | https://commanderbrasil.com.br/wp-content/uploads/2025/12/A065-ambientada-v2.webp,https://commanderbrasil.com.br/catalogo/halteres-pequenos-superficie-texturizada-a065/
1004766,A066,Halteres Portáteis,-,Acessórios - Série A,Preço por kg (USD),https://commanderbrasil.com.br/wp-content/uploads/2025/12/A066-bgbranco-v2.webp,https://commanderbrasil.com.br/wp-content/uploads/2025/12/A066-bgbranco-v2.webp | https://commanderbrasil.com.br/wp-content/uploads/2025/12/A066-ambientada-v2.webp,https://commanderbrasil.com.br/catalogo/halteres-portateis-a066/
1004707,A008,Halteres PU Capitão América,-,Acessórios - Série A,Preço por kg (USD),https://commanderbrasil.com.br/wp-content/uploads/2025/12/A008-bgbranco-v2.webp,https://commanderbrasil.com.br/wp-content/uploads/2025/12/A008-bgbranco-v2.webp | https://commanderbrasil.com.br/wp-content/uploads/2025/12/A008-ambientada-v2.webp,https://commanderbrasil.com.br/catalogo/halteres-pu-capitao-america-a008/
1004712,A013,Halteres PU Life Fitness,-,Acessórios - Série A,Preço por kg (USD),https://commanderbrasil.com.br/wp-content/uploads/2025/12/A013-bgbranco-v2.webp,https://commanderbrasil.com.br/wp-content/uploads/2025/12/A013-bgbranco-v2.webp | https://commanderbrasil.com.br/wp-content/uploads/2025/12/A013-ambientada-v2.webp,https://commanderbrasil.com.br/catalogo/halteres-pu-life-fitness-a013/
1004743,A044,Halteres PU Modelo 1,-,Acessórios - Série A,Preço por kg (USD),https://commanderbrasil.com.br/wp-content/uploads/2025/12/A044-bgbranco-v2.webp,https://commanderbrasil.com.br/wp-content/uploads/2025/12/A044-bgbranco-v2.webp,https://commanderbrasil.com.br/catalogo/halteres-pu-modelo-1-a044/
1004744,A045,Halteres PU Modelo 2,-,Acessórios - Série A,Preço por kg (USD),https://commanderbrasil.com.br/wp-content/uploads/2025/12/A045-bgbranco-v2.webp,https://commanderbrasil.com.br/wp-content/uploads/2025/12/A045-bgbranco-v2.webp | https://commanderbrasil.com.br/wp-content/uploads/2025/12/A045-ambientada-v2.webp,https://commanderbrasil.com.br/catalogo/halteres-pu-modelo-a045/
1004745,A046,Halteres PU Modelo 3,-,Acessórios - Série A,Preço por kg (USD),https://commanderbrasil.com.br/wp-content/uploads/2025/12/A046-bgbranco-v2.webp,https://commanderbrasil.com.br/wp-content/uploads/2025/12/A046-bgbranco-v2.webp | https://commanderbrasil.com.br/wp-content/uploads/2025/12/A046-ambientada-v2.webp,https://commanderbrasil.com.br/catalogo/halteres-pu-modelo-a046/
1004746,A047,Halteres PU Modelo 4,-,Acessórios - Série A,Preço por kg (USD),https://commanderbrasil.com.br/wp-content/uploads/2025/12/A047-bgbranco-v2.webp,https://commanderbrasil.com.br/wp-content/uploads/2025/12/A047-bgbranco-v2.webp,https://commanderbrasil.com.br/catalogo/halteres-pu-modelo-a047/
1004747,A048,Halteres PU Modelo 5,-,Acessórios - Série A,Preço por kg (USD),https://commanderbrasil.com.br/wp-content/uploads/2025/12/A048-bgbranco-v2.webp,https://commanderbrasil.com.br/wp-content/uploads/2025/12/A048-bgbranco-v2.webp | https://commanderbrasil.com.br/wp-content/uploads/2025/12/A048-ambientada-v2.webp,https://commanderbrasil.com.br/catalogo/halteres-pu-modelo-a048/
1004723,A024,Halteres PU Technogym,-,Acessórios - Série A,Preço por kg (USD),,,https://commanderbrasil.com.br/catalogo/halteres-pu-technogym-a024/
1004700,A001,Halteres Redondos Revestidos de Borracha,-,Acessórios - Série A,Preço por kg (USD),https://commanderbrasil.com.br/wp-content/uploads/2025/12/A001-bgbranco-v2.webp,https://commanderbrasil.com.br/wp-content/uploads/2025/12/A001-bgbranco-v2.webp | https://commanderbrasil.com.br/wp-content/uploads/2025/12/A001-ambientada-v2.webp,https://commanderbrasil.com.br/catalogo/halteres-redondos-revestidos-de-borracha-a001/
1004728,A029,Halteres Revestidos de Borracha,-,Acessórios - Série A,Preço por kg (USD),https://commanderbrasil.com.br/wp-content/uploads/2025/12/A029-bgbranco-v2.webp,https://commanderbrasil.com.br/wp-content/uploads/2025/12/A029-bgbranco-v2.webp | https://commanderbrasil.com.br/wp-content/uploads/2025/12/A029-ambientada-v2.webp,https://commanderbrasil.com.br/catalogo/halteres-revestidos-de-borracha-a029/
1004729,A030,Halteres Revestidos de Borracha Modelo 2,-,Acessórios - Série A,Preço por kg (USD),https://commanderbrasil.com.br/wp-content/uploads/2025/12/A030-bgbranco-v2.webp,https://commanderbrasil.com.br/wp-content/uploads/2025/12/A030-bgbranco-v2.webp,https://commanderbrasil.com.br/catalogo/halteres-revestidos-de-borracha-modelo-a030/
1004725,A026,Halteres Technogym Revestidos de Borracha,-,Acessórios - Série A,Preço por kg (USD),https://commanderbrasil.com.br/wp-content/uploads/2025/12/A026-bgbranco-v2.webp,https://commanderbrasil.com.br/wp-content/uploads/2025/12/A026-bgbranco-v2.webp,https://commanderbrasil.com.br/catalogo/halteres-technogym-revestidos-de-borracha-a026/
1009732,QHSJ179,Isolador de Bíceps,-,Acessórios - QHSJ Yoga,,https://commanderbrasil.com.br/wp-content/uploads/2025/12/QH-SJ179-bgbranco.webp,https://commanderbrasil.com.br/wp-content/uploads/2025/12/QH-SJ179-bgbranco.webp | https://commanderbrasil.com.br/wp-content/uploads/2025/12/QH-SJ179-ambientadas.webp,https://commanderbrasil.com.br/catalogo/bicep-blaster-qhsj179/
2911,E034,Jaqueta Peso Ajustável 10kg,Acessórios de Treino,Acessórios - Série E,Jaqueta de Peso Adjustable 10kg - Código: E-034,https://commanderbrasil.com.br/wp-content/uploads/2025/12/E034-e-1.jpeg,https://commanderbrasil.com.br/wp-content/uploads/2025/12/E034-e-1.jpeg,https://commanderbrasil.com.br/catalogo/jaqueta-de-peso-ajustavel-10kg-e034/
1004774,A074,Kettlebell,-,Acessórios - Série A,Preço por kg (USD),https://commanderbrasil.com.br/wp-content/uploads/2025/12/A074-bgbranco-v2.webp,https://commanderbrasil.com.br/wp-content/uploads/2025/12/A074-bgbranco-v2.webp | https://commanderbrasil.com.br/wp-content/uploads/2025/12/A074-ambientada-v2.webp,https://commanderbrasil.com.br/catalogo/kettlebell-a074/
1009075,QHSJ74,Kettlebell com Água,Kettlebells,Acessórios - QHSJ Pesos,,https://commanderbrasil.com.br/wp-content/uploads/2025/12/QHSJ74-bgbranco.webp,https://commanderbrasil.com.br/wp-content/uploads/2025/12/QHSJ74-bgbranco.webp | https://commanderbrasil.com.br/wp-content/uploads/2025/12/QHSJ74-ambientada.webp,https://commanderbrasil.com.br/catalogo/water-kettlebell-qhsj74/
1009027,QHSJ62,Kettlebell Competição,Kettlebells,Acessórios - QHSJ Pesos,,https://commanderbrasil.com.br/wp-content/uploads/2025/12/QHSJ62-bgbranco.webp,https://commanderbrasil.com.br/wp-content/uploads/2025/12/QHSJ62-bgbranco.webp | https://commanderbrasil.com.br/wp-content/uploads/2025/12/QHSJ62-ambientada.webp,https://commanderbrasil.com.br/catalogo/competition-kettlebell-qhsj62/
1004762,A062B,Kettlebell Competição (12-32kg),-,Acessórios - Série A,Preço por kg (USD),,,https://commanderbrasil.com.br/catalogo/kettlebell-competicao-122kg-a062b/
1004761,A062A,Kettlebell Competição (4-10kg),-,Acessórios - Série A,Preço por kg (USD),https://commanderbrasil.com.br/wp-content/uploads/2025/12/A062A-bgbranco.webp,https://commanderbrasil.com.br/wp-content/uploads/2025/12/A062A-bgbranco.webp,https://commanderbrasil.com.br/catalogo/kettlebell-competicao-10kg-a062a/
1004758,A059,Kettlebell Emborrachado,-,Acessórios - Série A,Preço por kg (USD),https://commanderbrasil.com.br/wp-content/uploads/2025/12/A059-bgbranco-v2.webp,https://commanderbrasil.com.br/wp-content/uploads/2025/12/A059-bgbranco-v2.webp | https://commanderbrasil.com.br/wp-content/uploads/2025/12/A059-ambientada-v2.webp,https://commanderbrasil.com.br/catalogo/kettlebell-emborrachado-a059/
1009031,QHSJ63,Kettlebell Ferro Fundido,Kettlebells,Acessórios - QHSJ Pesos,,https://commanderbrasil.com.br/wp-content/uploads/2025/12/QHSJ63-bgbranco.webp,https://commanderbrasil.com.br/wp-content/uploads/2025/12/QHSJ63-bgbranco.webp | https://commanderbrasil.com.br/wp-content/uploads/2025/12/QHSJ63-ambientada.webp,https://commanderbrasil.com.br/catalogo/cast-iron-kettlebell-qhsj63/
1004763,A063,Kettlebell Ferro Fundido,-,Acessórios - Série A,Preço por kg (USD),https://commanderbrasil.com.br/wp-content/uploads/2025/12/A063-bgbranco-v2.webp,https://commanderbrasil.com.br/wp-content/uploads/2025/12/A063-bgbranco-v2.webp | https://commanderbrasil.com.br/wp-content/uploads/2025/12/A063-ambientada-v2.webp,https://commanderbrasil.com.br/catalogo/kettlebell-ferro-fundido-a063/
2689,C080,Kettlebell Profissional Ajustável,Kettlebells,Acessórios - Série C,Kettlebell Professional Adjustable - Código: C-080,https://commanderbrasil.com.br/wp-content/uploads/2025/12/C-080-c-2.jpeg,https://commanderbrasil.com.br/wp-content/uploads/2025/12/C-080-c-2.jpeg,https://commanderbrasil.com.br/catalogo/kettlebell-profissional-ajustavel-c080/
2686,C077,Kettlebell Profissional com Base,Kettlebells,Acessórios - Série C,Kettlebell Professional com Base - Código: C-077,https://commanderbrasil.com.br/wp-content/uploads/2025/12/C-077-c-2.jpeg,https://commanderbrasil.com.br/wp-content/uploads/2025/12/C-077-c-2.jpeg,https://commanderbrasil.com.br/catalogo/kettlebell-profissional-com-base-c077/
1009021,QHSJ60,Kettlebell PU Colorido,Kettlebells,Acessórios - QHSJ Pesos,,,,https://commanderbrasil.com.br/catalogo/colored-pu-kettlebell-qhsj60/
1004759,A060,Kettlebell PU Colorido,-,Acessórios - Série A,Preço por kg (USD),https://commanderbrasil.com.br/wp-content/uploads/2025/12/A060-bgbranco-v2.webp,https://commanderbrasil.com.br/wp-content/uploads/2025/12/A060-bgbranco-v2.webp | https://commanderbrasil.com.br/wp-content/uploads/2025/12/A060-ambientada-v2.webp,https://commanderbrasil.com.br/catalogo/kettlebell-pu-colorido-a060/
1009023,QHSJ61,Kettlebell PU Competição,Kettlebells,Acessórios - QHSJ Pesos,,https://commanderbrasil.com.br/wp-content/uploads/2025/12/QHSJ61-bgbranco.webp,https://commanderbrasil.com.br/wp-content/uploads/2025/12/QHSJ61-bgbranco.webp | https://commanderbrasil.com.br/wp-content/uploads/2025/12/QHSJ61-ambientada.webp,https://commanderbrasil.com.br/catalogo/pu-competition-kettlebell-qhsj61/
1004760,A061,Kettlebell PU Competição,-,Acessórios - Série A,Preço por kg (USD),https://commanderbrasil.com.br/wp-content/uploads/2025/12/A061-bgbranco-v2.webp,https://commanderbrasil.com.br/wp-content/uploads/2025/12/A061-bgbranco-v2.webp | https://commanderbrasil.com.br/wp-content/uploads/2025/12/A061-ambientada-v2.webp,https://commanderbrasil.com.br/catalogo/kettlebell-pu-competicao-a061/
1009017,QHSJ59,Kettlebell Vinil,Kettlebells,Acessórios - QHSJ Pesos,,https://commanderbrasil.com.br/wp-content/uploads/2025/12/QHSJ59-bgbranco.webp,https://commanderbrasil.com.br/wp-content/uploads/2025/12/QHSJ59-bgbranco.webp | https://commanderbrasil.com.br/wp-content/uploads/2025/12/QHSJ59-ambientada.webp,https://commanderbrasil.com.br/catalogo/vinyl-kettlebell-qhsj59/
1004756,A057,Kit Barra Les Mills,-,Acessórios - Série A,Preço por kg (USD),https://commanderbrasil.com.br/wp-content/uploads/2025/12/A057-bgbranco-v2.webp,https://commanderbrasil.com.br/wp-content/uploads/2025/12/A057-bgbranco-v2.webp | https://commanderbrasil.com.br/wp-content/uploads/2025/12/A057-ambientada-v2.webp,https://commanderbrasil.com.br/catalogo/kit-barra-les-mills-a057/
1004755,A056,Kit Barra Les Mills Borracha,-,Acessórios - Série A,Preço por kg (USD),https://commanderbrasil.com.br/wp-content/uploads/2025/12/A056-bgbranco-v2.webp,https://commanderbrasil.com.br/wp-content/uploads/2025/12/A056-bgbranco-v2.webp | https://commanderbrasil.com.br/wp-content/uploads/2025/12/A056-ambientada-v2.webp,https://commanderbrasil.com.br/catalogo/kit-barra-les-mills-borracha-a056/
1004753,A054,Kit Barra Les Mills PU,-,Acessórios - Série A,Preço por kg (USD),https://commanderbrasil.com.br/wp-content/uploads/2025/12/A054-bgbranco-v2.webp,https://commanderbrasil.com.br/wp-content/uploads/2025/12/A054-bgbranco-v2.webp | https://commanderbrasil.com.br/wp-content/uploads/2025/12/A054-ambientada-v2.webp,https://commanderbrasil.com.br/catalogo/kit-barra-les-mills-pu-a054/
1004754,A055,Kit Barra Les Mills PU Crocodilo,-,Acessórios - Série A,Preço por kg (USD),https://commanderbrasil.com.br/wp-content/uploads/2025/12/A055-bgbranco-v2.webp,https://commanderbrasil.com.br/wp-content/uploads/2025/12/A055-bgbranco-v2.webp | https://commanderbrasil.com.br/wp-content/uploads/2025/12/A055-ambientada-v2.webp,https://commanderbrasil.com.br/catalogo/kit-barra-les-mills-pu-crocodilo-a055/
2667,C058,Kit Bola de Massagem Profissional 3 Peças,Acessórios de Treino,Acessórios - Série C,Bola de Massagem Professional - Kit 3 - Código: C-058,https://commanderbrasil.com.br/wp-content/uploads/2025/12/C-058-c-2.jpeg,https://commanderbrasil.com.br/wp-content/uploads/2025/12/C-058-c-2.jpeg,https://commanderbrasil.com.br/catalogo/bola-de-massagem-profissional-kit-c058/
2793,D008,Kit Caixa Salto Octogonal Quádrupla,Acessórios de Treino,Acessórios - Série D,Kit Caixa de Salto Octagonal Quádrupla - Código: D-008,https://commanderbrasil.com.br/wp-content/uploads/2025/12/D008-d-2.jpeg,https://commanderbrasil.com.br/wp-content/uploads/2025/12/D008-d-2.jpeg,https://commanderbrasil.com.br/catalogo/kit-caixa-de-salto-octagonal-quadrupla-d008/
2792,D007,Kit Caixa Salto Quádrupla,Acessórios de Treino,Acessórios - Série D,Kit Caixa de Salto Quádrupla - Código: D-007,https://commanderbrasil.com.br/wp-content/uploads/2025/12/D007-d-2.jpeg,https://commanderbrasil.com.br/wp-content/uploads/2025/12/D007-d-2.jpeg,https://commanderbrasil.com.br/catalogo/kit-caixa-de-salto-quadrupla-d007/
2794,D009,Kit Caixa Salto Quádrupla Dobrável,Acessórios de Treino,Acessórios - Série D,Kit Caixa de Salto Quádrupla Dobrável - Código: D-009,https://commanderbrasil.com.br/wp-content/uploads/2025/12/D009-d-2.jpeg,https://commanderbrasil.com.br/wp-content/uploads/2025/12/D009-d-2.jpeg,https://commanderbrasil.com.br/catalogo/kit-caixa-de-salto-quadrupla-dobravel-d009/
2791,D006,Kit Caixa Salto Tripla,Acessórios de Treino,Acessórios - Série D,Kit Caixa de Salto Tripla - Código: D-006,https://commanderbrasil.com.br/wp-content/uploads/2025/12/D006-d-2.jpeg,https://commanderbrasil.com.br/wp-content/uploads/2025/12/D006-d-2.jpeg,https://commanderbrasil.com.br/catalogo/kit-caixa-de-salto-tripla-d006/
1571,CBP008B,Kit De Banco Totalmente Ajustável Para CBP002,Outros Bancos,Equipamentos - Série CBP,,https://commanderbrasil.com.br/wp-content/uploads/2025/12/CBP008B-bgbranco-2.webp,https://commanderbrasil.com.br/wp-content/uploads/2025/12/CBP008B-bgbranco-2.webp | https://commanderbrasil.com.br/wp-content/uploads/2025/12/CBP008B-ambientadas-2.webp,https://commanderbrasil.com.br/catalogo/kit-de-banco-totalmente-ajustavel-para-cbp002-cbp008b/
1572,CBP008C,Kit De Banco Totalmente Ajustável Para CBP005,Outros Bancos,Equipamentos - Série CBP,,https://commanderbrasil.com.br/wp-content/uploads/2025/12/CBP008C-bgbranco-2.webp,https://commanderbrasil.com.br/wp-content/uploads/2025/12/CBP008C-bgbranco-2.webp | https://commanderbrasil.com.br/wp-content/uploads/2025/12/CBP008C-ambientadas-2.webp,https://commanderbrasil.com.br/catalogo/kit-de-banco-totalmente-ajustavel-para-cbp005-cbp008c/
2901,E024,Kit Elástico com Corda 3 Peças,Acessórios de Treino,Acessórios - Série E,Corda Elástica - Kit 3 Peças - Código: E-024,https://commanderbrasil.com.br/wp-content/uploads/2025/12/E024-e-1.jpeg,https://commanderbrasil.com.br/wp-content/uploads/2025/12/E024-e-1.jpeg,https://commanderbrasil.com.br/catalogo/corda-elastica-kit-pecas-e024/
2900,E023,Kit Elástico com Corda 5 Peças,Acessórios de Treino,Acessórios - Série E,Corda Elástica - Kit Completo 5 Peças - Código: E-023,https://commanderbrasil.com.br/wp-content/uploads/2025/12/E023-e-1.jpeg,https://commanderbrasil.com.br/wp-content/uploads/2025/12/E023-e-1.jpeg,https://commanderbrasil.com.br/catalogo/corda-elastica-kit-completo-pecas-e023/
2650,C041,Kit Faixas de Resistência,Faixas de Resistência,Acessórios - Série C,Faixas de Endurance - Kit - Código: C-041,https://commanderbrasil.com.br/wp-content/uploads/2025/12/C-041-c-2.jpeg,https://commanderbrasil.com.br/wp-content/uploads/2025/12/C-041-c-2.jpeg,https://commanderbrasil.com.br/catalogo/faixas-de-resistencia-kit-c041/
2902,E025,Kit Faixas de Resistência 5 Peças,Faixas de Resistência,Acessórios - Série E,Faixas de Endurance - Kit 5 Peças - Código: E-025,https://commanderbrasil.com.br/wp-content/uploads/2025/12/E025-e-1.jpeg,https://commanderbrasil.com.br/wp-content/uploads/2025/12/E025-e-1.jpeg,https://commanderbrasil.com.br/catalogo/faixas-de-resistencia-kit-pecas-e025/
2903,E026,Kit Faixas Elásticas 5 Peças,Faixas de Resistência,Acessórios - Série E,Banda Elástica - Kit 5 Peças - Código: E-026,https://commanderbrasil.com.br/wp-content/uploads/2025/12/E026-e-1.jpeg,https://commanderbrasil.com.br/wp-content/uploads/2025/12/E026-e-1.jpeg,https://commanderbrasil.com.br/catalogo/banda-elastica-kit-pecas-e026/
2651,C042,Kit Faixas Elásticas 5 Peças,Faixas de Resistência,Acessórios - Série C,Banda Elástica - Kit de 5 - Código: C-042,https://commanderbrasil.com.br/wp-content/uploads/2025/12/C-042-c-2.jpeg,https://commanderbrasil.com.br/wp-content/uploads/2025/12/C-042-c-2.jpeg,https://commanderbrasil.com.br/catalogo/banda-elastica-kit-de-c042/
2694,C085,Kit Pilates 5 Peças,Acessórios de Treino,Acessórios - Série C,Kit Pilates 5 Peças - Código: C-085,https://commanderbrasil.com.br/wp-content/uploads/2025/12/C-085-c-2.jpeg,https://commanderbrasil.com.br/wp-content/uploads/2025/12/C-085-c-2.jpeg,https://commanderbrasil.com.br/catalogo/kit-pilates-pecas-c085/
3076,XMJ002,Kit Proteção Taekwondo 6 Peças,Acessórios de Treino,Acessórios - Série XM-J,Kit Proteção Taekwondo 6 Peças - Código: XM-J002,https://commanderbrasil.com.br/wp-content/uploads/2025/12/XM-J002-xm-j-1.jpeg,https://commanderbrasil.com.br/wp-content/uploads/2025/12/XM-J002-xm-j-1.jpeg,https://commanderbrasil.com.br/catalogo/kit-protecao-taekwondo-pecas-xmj002/
2692,C083,Kit Suporte de Corda Yoga,Tapetes e Yoga,Acessórios - Série C,Corda de Apoio para Yoga - Kit - Código: C-083,https://commanderbrasil.com.br/wp-content/uploads/2025/12/C-083-c-2.jpeg,https://commanderbrasil.com.br/wp-content/uploads/2025/12/C-083-c-2.jpeg,https://commanderbrasil.com.br/catalogo/corda-de-apoio-para-yoga-kit-c083/
1009186,QHSJ102,LD-PB01,-,Acessórios - QHSJ Barras,,https://commanderbrasil.com.br/wp-content/uploads/2025/12/QHSJ102-bgbranco.webp,https://commanderbrasil.com.br/wp-content/uploads/2025/12/QHSJ102-bgbranco.webp | https://commanderbrasil.com.br/wp-content/uploads/2025/12/QHSJ102-ambientada.webp,https://commanderbrasil.com.br/catalogo/ld-pb01-qhsj102/
1009190,QHSJ103,LD-PB02,-,Acessórios - QHSJ Barras,,https://commanderbrasil.com.br/wp-content/uploads/2025/12/QHSJ103-bgbranco.webp,https://commanderbrasil.com.br/wp-content/uploads/2025/12/QHSJ103-bgbranco.webp | https://commanderbrasil.com.br/wp-content/uploads/2025/12/QHSJ103-ambientada.webp,https://commanderbrasil.com.br/catalogo/ld-pb02-qhsj103/
1009194,QHSJ104,LD-PB03,-,Acessórios - QHSJ Barras,,https://commanderbrasil.com.br/wp-content/uploads/2025/12/QHSJ104-bgbranco.webp,https://commanderbrasil.com.br/wp-content/uploads/2025/12/QHSJ104-bgbranco.webp | https://commanderbrasil.com.br/wp-content/uploads/2025/12/QHSJ104-ambientada.webp,https://commanderbrasil.com.br/catalogo/ld-pb03-qhsj104/
1009198,QHSJ105,LD-PB04,-,Acessórios - QHSJ Barras,,https://commanderbrasil.com.br/wp-content/uploads/2025/12/QHSJ105-bgbranco.webp,https://commanderbrasil.com.br/wp-content/uploads/2025/12/QHSJ105-bgbranco.webp | https://commanderbrasil.com.br/wp-content/uploads/2025/12/QHSJ105-ambientada.webp,https://commanderbrasil.com.br/catalogo/ld-pb04-qhsj105/
1009202,QHSJ106,LD-PB05,-,Acessórios - QHSJ Barras,,https://commanderbrasil.com.br/wp-content/uploads/2025/12/QHSJ106-bgbranco.webp,https://commanderbrasil.com.br/wp-content/uploads/2025/12/QHSJ106-bgbranco.webp | https://commanderbrasil.com.br/wp-content/uploads/2025/12/QHSJ106-ambientada.webp,https://commanderbrasil.com.br/catalogo/ld-pb05-qhsj106/
1009206,QHSJ107,LD-PB06,-,Acessórios - QHSJ Barras,,https://commanderbrasil.com.br/wp-content/uploads/2025/12/QHSJ107-bgbranco.webp,https://commanderbrasil.com.br/wp-content/uploads/2025/12/QHSJ107-bgbranco.webp | https://commanderbrasil.com.br/wp-content/uploads/2025/12/QHSJ107-ambientada.webp,https://commanderbrasil.com.br/catalogo/ld-pb06-qhsj107/
1009210,QHSJ108,LD-PB07,-,Acessórios - QHSJ Barras,,https://commanderbrasil.com.br/wp-content/uploads/2025/12/QHSJ108-bgbranco.webp,https://commanderbrasil.com.br/wp-content/uploads/2025/12/QHSJ108-bgbranco.webp | https://commanderbrasil.com.br/wp-content/uploads/2025/12/QHSJ108-ambientada.webp,https://commanderbrasil.com.br/catalogo/ld-pb07-qhsj108/
1009214,QHSJ109,LD-PB08,-,Acessórios - QHSJ Barras,,https://commanderbrasil.com.br/wp-content/uploads/2025/12/QHSJ109-bgbranco.webp,https://commanderbrasil.com.br/wp-content/uploads/2025/12/QHSJ109-bgbranco.webp | https://commanderbrasil.com.br/wp-content/uploads/2025/12/QHSJ109-ambientada.webp,https://commanderbrasil.com.br/catalogo/ld-pb08-qhsj109/
1009218,QHSJ110,LD-PB09,-,Acessórios - QHSJ Barras,,https://commanderbrasil.com.br/wp-content/uploads/2025/12/QHSJ110-bgbranco.webp,https://commanderbrasil.com.br/wp-content/uploads/2025/12/QHSJ110-bgbranco.webp | https://commanderbrasil.com.br/wp-content/uploads/2025/12/QHSJ110-ambientada.webp,https://commanderbrasil.com.br/catalogo/ld-pb09-qhsj110/
1009222,QHSJ111,LD-PB10,-,Acessórios - QHSJ Barras,,https://commanderbrasil.com.br/wp-content/uploads/2025/12/QHSJ111-bgbranco.webp,https://commanderbrasil.com.br/wp-content/uploads/2025/12/QHSJ111-bgbranco.webp | https://commanderbrasil.com.br/wp-content/uploads/2025/12/QHSJ111-ambientada.webp,https://commanderbrasil.com.br/catalogo/ld-pb10-qhsj111/
1009226,QHSJ112,LD-PB11,-,Acessórios - QHSJ Barras,,https://commanderbrasil.com.br/wp-content/uploads/2025/12/QHSJ112-bgbranco.webp,https://commanderbrasil.com.br/wp-content/uploads/2025/12/QHSJ112-bgbranco.webp | https://commanderbrasil.com.br/wp-content/uploads/2025/12/QHSJ112-ambientada.webp,https://commanderbrasil.com.br/catalogo/ld-pb11-qhsj112/
1009230,QHSJ113,LD-PB12,-,Acessórios - QHSJ Barras,,https://commanderbrasil.com.br/wp-content/uploads/2025/12/QHSJ113-bgbranco.webp,https://commanderbrasil.com.br/wp-content/uploads/2025/12/QHSJ113-bgbranco.webp | https://commanderbrasil.com.br/wp-content/uploads/2025/12/QHSJ113-ambientada.webp,https://commanderbrasil.com.br/catalogo/ld-pb12-qhsj113/
1009234,QHSJ114,LD-PB13,-,Acessórios - QHSJ Barras,,https://commanderbrasil.com.br/wp-content/uploads/2025/12/QHSJ114-bgbranco.webp,https://commanderbrasil.com.br/wp-content/uploads/2025/12/QHSJ114-bgbranco.webp | https://commanderbrasil.com.br/wp-content/uploads/2025/12/QHSJ114-ambientada.webp,https://commanderbrasil.com.br/catalogo/ld-pb13-qhsj114/
1009238,QHSJ115,LD-PB14,-,Acessórios - QHSJ Barras,,https://commanderbrasil.com.br/wp-content/uploads/2025/12/QHSJ115-bgbranco.webp,https://commanderbrasil.com.br/wp-content/uploads/2025/12/QHSJ115-bgbranco.webp | https://commanderbrasil.com.br/wp-content/uploads/2025/12/QHSJ115-ambientada.webp,https://commanderbrasil.com.br/catalogo/ld-pb14-qhsj115/
1009242,QHSJ116,LD-PB15,-,Acessórios - QHSJ Barras,,https://commanderbrasil.com.br/wp-content/uploads/2025/12/QHSJ116-bgbranco.webp,https://commanderbrasil.com.br/wp-content/uploads/2025/12/QHSJ116-bgbranco.webp | https://commanderbrasil.com.br/wp-content/uploads/2025/12/QHSJ116-ambientada.webp,https://commanderbrasil.com.br/catalogo/ld-pb15-qhsj116/
1009246,QHSJ117,LD-PB16,-,Acessórios - QHSJ Barras,,https://commanderbrasil.com.br/wp-content/uploads/2025/12/QHSJ117-bgbranco.webp,https://commanderbrasil.com.br/wp-content/uploads/2025/12/QHSJ117-bgbranco.webp | https://commanderbrasil.com.br/wp-content/uploads/2025/12/QHSJ117-ambientada.webp,https://commanderbrasil.com.br/catalogo/ld-pb16-qhsj117/
1009250,QHSJ118,LD-PB17,-,Acessórios - QHSJ Barras,,https://commanderbrasil.com.br/wp-content/uploads/2025/12/QHSJ118-bgbranco.webp,https://commanderbrasil.com.br/wp-content/uploads/2025/12/QHSJ118-bgbranco.webp | https://commanderbrasil.com.br/wp-content/uploads/2025/12/QHSJ118-ambientada.webp,https://commanderbrasil.com.br/catalogo/ld-pb17-qhsj118/
1009254,QHSJ119,LD-PB19,-,Acessórios - QHSJ Barras,,https://commanderbrasil.com.br/wp-content/uploads/2025/12/QHSJ119-bgbranco.webp,https://commanderbrasil.com.br/wp-content/uploads/2025/12/QHSJ119-bgbranco.webp,https://commanderbrasil.com.br/catalogo/ld-pb19-qhsj119/
1009257,QHSJ120,LD-PB20,-,Acessórios - QHSJ Barras,,https://commanderbrasil.com.br/wp-content/uploads/2025/12/QHSJ120-bgbranco.webp,https://commanderbrasil.com.br/wp-content/uploads/2025/12/QHSJ120-bgbranco.webp | https://commanderbrasil.com.br/wp-content/uploads/2025/12/QHSJ120-ambientada.webp,https://commanderbrasil.com.br/catalogo/ld-pb20-qhsj120/
1009261,QHSJ121,LD-PB23,-,Acessórios - QHSJ Barras,,https://commanderbrasil.com.br/wp-content/uploads/2025/12/QHSJ121-bgbranco.webp,https://commanderbrasil.com.br/wp-content/uploads/2025/12/QHSJ121-bgbranco.webp | https://commanderbrasil.com.br/wp-content/uploads/2025/12/QHSJ121-ambientada.webp,https://commanderbrasil.com.br/catalogo/ld-pb23-qhsj121/
1009265,QHSJ122,LD-PB24,-,Acessórios - QHSJ Barras,,https://commanderbrasil.com.br/wp-content/uploads/2025/12/QHSJ122-bgbranco.webp,https://commanderbrasil.com.br/wp-content/uploads/2025/12/QHSJ122-bgbranco.webp | https://commanderbrasil.com.br/wp-content/uploads/2025/12/QHSJ122-ambientada.webp,https://commanderbrasil.com.br/catalogo/ld-pb24-qhsj122/
1009269,QHSJ123,LD-PB25,-,Acessórios - QHSJ Barras,,https://commanderbrasil.com.br/wp-content/uploads/2025/12/QHSJ123-bgbranco.webp,https://commanderbrasil.com.br/wp-content/uploads/2025/12/QHSJ123-bgbranco.webp | https://commanderbrasil.com.br/wp-content/uploads/2025/12/QHSJ123-ambientada.webp,https://commanderbrasil.com.br/catalogo/ld-pb25-qhsj123/
1009273,QHSJ124,LD-PB26,-,Acessórios - QHSJ Barras,,https://commanderbrasil.com.br/wp-content/uploads/2025/12/QHSJ124-bgbranco.webp,https://commanderbrasil.com.br/wp-content/uploads/2025/12/QHSJ124-bgbranco.webp | https://commanderbrasil.com.br/wp-content/uploads/2025/12/QHSJ124-ambientada.webp,https://commanderbrasil.com.br/catalogo/ld-pb26-qhsj124/
1009277,QHSJ125,LD-PB29,-,Acessórios - QHSJ Barras,,https://commanderbrasil.com.br/wp-content/uploads/2025/12/QHSJ125-bgbranco.webp,https://commanderbrasil.com.br/wp-content/uploads/2025/12/QHSJ125-bgbranco.webp | https://commanderbrasil.com.br/wp-content/uploads/2025/12/QHSJ125-ambientada.webp,https://commanderbrasil.com.br/catalogo/ld-pb29-qhsj125/
1009281,QHSJ126,LD-PB30,-,Acessórios - QHSJ Barras,,https://commanderbrasil.com.br/wp-content/uploads/2025/12/QHSJ126-bgbranco.webp,https://commanderbrasil.com.br/wp-content/uploads/2025/12/QHSJ126-bgbranco.webp | https://commanderbrasil.com.br/wp-content/uploads/2025/12/QHSJ126-ambientada.webp,https://commanderbrasil.com.br/catalogo/ld-pb30-qhsj126/
1009285,QHSJ127,LD-PB31,-,Acessórios - QHSJ Barras,,https://commanderbrasil.com.br/wp-content/uploads/2025/12/QHSJ127-bgbranco.webp,https://commanderbrasil.com.br/wp-content/uploads/2025/12/QHSJ127-bgbranco.webp,https://commanderbrasil.com.br/catalogo/ld-pb31-qhsj127/
1009288,QHSJ128,LD-PB32,-,Acessórios - QHSJ Barras,,https://commanderbrasil.com.br/wp-content/uploads/2025/12/QHSJ128-bgbranco.webp,https://commanderbrasil.com.br/wp-content/uploads/2025/12/QHSJ128-bgbranco.webp | https://commanderbrasil.com.br/wp-content/uploads/2025/12/QHSJ128-ambientada.webp,https://commanderbrasil.com.br/catalogo/ld-pb32-qhsj128/
1009292,QHSJ129,LD-PB33,-,Acessórios - QHSJ Barras,,https://commanderbrasil.com.br/wp-content/uploads/2025/12/QHSJ129-bgbranco.webp,https://commanderbrasil.com.br/wp-content/uploads/2025/12/QHSJ129-bgbranco.webp | https://commanderbrasil.com.br/wp-content/uploads/2025/12/QHSJ129-ambientada.webp,https://commanderbrasil.com.br/catalogo/ld-pb33-qhsj129/
1009296,QHSJ130,LD-PB34,-,Acessórios - QHSJ Barras,,https://commanderbrasil.com.br/wp-content/uploads/2025/12/QHSJ130-bgbranco.webp,https://commanderbrasil.com.br/wp-content/uploads/2025/12/QHSJ130-bgbranco.webp | https://commanderbrasil.com.br/wp-content/uploads/2025/12/QHSJ130-ambientada.webp,https://commanderbrasil.com.br/catalogo/ld-pb34-qhsj130/
1009300,QHSJ131,LD-PB35,-,Acessórios - QHSJ Barras,,https://commanderbrasil.com.br/wp-content/uploads/2025/12/QHSJ131-bgbranco.webp,https://commanderbrasil.com.br/wp-content/uploads/2025/12/QHSJ131-bgbranco.webp | https://commanderbrasil.com.br/wp-content/uploads/2025/12/QHSJ131-ambientada.webp,https://commanderbrasil.com.br/catalogo/ld-pb35-qhsj131/
1009304,QHSJ132,LD-PB36,-,Acessórios - QHSJ Barras,,https://commanderbrasil.com.br/wp-content/uploads/2025/12/QHSJ132-bgbranco.webp,https://commanderbrasil.com.br/wp-content/uploads/2025/12/QHSJ132-bgbranco.webp | https://commanderbrasil.com.br/wp-content/uploads/2025/12/QHSJ132-ambientada.webp,https://commanderbrasil.com.br/catalogo/ld-pb36-qhsj132/
1009308,QHSJ133,LD-PB37,-,Acessórios - QHSJ Barras,,https://commanderbrasil.com.br/wp-content/uploads/2025/12/QHSJ133-bgbranco.webp,https://commanderbrasil.com.br/wp-content/uploads/2025/12/QHSJ133-bgbranco.webp | https://commanderbrasil.com.br/wp-content/uploads/2025/12/QHSJ133-ambientada.webp,https://commanderbrasil.com.br/catalogo/ld-pb37-qhsj133/
1009312,QHSJ134,LD-PB38,-,Acessórios - QHSJ Barras,,https://commanderbrasil.com.br/wp-content/uploads/2025/12/QHSJ134-bgbranco.webp,https://commanderbrasil.com.br/wp-content/uploads/2025/12/QHSJ134-bgbranco.webp | https://commanderbrasil.com.br/wp-content/uploads/2025/12/QHSJ134-ambientada.webp,https://commanderbrasil.com.br/catalogo/ld-pb38-qhsj134/
287,VS06,Leg Press,Leg Press,Equipamentos - Série VS,,https://commanderbrasil.com.br/wp-content/uploads/2025/12/CMD-VS06-1.png,https://commanderbrasil.com.br/wp-content/uploads/2025/12/CMD-VS06-1.png | https://commanderbrasil.com.br/wp-content/uploads/2025/12/CMD-VS06-2.webp | https://commanderbrasil.com.br/wp-content/uploads/2025/12/CMD-VS06-1-1.webp,https://commanderbrasil.com.br/catalogo/leg-press-vs06/
1111,CBS065,Leg Press,Leg Press,Equipamentos - Série CBS,,https://commanderbrasil.com.br/wp-content/uploads/2025/12/CBS065-bgbranco-2.webp,https://commanderbrasil.com.br/wp-content/uploads/2025/12/CBS065-bgbranco-2.webp | https://commanderbrasil.com.br/wp-content/uploads/2025/12/CBS065-ambientadas-2.webp,https://commanderbrasil.com.br/catalogo/leg-press-cbs065/
1420,LB601,Leg Press,Leg Press,Equipamentos - Série LB,,https://commanderbrasil.com.br/wp-content/uploads/2025/12/LB601-bgbranco-2.webp,https://commanderbrasil.com.br/wp-content/uploads/2025/12/LB601-bgbranco-2.webp | https://commanderbrasil.com.br/wp-content/uploads/2025/12/LB601-5-2.webp,https://commanderbrasil.com.br/catalogo/leg-press-lb601/
150,GM49,Leg Press,Leg Press,Equipamentos - Série GM,,https://commanderbrasil.com.br/wp-content/uploads/2025/12/GM49-bgbranco-2.webp,https://commanderbrasil.com.br/wp-content/uploads/2025/12/GM49-bgbranco-2.webp | https://commanderbrasil.com.br/wp-content/uploads/2025/12/GM49-ambientadas-2.webp,https://commanderbrasil.com.br/catalogo/leg-press-gm49/
986,LBF12,Leg Press,Supino,Equipamentos - Série LB-F,,https://commanderbrasil.com.br/wp-content/uploads/2025/12/LB-F12-bgbranco-2.webp,https://commanderbrasil.com.br/wp-content/uploads/2025/12/LB-F12-bgbranco-2.webp | https://commanderbrasil.com.br/wp-content/uploads/2025/12/LB-F12-ambientadas-2.webp,https://commanderbrasil.com.br/catalogo/leg-press-lbf12/
1618,CBP052,Leg Press 45°,Leg Press,Equipamentos - Série CBP,,https://commanderbrasil.com.br/wp-content/uploads/2025/12/CBP052-bgbranco-2.webp,https://commanderbrasil.com.br/wp-content/uploads/2025/12/CBP052-bgbranco-2.webp | https://commanderbrasil.com.br/wp-content/uploads/2025/12/CBP052-ambientadas-2.webp,https://commanderbrasil.com.br/catalogo/leg-press5-cbp052/
866,B1056,Leg Press 45°,Supino,Equipamentos - Série B,,https://commanderbrasil.com.br/wp-content/uploads/2025/12/B1056-bgbranco-1.webp,https://commanderbrasil.com.br/wp-content/uploads/2025/12/B1056-bgbranco-1.webp,https://commanderbrasil.com.br/catalogo/leg-press5-b1056/
1405,GM118,Leg Press 45°,Leg Press,Equipamentos - Série GM,,https://commanderbrasil.com.br/wp-content/uploads/2025/12/GM118-bgbranco-1.webp,https://commanderbrasil.com.br/wp-content/uploads/2025/12/GM118-bgbranco-1.webp,https://commanderbrasil.com.br/catalogo/leg-press5-gm118/
923,D950,Leg Press 45°,Leg Press,Equipamentos - Série D,,https://commanderbrasil.com.br/wp-content/uploads/2025/12/CMD-D950-cmd-d-series-2.png,https://commanderbrasil.com.br/wp-content/uploads/2025/12/CMD-D950-cmd-d-series-2.png | https://commanderbrasil.com.br/wp-content/uploads/2025/12/CMD-D950-2.webp,https://commanderbrasil.com.br/catalogo/leg-press5-d950/
928,D975,Leg Press 45°,Leg Press,Equipamentos - Série D,,https://commanderbrasil.com.br/wp-content/uploads/2025/12/CMD-D975-cmd-d-series-2.png,https://commanderbrasil.com.br/wp-content/uploads/2025/12/CMD-D975-cmd-d-series-2.png | https://commanderbrasil.com.br/wp-content/uploads/2025/12/CMD-D975-2.webp,https://commanderbrasil.com.br/catalogo/leg-press5-d975/
186,GM94,Leg Press 45°,Leg Press,Equipamentos - Série GM,,https://commanderbrasil.com.br/wp-content/uploads/2025/12/GM94-bgbranco-2.webp,https://commanderbrasil.com.br/wp-content/uploads/2025/12/GM94-bgbranco-2.webp | https://commanderbrasil.com.br/wp-content/uploads/2025/12/GM94-ambientadas-2.webp,https://commanderbrasil.com.br/catalogo/leg-press5o-gm94/
1258,SH19,Leg Press 45°,Leg Press,Equipamentos - Série SH,,https://commanderbrasil.com.br/wp-content/uploads/2025/12/SH19-bgbranco-2.webp,https://commanderbrasil.com.br/wp-content/uploads/2025/12/SH19-bgbranco-2.webp | https://commanderbrasil.com.br/wp-content/uploads/2025/12/SH19-ambientadas-2.webp,https://commanderbrasil.com.br/catalogo/leg-press5-sh19/
1452,LB633,Leg Press 45° Anilhado,Leg Press,Equipamentos - Série LB,,https://commanderbrasil.com.br/wp-content/uploads/2025/12/LB633-bgbranco-2.webp,https://commanderbrasil.com.br/wp-content/uploads/2025/12/LB633-bgbranco-2.webp | https://commanderbrasil.com.br/wp-content/uploads/2025/12/LB633-3-2.webp,https://commanderbrasil.com.br/catalogo/leg-press5-anilhado-lb633/
887,B1115,Leg Press 45°/Agachamento Inclinado,Leg Press,Equipamentos - Série B,,https://commanderbrasil.com.br/wp-content/uploads/2025/12/B1115-1-2.webp,https://commanderbrasil.com.br/wp-content/uploads/2025/12/B1115-1-2.webp | https://commanderbrasil.com.br/wp-content/uploads/2025/12/B1115-2-2.webp,https://commanderbrasil.com.br/catalogo/leg-press5-agachamento-inclinado-b1115/
824,B1003,Leg Press Horizontal,Leg Press,Equipamentos - Série B,,https://commanderbrasil.com.br/wp-content/uploads/2025/12/B1003-1-1.webp,https://commanderbrasil.com.br/wp-content/uploads/2025/12/B1003-1-1.webp | https://commanderbrasil.com.br/wp-content/uploads/2025/12/B1003-2-1.webp,https://commanderbrasil.com.br/catalogo/leg-press-horizontal-b1003/
1094,CBS018,Leg Press Horizontal Multi,Leg Press,Equipamentos - Série CBS,,https://commanderbrasil.com.br/wp-content/uploads/2025/12/CBS018-bgbranco-2.webp,https://commanderbrasil.com.br/wp-content/uploads/2025/12/CBS018-bgbranco-2.webp | https://commanderbrasil.com.br/wp-content/uploads/2025/12/CBS018-ambientadas-2.webp,https://commanderbrasil.com.br/catalogo/leg-press-horizontal-multi-cbs018/
1263,SH24,Leg Press Horizontal Panturrilha Elevação,Leg Press,Equipamentos - Série SH,,https://commanderbrasil.com.br/wp-content/uploads/2025/12/SH24-bgbranco-2.webp,https://commanderbrasil.com.br/wp-content/uploads/2025/12/SH24-bgbranco-2.webp | https://commanderbrasil.com.br/wp-content/uploads/2025/12/SH24-ambientadas-2.webp,https://commanderbrasil.com.br/catalogo/leg-press-horizontal-panturrilha-sh24/
205,GM119,Leg Press Inclinado,Supino,Equipamentos - Série GM,,https://commanderbrasil.com.br/wp-content/uploads/2025/12/GM119-bgbranco-2.webp,https://commanderbrasil.com.br/wp-content/uploads/2025/12/GM119-bgbranco-2.webp | https://commanderbrasil.com.br/wp-content/uploads/2025/12/GM119-ambientadas-2.webp,https://commanderbrasil.com.br/catalogo/leg-press-inclinado-gm119/
1453,LB634,Leg Press Inclinado Anilhado,Leg Press,Equipamentos - Série LB,,https://commanderbrasil.com.br/wp-content/uploads/2025/12/LB634-bgbranco-2.webp,https://commanderbrasil.com.br/wp-content/uploads/2025/12/LB634-bgbranco-2.webp | https://commanderbrasil.com.br/wp-content/uploads/2025/12/LB634-3-2.webp,https://commanderbrasil.com.br/catalogo/leg-press-inclinado-anilhado-lb634/
1244,SH03,Leg Press ISO-Lateral,Leg Press,Equipamentos - Série SH,,https://commanderbrasil.com.br/wp-content/uploads/2025/12/SH03-bgbranco-2.webp,https://commanderbrasil.com.br/wp-content/uploads/2025/12/SH03-bgbranco-2.webp | https://commanderbrasil.com.br/wp-content/uploads/2025/12/SH03-ambientadas-2.webp,https://commanderbrasil.com.br/catalogo/leg-press-iso-lateral-sh03/
1616,CBP050,Leg Press Ponte,Leg Press,Equipamentos - Série CBP,,https://commanderbrasil.com.br/wp-content/uploads/2025/12/CBP050-bgbranco-2.webp,https://commanderbrasil.com.br/wp-content/uploads/2025/12/CBP050-bgbranco-2.webp | https://commanderbrasil.com.br/wp-content/uploads/2025/12/CBP050-ambientadas-2.webp,https://commanderbrasil.com.br/catalogo/leg-press-ponte-cbp050/
1674,CBP108,Leg Press Super,Leg Press,Equipamentos - Série CBP,,https://commanderbrasil.com.br/wp-content/uploads/2025/12/CBP108-bgbranco-2.webp,https://commanderbrasil.com.br/wp-content/uploads/2025/12/CBP108-bgbranco-2.webp | https://commanderbrasil.com.br/wp-content/uploads/2025/12/CBP108-ambientadas-2.webp,https://commanderbrasil.com.br/catalogo/maquina-de-leg-press-super-cbp108/
1004685,SH89,Leg Press Vertical,Leg Press,Equipamentos - Série SH,,https://commanderbrasil.com.br/wp-content/uploads/2025/12/SH89-bgbranco.webp,https://commanderbrasil.com.br/wp-content/uploads/2025/12/SH89-bgbranco.webp | https://commanderbrasil.com.br/wp-content/uploads/2025/12/SH89-ambientadas.webp,https://commanderbrasil.com.br/catalogo/leg-press-vertical-sh89/
247282,CBP055,Leg Press Vertical,Supino,Equipamentos - Série CBP,,https://commanderbrasil.com.br/wp-content/uploads/2025/12/CBP055-bgbranco-1.webp,https://commanderbrasil.com.br/wp-content/uploads/2025/12/CBP055-bgbranco-1.webp | https://commanderbrasil.com.br/wp-content/uploads/2025/12/CBP055-ambientadas-1.webp,https://commanderbrasil.com.br/catalogo/leg-press-vertical-cbp055/
1009544,QHSJ238,Luvas de Boxe,-,Acessórios - QHSJ Agilidade,,https://commanderbrasil.com.br/wp-content/uploads/2025/12/QH-SJ238-bgbranco.webp,https://commanderbrasil.com.br/wp-content/uploads/2025/12/QH-SJ238-bgbranco.webp | https://commanderbrasil.com.br/wp-content/uploads/2025/12/QH-SJ238-ambientadas.webp,https://commanderbrasil.com.br/catalogo/boxing-gloves-qhsj238/
2960,F013,Luvas de Boxe,Acessórios de Treino,Acessórios - Série F,Luvas de Boxe - Código: F-013,https://commanderbrasil.com.br/wp-content/uploads/2025/12/F013-f-1.jpeg,https://commanderbrasil.com.br/wp-content/uploads/2025/12/F013-f-1.jpeg,https://commanderbrasil.com.br/catalogo/luvas-de-boxe-f013/
1009548,QHSJ239,Luvas de Boxe Novas,-,Acessórios - QHSJ Agilidade,,https://commanderbrasil.com.br/wp-content/uploads/2025/12/QH-SJ239-bgbranco.webp,https://commanderbrasil.com.br/wp-content/uploads/2025/12/QH-SJ239-bgbranco.webp | https://commanderbrasil.com.br/wp-content/uploads/2025/12/QH-SJ239-ambientadas.webp,https://commanderbrasil.com.br/catalogo/new-boxing-gloves-qhsj239/
3082,XMJ008,Luvas de Treino Infantil,Acessórios de Treino,Acessórios - Série XM-J,Kids Training Gloves - Código: XM-J008,https://commanderbrasil.com.br/wp-content/uploads/2025/12/XM-J008-xm-j-1.jpeg,https://commanderbrasil.com.br/wp-content/uploads/2025/12/XM-J008-xm-j-1.jpeg,https://commanderbrasil.com.br/catalogo/luvas-de-treinamento-infantil-xmj008/
2959,F012,Luvas Sem Dedos,Acessórios de Treino,Acessórios - Série F,Luvas de Meio Dedo - Código: F-012,https://commanderbrasil.com.br/wp-content/uploads/2025/12/F012-f-1.jpeg,https://commanderbrasil.com.br/wp-content/uploads/2025/12/F012-f-1.jpeg,https://commanderbrasil.com.br/catalogo/luvas-de-meio-dedo-f012/
2619,C010,Maça Sólida,Tapetes e Yoga,Acessórios - Série C,Maça Sólida - Código: C-010,https://commanderbrasil.com.br/wp-content/uploads/2025/12/C-010-c-1.jpeg,https://commanderbrasil.com.br/wp-content/uploads/2025/12/C-010-c-1.jpeg,https://commanderbrasil.com.br/catalogo/maca-solida-c010/
1009560,QHSJ242,Manopla de Foco,-,Acessórios - QHSJ Agilidade,,https://commanderbrasil.com.br/wp-content/uploads/2025/12/QH-SJ242-bgbranco.webp,https://commanderbrasil.com.br/wp-content/uploads/2025/12/QH-SJ242-bgbranco.webp | https://commanderbrasil.com.br/wp-content/uploads/2025/12/QH-SJ242-ambientadas.webp,https://commanderbrasil.com.br/catalogo/focus-mitt-qhsj242/
304,VS24,Máquina Abdominal,Máquinas Abdominais,Equipamentos - Série VS,,https://commanderbrasil.com.br/wp-content/uploads/2025/12/CMD-VS24-1.png,https://commanderbrasil.com.br/wp-content/uploads/2025/12/CMD-VS24-1.png | https://commanderbrasil.com.br/wp-content/uploads/2025/12/CMD-VS24-2.webp | https://commanderbrasil.com.br/wp-content/uploads/2025/12/CMD-VS24-1-1.webp,https://commanderbrasil.com.br/catalogo/abdominal-maquina-vs24/
1004684,SH72,Máquina Abdominal,Máquinas Abdominais,Equipamentos - Série SH,,https://commanderbrasil.com.br/wp-content/uploads/2025/12/SH72-bgbranco.webp,https://commanderbrasil.com.br/wp-content/uploads/2025/12/SH72-bgbranco.webp | https://commanderbrasil.com.br/wp-content/uploads/2025/12/SH72-ambientadas.webp,https://commanderbrasil.com.br/catalogo/maquina-abdominal-sh72/
1432,LB613,Máquina Abdominal,Máquinas Abdominais,Equipamentos - Série LB,,https://commanderbrasil.com.br/wp-content/uploads/2025/12/LB613-bgbranco-2.webp,https://commanderbrasil.com.br/wp-content/uploads/2025/12/LB613-bgbranco-2.webp | https://commanderbrasil.com.br/wp-content/uploads/2025/12/LB613-3-2.webp,https://commanderbrasil.com.br/catalogo/abdominal-lb613/
996,LBF22,Máquina Abdominal,Outras Anilhadas,Equipamentos - Série LB-F,,https://commanderbrasil.com.br/wp-content/uploads/2025/12/LB-F22-bgbranco-1.webp,https://commanderbrasil.com.br/wp-content/uploads/2025/12/LB-F22-bgbranco-1.webp | https://commanderbrasil.com.br/wp-content/uploads/2025/12/LB-F22-ambientadas-1.webp,https://commanderbrasil.com.br/catalogo/abdominal-lbf22/
1611,CBP047,Máquina Abdominal Crunch,Máquinas Abdominais,Equipamentos - Série CBP,,https://commanderbrasil.com.br/wp-content/uploads/2025/12/CBP047-bgbranco-bgbranco-1.webp,https://commanderbrasil.com.br/wp-content/uploads/2025/12/CBP047-bgbranco-bgbranco-1.webp | https://commanderbrasil.com.br/wp-content/uploads/2025/12/CBP047-ambientadas-ambientadas-1.webp,https://commanderbrasil.com.br/catalogo/maquina-de-abdominal-crunch-cbp047/
836,B1019,Máquina Abdominal Isolada,Máquinas Abdominais,Equipamentos - Série B,,https://commanderbrasil.com.br/wp-content/uploads/2025/12/B1019-1-1.webp,https://commanderbrasil.com.br/wp-content/uploads/2025/12/B1019-1-1.webp | https://commanderbrasil.com.br/wp-content/uploads/2025/12/B1019-2-1.webp,https://commanderbrasil.com.br/catalogo/abdominal-isolado-b1019/
1629,CBP063,Máquina Abdominal para Core Total,Máquinas Abdominais,Equipamentos - Série CBP,,https://commanderbrasil.com.br/wp-content/uploads/2025/12/CBP063-bgbranco-2.webp,https://commanderbrasil.com.br/wp-content/uploads/2025/12/CBP063-bgbranco-2.webp | https://commanderbrasil.com.br/wp-content/uploads/2025/12/CBP063-ambientadas-2.webp,https://commanderbrasil.com.br/catalogo/aparelho-de-abdominal-para-core-total-cbp063/
1678,CBP112,Máquina Abdução de Coxa Vertical,Abdutora de Quadril,Equipamentos - Série CBP,,https://commanderbrasil.com.br/wp-content/uploads/2025/12/CBP112-bgbranco-2.webp,https://commanderbrasil.com.br/wp-content/uploads/2025/12/CBP112-bgbranco-2.webp | https://commanderbrasil.com.br/wp-content/uploads/2025/12/CBP112-ambientadas-2.webp,https://commanderbrasil.com.br/catalogo/maquina-de-abducao-de-coxa-vertical-cbp112/
1671,CBP105,Máquina Agachamento Força Super,Máquinas de Agachamento,Equipamentos - Série CBP,,https://commanderbrasil.com.br/wp-content/uploads/2025/12/CBP105-bgbranco-2.webp,https://commanderbrasil.com.br/wp-content/uploads/2025/12/CBP105-bgbranco-2.webp | https://commanderbrasil.com.br/wp-content/uploads/2025/12/CBP105-ambientadas-2.webp,https://commanderbrasil.com.br/catalogo/maquina-de-agachamento-de-forca-super-cbp105/
1672,CBP106,Máquina Agachamento Pêndulo Super,Máquinas de Agachamento,Equipamentos - Série CBP,,https://commanderbrasil.com.br/wp-content/uploads/2025/12/CBP106-bgbranco-2.webp,https://commanderbrasil.com.br/wp-content/uploads/2025/12/CBP106-bgbranco-2.webp | https://commanderbrasil.com.br/wp-content/uploads/2025/12/CBP106-ambientadas-2.webp,https://commanderbrasil.com.br/catalogo/maquina-de-agachamento-pendulo-super-cbp106/
1108,CBS062,Máquina Agachamento Super,Máquinas de Agachamento,Equipamentos - Série CBS,,https://commanderbrasil.com.br/wp-content/uploads/2025/12/CBS062-bgbranco-2.webp,https://commanderbrasil.com.br/wp-content/uploads/2025/12/CBS062-bgbranco-2.webp | https://commanderbrasil.com.br/wp-content/uploads/2025/12/CBS062-ambientadas-2.webp,https://commanderbrasil.com.br/catalogo/maquina-de-agachamento-super-cbs062/
1670,CBP104,Máquina Agachamento Super,Máquinas de Agachamento,Equipamentos - Série CBP,,https://commanderbrasil.com.br/wp-content/uploads/2025/12/CBP104-bgbranco-2.webp,https://commanderbrasil.com.br/wp-content/uploads/2025/12/CBP104-bgbranco-2.webp | https://commanderbrasil.com.br/wp-content/uploads/2025/12/CBP104-ambientadas-2.webp,https://commanderbrasil.com.br/catalogo/maquina-de-agachamento-super-cbp104/
1661,CBP095,Máquina Bíceps Alternado,Bíceps,Equipamentos - Série CBP,,https://commanderbrasil.com.br/wp-content/uploads/2025/12/CBP095-bgbranco-2.webp,https://commanderbrasil.com.br/wp-content/uploads/2025/12/CBP095-bgbranco-2.webp | https://commanderbrasil.com.br/wp-content/uploads/2025/12/CBP095-ambientadas-2.webp,https://commanderbrasil.com.br/catalogo/aparelho-de-biceps-alternado-cbp095/
1662,CBP096,Máquina Bíceps Sentado,Bíceps,Equipamentos - Série CBP,,https://commanderbrasil.com.br/wp-content/uploads/2025/12/CBP096-bgbranco-2.webp,https://commanderbrasil.com.br/wp-content/uploads/2025/12/CBP096-bgbranco-2.webp | https://commanderbrasil.com.br/wp-content/uploads/2025/12/CBP096-ambientadas-2.webp,https://commanderbrasil.com.br/catalogo/aparelho-de-biceps-sentado-cbp096/
1676,CBP110,Máquina Corrida para Força,Outros Racks,Equipamentos - Série CBP,,https://commanderbrasil.com.br/wp-content/uploads/2025/12/CBP110-bgbranco-2.webp,https://commanderbrasil.com.br/wp-content/uploads/2025/12/CBP110-bgbranco-2.webp | https://commanderbrasil.com.br/wp-content/uploads/2025/12/CBP110-ambientadas-2.webp,https://commanderbrasil.com.br/catalogo/aparelho-de-corrida-para-forca-cbp110/
1620,CBP054,Máquina De Agachamento,Máquinas de Agachamento,Equipamentos - Série CBP,,https://commanderbrasil.com.br/wp-content/uploads/2025/12/CBP054-bgbranco-2.webp,https://commanderbrasil.com.br/wp-content/uploads/2025/12/CBP054-bgbranco-2.webp | https://commanderbrasil.com.br/wp-content/uploads/2025/12/CBP054-ambientadas-2.webp,https://commanderbrasil.com.br/catalogo/maquina-de-agachamento-cbp054/
874,B1071,Máquina de Alongamento Assistido,Mergulho e Barra Assistida,Equipamentos - Série B,,https://commanderbrasil.com.br/wp-content/uploads/2025/12/B1071-1-2.webp,https://commanderbrasil.com.br/wp-content/uploads/2025/12/B1071-1-2.webp | https://commanderbrasil.com.br/wp-content/uploads/2025/12/B1071-2-2.webp,https://commanderbrasil.com.br/catalogo/alongamento-assistido-maquina-b1071/
1282,SH49,Máquina De Antebraço,Outras Anilhadas,Equipamentos - Série SH,,https://commanderbrasil.com.br/wp-content/uploads/2025/12/SH49-bgbranco-2.webp,https://commanderbrasil.com.br/wp-content/uploads/2025/12/SH49-bgbranco-2.webp | https://commanderbrasil.com.br/wp-content/uploads/2025/12/SH49-ambientadas-2.webp,https://commanderbrasil.com.br/catalogo/aparelho-de-antebraco-sh49/
1612,CBP048,Máquina De Avanço E Agachamento,Máquinas de Agachamento,Equipamentos - Série CBP,,https://commanderbrasil.com.br/wp-content/uploads/2025/12/CBP048-bgbranco-bgbranco-1.webp,https://commanderbrasil.com.br/wp-content/uploads/2025/12/CBP048-bgbranco-bgbranco-1.webp | https://commanderbrasil.com.br/wp-content/uploads/2025/12/CBP048-ambientadas-ambientadas-1.webp,https://commanderbrasil.com.br/catalogo/maquina-de-avanco-e-agachamento-cbp048/
290,VS09,Máquina de Bíceps,Bíceps,Equipamentos - Série VS,,https://commanderbrasil.com.br/wp-content/uploads/2025/12/CMD-VS09-1.png,https://commanderbrasil.com.br/wp-content/uploads/2025/12/CMD-VS09-1.png | https://commanderbrasil.com.br/wp-content/uploads/2025/12/CMD-VS09-2.webp | https://commanderbrasil.com.br/wp-content/uploads/2025/12/CMD-VS09-1-1.webp,https://commanderbrasil.com.br/catalogo/biceps-maquina-vs09/
843,B1027,Máquina de Bíceps,Bíceps,Equipamentos - Série B,,https://commanderbrasil.com.br/wp-content/uploads/2025/12/B1027-1-2.webp,https://commanderbrasil.com.br/wp-content/uploads/2025/12/B1027-1-2.webp | https://commanderbrasil.com.br/wp-content/uploads/2025/12/B1027-2-2.webp,https://commanderbrasil.com.br/catalogo/biceps-maquina-b1027/
1398,GM104,Máquina de Bíceps,Bíceps,Equipamentos - Série GM,,https://commanderbrasil.com.br/wp-content/uploads/2025/12/GM104-bgbranco-2.webp,https://commanderbrasil.com.br/wp-content/uploads/2025/12/GM104-bgbranco-2.webp | https://commanderbrasil.com.br/wp-content/uploads/2025/12/GM104-ambientadas-2.webp,https://commanderbrasil.com.br/catalogo/biceps-maquina-gm104/
1426,LB607,Máquina de Bíceps,Bíceps,Equipamentos - Série LB,,https://commanderbrasil.com.br/wp-content/uploads/2025/12/LB607-bgbranco-2.webp,https://commanderbrasil.com.br/wp-content/uploads/2025/12/LB607-bgbranco-2.webp | https://commanderbrasil.com.br/wp-content/uploads/2025/12/LB607-3-2.webp,https://commanderbrasil.com.br/catalogo/biceps-maquina-lb607/
845,B1030,Máquina de Bíceps Scott,Bíceps,Equipamentos - Série B,,https://commanderbrasil.com.br/wp-content/uploads/2025/12/B1030-1-2.webp,https://commanderbrasil.com.br/wp-content/uploads/2025/12/B1030-1-2.webp | https://commanderbrasil.com.br/wp-content/uploads/2025/12/B1030-2-2.webp,https://commanderbrasil.com.br/catalogo/biceps-scott-maquina-b1030/
1624,CBP058,Máquina De Elevação de Quadril,Quadril e Glúteos,Equipamentos - Série CBP,,https://commanderbrasil.com.br/wp-content/uploads/2025/12/CBP058-bgbranco-2.webp,https://commanderbrasil.com.br/wp-content/uploads/2025/12/CBP058-bgbranco-2.webp | https://commanderbrasil.com.br/wp-content/uploads/2025/12/CBP058-ambientadas-2.webp,https://commanderbrasil.com.br/catalogo/maquina-de-hip-thrust-cbp058/
247144,LBE08,Máquina de Escada,Acessórios de Treino,Equipamentos - Série LB-E,,https://commanderbrasil.com.br/wp-content/uploads/2025/12/LB-E08-bgbranco-1.webp,https://commanderbrasil.com.br/wp-content/uploads/2025/12/LB-E08-bgbranco-1.webp | https://commanderbrasil.com.br/wp-content/uploads/2025/12/LB-E08-ambientadas-1.webp,https://commanderbrasil.com.br/catalogo/maquina-de-escada-lbe08/
1311,SH95,Máquina De Glúteo,Quadril e Glúteos,Equipamentos - Série SH,,https://commanderbrasil.com.br/wp-content/uploads/2025/12/SH95-bgbranco-2.webp,https://commanderbrasil.com.br/wp-content/uploads/2025/12/SH95-bgbranco-2.webp | https://commanderbrasil.com.br/wp-content/uploads/2025/12/SH95-ambientadas-2.webp,https://commanderbrasil.com.br/catalogo/maquina-de-gluteo-sh95/
1302,SH82,Máquina De Glúteo E Quadril,Quadril e Glúteos,Equipamentos - Série SH,,https://commanderbrasil.com.br/wp-content/uploads/2025/12/SH82-bgbranco-2.webp,https://commanderbrasil.com.br/wp-content/uploads/2025/12/SH82-bgbranco-2.webp | https://commanderbrasil.com.br/wp-content/uploads/2025/12/SH82-ambientadas-2.webp,https://commanderbrasil.com.br/catalogo/maquina-de-gluteo-e-quadril-sh82/
1533,LBE31,Máquina de Pneu,Outros Cardio,Equipamentos - Série LB-E,,https://commanderbrasil.com.br/wp-content/uploads/2025/12/LB-E31-bgbranco-1.webp,https://commanderbrasil.com.br/wp-content/uploads/2025/12/LB-E31-bgbranco-1.webp | https://commanderbrasil.com.br/wp-content/uploads/2025/12/LB-E31-ambientadas-1.webp,https://commanderbrasil.com.br/catalogo/maquina-de-pneu-lbe31/
1318,SH112,Máquina De Puxada Alta,Puxada Alta,Equipamentos - Série SH,,https://commanderbrasil.com.br/wp-content/uploads/2025/12/SH112-bgbranco-2.webp,https://commanderbrasil.com.br/wp-content/uploads/2025/12/SH112-bgbranco-2.webp | https://commanderbrasil.com.br/wp-content/uploads/2025/12/SH112-ambientadas-2.webp,https://commanderbrasil.com.br/catalogo/maquina-de-puxada-alta-sh112/
1609,CBP045,Máquina De Remada,Remadas,Equipamentos - Série CBP,,https://commanderbrasil.com.br/wp-content/uploads/2025/12/CBP045-bgbranco-bgbranco-1.webp,https://commanderbrasil.com.br/wp-content/uploads/2025/12/CBP045-bgbranco-bgbranco-1.webp | https://commanderbrasil.com.br/wp-content/uploads/2025/12/CBP045-ambientadas-ambientadas-1.webp,https://commanderbrasil.com.br/catalogo/maquina-de-remada-cbp045/
1596,CBP032,Máquina De Rosca de Bíceps,Bíceps,Equipamentos - Série CBP,,https://commanderbrasil.com.br/wp-content/uploads/2025/12/CBP032-bgbranco-bgbranco-1.webp,https://commanderbrasil.com.br/wp-content/uploads/2025/12/CBP032-bgbranco-bgbranco-1.webp | https://commanderbrasil.com.br/wp-content/uploads/2025/12/CBP032-ambientadas-ambientadas-1.webp,https://commanderbrasil.com.br/catalogo/maquina-de-rosca-biceps-cbp032/
1272,SH35,Máquina De Tração,Outras Anilhadas,Equipamentos - Série SH,,https://commanderbrasil.com.br/wp-content/uploads/2025/12/SH35-bgbranco-2.webp,https://commanderbrasil.com.br/wp-content/uploads/2025/12/SH35-bgbranco-2.webp | https://commanderbrasil.com.br/wp-content/uploads/2025/12/SH35-ambientadas-2.webp,https://commanderbrasil.com.br/catalogo/maquina-de-tracao-sh35/
289,VS08,Máquina de Tríceps,Tríceps,Equipamentos - Série VS,,https://commanderbrasil.com.br/wp-content/uploads/2025/12/CMD-VS08-1.png,https://commanderbrasil.com.br/wp-content/uploads/2025/12/CMD-VS08-1.png | https://commanderbrasil.com.br/wp-content/uploads/2025/12/CMD-VS08-2.webp | https://commanderbrasil.com.br/wp-content/uploads/2025/12/CMD-VS08-1-1.webp,https://commanderbrasil.com.br/catalogo/triceps-maquina-vs08/
1597,CBP033,Máquina De Tríceps,Tríceps,Equipamentos - Série CBP,,https://commanderbrasil.com.br/wp-content/uploads/2025/12/CBP033-bgbranco-bgbranco-1.webp,https://commanderbrasil.com.br/wp-content/uploads/2025/12/CBP033-bgbranco-bgbranco-1.webp | https://commanderbrasil.com.br/wp-content/uploads/2025/12/CBP033-ambientadas-ambientadas-1.webp,https://commanderbrasil.com.br/catalogo/maquina-de-triceps-cbp033/
842,B1026,Máquina de Tríceps,Tríceps,Equipamentos - Série B,,https://commanderbrasil.com.br/wp-content/uploads/2025/12/B1026-1-2.webp,https://commanderbrasil.com.br/wp-content/uploads/2025/12/B1026-1-2.webp | https://commanderbrasil.com.br/wp-content/uploads/2025/12/B1026-2-2.webp,https://commanderbrasil.com.br/catalogo/triceps-maquina-b1026/
148,GM47,Máquina de Tríceps,Tríceps,Equipamentos - Série GM,,https://commanderbrasil.com.br/wp-content/uploads/2025/12/GM47-bgbranco-2.webp,https://commanderbrasil.com.br/wp-content/uploads/2025/12/GM47-bgbranco-2.webp | https://commanderbrasil.com.br/wp-content/uploads/2025/12/GM47-ambientadas-2.webp,https://commanderbrasil.com.br/catalogo/maquina-triceps-gm47/
844,B1028,Máquina de Tríceps Scott,Tríceps,Equipamentos - Série B,,https://commanderbrasil.com.br/wp-content/uploads/2025/12/B1028-1-2.webp,https://commanderbrasil.com.br/wp-content/uploads/2025/12/B1028-1-2.webp | https://commanderbrasil.com.br/wp-content/uploads/2025/12/B1028-2-2.webp,https://commanderbrasil.com.br/catalogo/triceps-scott-maquina-b1028/
1397,GM103,Máquina de Tríceps Sentado,Tríceps,Equipamentos - Série GM,,https://commanderbrasil.com.br/wp-content/uploads/2025/12/GM103-bgbranco-2.webp,https://commanderbrasil.com.br/wp-content/uploads/2025/12/GM103-bgbranco-2.webp | https://commanderbrasil.com.br/wp-content/uploads/2025/12/GM103-ambientadas-2.webp,https://commanderbrasil.com.br/catalogo/seated-tricep-machine-gm103/
1581,CBP017,Máquina de Voador Inclinado,Voador e Deltoide Posterior,Equipamentos - Série CBP,,https://commanderbrasil.com.br/wp-content/uploads/2025/12/CBP017-bgbranco-bgbranco-1.webp,https://commanderbrasil.com.br/wp-content/uploads/2025/12/CBP017-bgbranco-bgbranco-1.webp | https://commanderbrasil.com.br/wp-content/uploads/2025/12/CBP017-ambientadas-ambientadas-1.webp,https://commanderbrasil.com.br/catalogo/maquina-de-crucifixo-inclinado-cbp017/
1677,CBP111,Máquina Elevação de Quadril,Quadril e Glúteos,Equipamentos - Série CBP,,https://commanderbrasil.com.br/wp-content/uploads/2025/12/CBP111-bgbranco-2.webp,https://commanderbrasil.com.br/wp-content/uploads/2025/12/CBP111-bgbranco-2.webp | https://commanderbrasil.com.br/wp-content/uploads/2025/12/CBP111-ambientadas-2.webp,https://commanderbrasil.com.br/catalogo/maquina-de-elevacao-de-quadril-cbp111/
1687,CBP121,Máquina Em Pé para Panturrilha Elevação,Máquinas de Panturrilha,Equipamentos - Série CBP,,https://commanderbrasil.com.br/wp-content/uploads/2025/12/CBP121-bgbranco-2.webp,https://commanderbrasil.com.br/wp-content/uploads/2025/12/CBP121-bgbranco-2.webp | https://commanderbrasil.com.br/wp-content/uploads/2025/12/CBP121-ambientadas-2.webp,https://commanderbrasil.com.br/catalogo/maquina-em-pe-para-panturrilha-cbp121/
1509,LBE08A,Máquina Escada,Outros Cardio,Equipamentos - Série LB-E,,https://commanderbrasil.com.br/wp-content/uploads/2025/12/LB-E08A-bgbranco-1.webp,https://commanderbrasil.com.br/wp-content/uploads/2025/12/LB-E08A-bgbranco-1.webp | https://commanderbrasil.com.br/wp-content/uploads/2025/12/LB-E08A-ambientadas-1.webp,https://commanderbrasil.com.br/catalogo/maquina-de-escada-lbe08a/
1680,CBP114,Máquina Extensão Pernas,Extensora de Pernas,Equipamentos - Série CBP,,https://commanderbrasil.com.br/wp-content/uploads/2025/12/CBP114-bgbranco-2.webp,https://commanderbrasil.com.br/wp-content/uploads/2025/12/CBP114-bgbranco-2.webp | https://commanderbrasil.com.br/wp-content/uploads/2025/12/CBP114-ambientadas-2.webp,https://commanderbrasil.com.br/catalogo/maquina-de-extensao-de-pernas-cbp114/
1679,CBP113,Máquina Extensão Pernas Alternada,Extensora de Pernas,Equipamentos - Série CBP,,https://commanderbrasil.com.br/wp-content/uploads/2025/12/CBP113-bgbranco-2.webp,https://commanderbrasil.com.br/wp-content/uploads/2025/12/CBP113-bgbranco-2.webp | https://commanderbrasil.com.br/wp-content/uploads/2025/12/CBP113-ambientadas-2.webp,https://commanderbrasil.com.br/catalogo/maquina-de-extensao-de-pernas-alternada-cbp113/
247285,CBP056,Máquina Extensora De Pernas,Extensora de Pernas,Equipamentos - Série CBP,,https://commanderbrasil.com.br/wp-content/uploads/2025/12/CBP056-bgbranco-1.webp,https://commanderbrasil.com.br/wp-content/uploads/2025/12/CBP056-bgbranco-1.webp | https://commanderbrasil.com.br/wp-content/uploads/2025/12/CBP056-ambientadas-1.webp,https://commanderbrasil.com.br/catalogo/maquina-extensora-de-pernas-cbp056/
1684,CBP118,Máquina Flexão Pernas Ajoelhado,Flexora de Pernas,Equipamentos - Série CBP,,https://commanderbrasil.com.br/wp-content/uploads/2025/12/CBP118-bgbranco-2.webp,https://commanderbrasil.com.br/wp-content/uploads/2025/12/CBP118-bgbranco-2.webp | https://commanderbrasil.com.br/wp-content/uploads/2025/12/CBP118-ambientadas-2.webp,https://commanderbrasil.com.br/catalogo/maquina-de-flexao-de-pernas-ajoelhado-cbp118/
1681,CBP115,Máquina Flexão Pernas Alternada,Flexora de Pernas,Equipamentos - Série CBP,,https://commanderbrasil.com.br/wp-content/uploads/2025/12/CBP115-bgbranco-2.webp,https://commanderbrasil.com.br/wp-content/uploads/2025/12/CBP115-bgbranco-2.webp | https://commanderbrasil.com.br/wp-content/uploads/2025/12/CBP115-ambientadas-2.webp,https://commanderbrasil.com.br/catalogo/maquina-de-flexao-de-pernas-alternada-cbp115/
1682,CBP116,Máquina Flexão Pernas Deitada,Flexora de Pernas,Equipamentos - Série CBP,,https://commanderbrasil.com.br/wp-content/uploads/2025/12/CBP116-bgbranco-2.webp,https://commanderbrasil.com.br/wp-content/uploads/2025/12/CBP116-bgbranco-2.webp | https://commanderbrasil.com.br/wp-content/uploads/2025/12/CBP116-ambientadas-2.webp,https://commanderbrasil.com.br/catalogo/maquina-de-flexao-de-pernas-deitada-cbp116/
1683,CBP117,Máquina Flexão Pernas Sentado,Flexora de Pernas,Equipamentos - Série CBP,,https://commanderbrasil.com.br/wp-content/uploads/2025/12/CBP117-bgbranco-2.webp,https://commanderbrasil.com.br/wp-content/uploads/2025/12/CBP117-bgbranco-2.webp | https://commanderbrasil.com.br/wp-content/uploads/2025/12/CBP117-ambientadas-2.webp,https://commanderbrasil.com.br/catalogo/maquina-de-flexao-de-pernas-sentada-cbp117/
1623,CBP057,Máquina Flexora de Pernas,Flexora de Pernas,Equipamentos - Série CBP,,https://commanderbrasil.com.br/wp-content/uploads/2025/12/CBP057-bgbranco-2.webp,https://commanderbrasil.com.br/wp-content/uploads/2025/12/CBP057-bgbranco-2.webp | https://commanderbrasil.com.br/wp-content/uploads/2025/12/CBP057-ambientadas-2.webp,https://commanderbrasil.com.br/catalogo/maquina-flexora-de-pernas-cbp057/
1312,SH96,Máquina Hack,Outras Anilhadas,Equipamentos - Série SH,,https://commanderbrasil.com.br/wp-content/uploads/2025/12/SH96-bgbranco-2.webp,https://commanderbrasil.com.br/wp-content/uploads/2025/12/SH96-bgbranco-2.webp | https://commanderbrasil.com.br/wp-content/uploads/2025/12/SH96-ambientadas-2.webp,https://commanderbrasil.com.br/catalogo/hack-machine-sh96/
1615,CBP049,Máquina Hack De Panturrilha Elevação,Máquinas de Panturrilha,Equipamentos - Série CBP,,https://commanderbrasil.com.br/wp-content/uploads/2025/12/CBP049-bgbranco-2.webp,https://commanderbrasil.com.br/wp-content/uploads/2025/12/CBP049-bgbranco-2.webp | https://commanderbrasil.com.br/wp-content/uploads/2025/12/CBP049-ambientadas-2.webp,https://commanderbrasil.com.br/catalogo/maquina-hack-de-panturrilha-cbp049/
1663,CBP097,Máquina Multiestação para Bíceps,Bíceps,Equipamentos - Série CBP,,https://commanderbrasil.com.br/wp-content/uploads/2025/12/CBP097-bgbranco-2.webp,https://commanderbrasil.com.br/wp-content/uploads/2025/12/CBP097-bgbranco-2.webp | https://commanderbrasil.com.br/wp-content/uploads/2025/12/CBP097-ambientadas-2.webp,https://commanderbrasil.com.br/catalogo/aparelho-multiestacao-para-biceps-cbp097/
1675,CBP109,Máquina para Panturrilha Elevação Super,Máquinas de Panturrilha,Equipamentos - Série CBP,,https://commanderbrasil.com.br/wp-content/uploads/2025/12/CBP109-bgbranco-2.webp,https://commanderbrasil.com.br/wp-content/uploads/2025/12/CBP109-bgbranco-2.webp | https://commanderbrasil.com.br/wp-content/uploads/2025/12/CBP109-ambientadas-2.webp,https://commanderbrasil.com.br/catalogo/maquina-para-panturrilha-super-cbp109/
1273,SH36,Máquina Para Pegada / Antebraço,Outras Anilhadas,Equipamentos - Série SH,,https://commanderbrasil.com.br/wp-content/uploads/2025/12/SH36-bgbranco-2.webp,https://commanderbrasil.com.br/wp-content/uploads/2025/12/SH36-bgbranco-2.webp | https://commanderbrasil.com.br/wp-content/uploads/2025/12/SH36-ambientadas-2.webp,https://commanderbrasil.com.br/catalogo/aparelho-para-pegada-antebraco-sh36/
1291,SH63,Máquina Para Pescoço 4 Direções,Outras Anilhadas,Equipamentos - Série SH,,https://commanderbrasil.com.br/wp-content/uploads/2025/12/SH63-bgbranco-2.webp,https://commanderbrasil.com.br/wp-content/uploads/2025/12/SH63-bgbranco-2.webp | https://commanderbrasil.com.br/wp-content/uploads/2025/12/SH63-ambientadas-2.webp,https://commanderbrasil.com.br/catalogo/aparelho-para-pescoco-direcoes-sh63/
1277,SH41,Máquina Para Tíbia,Outras Anilhadas,Equipamentos - Série SH,,https://commanderbrasil.com.br/wp-content/uploads/2025/12/SH41-bgbranco-2.webp,https://commanderbrasil.com.br/wp-content/uploads/2025/12/SH41-bgbranco-2.webp | https://commanderbrasil.com.br/wp-content/uploads/2025/12/SH41-ambientadas-2.webp,https://commanderbrasil.com.br/catalogo/aparelho-para-tibia-sh41/
1097,CBS052,Máquina Remada,Remadas,Equipamentos - Série CBS,,https://commanderbrasil.com.br/wp-content/uploads/2025/12/CBS052-bgbranco-2.webp,https://commanderbrasil.com.br/wp-content/uploads/2025/12/CBS052-bgbranco-2.webp | https://commanderbrasil.com.br/wp-content/uploads/2025/12/CBS052-ambientadas-2.webp,https://commanderbrasil.com.br/catalogo/maquina-de-remada-cbs052/
1104,CBS058,Máquina Rosca Alternada,Bíceps,Equipamentos - Série CBS,,https://commanderbrasil.com.br/wp-content/uploads/2025/12/CBS058-bgbranco-2.webp,https://commanderbrasil.com.br/wp-content/uploads/2025/12/CBS058-bgbranco-2.webp | https://commanderbrasil.com.br/wp-content/uploads/2025/12/CBS058-ambientadas-2.webp,https://commanderbrasil.com.br/catalogo/maquina-de-rosca-alternada-cbs058/
1686,CBP120,Máquina Sentada para Panturrilha Super,Máquinas de Panturrilha,Equipamentos - Série CBP,,https://commanderbrasil.com.br/wp-content/uploads/2025/12/CBP120-bgbranco-2.webp,https://commanderbrasil.com.br/wp-content/uploads/2025/12/CBP120-bgbranco-2.webp | https://commanderbrasil.com.br/wp-content/uploads/2025/12/CBP120-ambientadas-2.webp,https://commanderbrasil.com.br/catalogo/maquina-sentada-para-panturrilha-super-cbp120/
1388,GM74,Máquina Smith,Máquinas Smith,Equipamentos - Série GM,,https://commanderbrasil.com.br/wp-content/uploads/2025/12/GM74-bgbranco-2.webp,https://commanderbrasil.com.br/wp-content/uploads/2025/12/GM74-bgbranco-2.webp | https://commanderbrasil.com.br/wp-content/uploads/2025/12/GM74-ambientadas-2.webp,https://commanderbrasil.com.br/catalogo/smith-gm74/
1389,GM80,Máquina Smith,Máquinas Smith,Equipamentos - Série GM,,https://commanderbrasil.com.br/wp-content/uploads/2025/12/GM80-bgbranco-2.webp,https://commanderbrasil.com.br/wp-content/uploads/2025/12/GM80-bgbranco-2.webp | https://commanderbrasil.com.br/wp-content/uploads/2025/12/GM80-ambientadas-2.webp,https://commanderbrasil.com.br/catalogo/smith-gm80/
1690,CBP124,Máquina Smith,Máquinas Smith,Equipamentos - Série CBP,,https://commanderbrasil.com.br/wp-content/uploads/2025/12/CBP124-bgbranco-2.webp,https://commanderbrasil.com.br/wp-content/uploads/2025/12/CBP124-bgbranco-2.webp | https://commanderbrasil.com.br/wp-content/uploads/2025/12/CBP124-ambientadas-2.webp,https://commanderbrasil.com.br/catalogo/maquina-smith-cbp124/
1456,LB638,Máquina Smith,Máquinas Smith,Equipamentos - Série LB,,https://commanderbrasil.com.br/wp-content/uploads/2025/12/LB638-bgbranco-2.webp,https://commanderbrasil.com.br/wp-content/uploads/2025/12/LB638-bgbranco-2.webp | https://commanderbrasil.com.br/wp-content/uploads/2025/12/LB638-3-2.webp,https://commanderbrasil.com.br/catalogo/smith-lb638/
184,GM92,Máquina Smith,Máquinas Smith,Equipamentos - Série GM,,https://commanderbrasil.com.br/wp-content/uploads/2025/12/GM92-bgbranco-2.webp,https://commanderbrasil.com.br/wp-content/uploads/2025/12/GM92-bgbranco-2.webp | https://commanderbrasil.com.br/wp-content/uploads/2025/12/GM92-ambientadas-2.webp,https://commanderbrasil.com.br/catalogo/smith-gm92/
1250,SH09,Máquina Smith,Outras Anilhadas,Equipamentos - Série SH,,https://commanderbrasil.com.br/wp-content/uploads/2025/12/SH09-bgbranco-2.webp,https://commanderbrasil.com.br/wp-content/uploads/2025/12/SH09-bgbranco-2.webp | https://commanderbrasil.com.br/wp-content/uploads/2025/12/SH09-ambientadas-2.webp,https://commanderbrasil.com.br/catalogo/maquina-smith-sh09/
1591,CBP027,Máquina Smith de Força Sistema Duplo,Máquinas Smith,Equipamentos - Série CBP,,https://commanderbrasil.com.br/wp-content/uploads/2025/12/CBP027-bgbranco-bgbranco-1.webp,https://commanderbrasil.com.br/wp-content/uploads/2025/12/CBP027-bgbranco-bgbranco-1.webp | https://commanderbrasil.com.br/wp-content/uploads/2025/12/CBP027-ambientadas-ambientadas-1.webp,https://commanderbrasil.com.br/catalogo/maquina-smith-de-forca-sistema-duplo-cbp027/
1592,CBP028,Máquina Smith de Força Sistema Duplo Superior,Máquinas Smith,Equipamentos - Série CBP,,https://commanderbrasil.com.br/wp-content/uploads/2025/12/CBP028-bgbranco-bgbranco-1.webp,https://commanderbrasil.com.br/wp-content/uploads/2025/12/CBP028-bgbranco-bgbranco-1.webp | https://commanderbrasil.com.br/wp-content/uploads/2025/12/CBP028-ambientadas-ambientadas-1.webp,https://commanderbrasil.com.br/catalogo/maquina-smith-de-forca-sistema-duplo-superior-cbp028/
1566,CBP004,Máquina Smith Hp Base,Máquinas Smith,Equipamentos - Série CBP,,https://commanderbrasil.com.br/wp-content/uploads/2025/12/CBP004-bgbranco-2.webp,https://commanderbrasil.com.br/wp-content/uploads/2025/12/CBP004-bgbranco-2.webp | https://commanderbrasil.com.br/wp-content/uploads/2025/12/CBP004-ambientadas-2.webp,https://commanderbrasil.com.br/catalogo/maquina-smith-hp-base-cbp004/
1567,CBP005,Máquina Smith Hp Completa,Máquinas Smith,Equipamentos - Série CBP,,https://commanderbrasil.com.br/wp-content/uploads/2025/12/CBP005-bgbranco-2.webp,https://commanderbrasil.com.br/wp-content/uploads/2025/12/CBP005-bgbranco-2.webp | https://commanderbrasil.com.br/wp-content/uploads/2025/12/CBP005-ambientadas-2.webp,https://commanderbrasil.com.br/catalogo/maquina-smith-hp-completa-cbp005/
1660,CBP094,Máquina Tríceps,Tríceps,Equipamentos - Série CBP,,https://commanderbrasil.com.br/wp-content/uploads/2025/12/CBP094-bgbranco-2.webp,https://commanderbrasil.com.br/wp-content/uploads/2025/12/CBP094-bgbranco-2.webp | https://commanderbrasil.com.br/wp-content/uploads/2025/12/CBP094-ambientadas-2.webp,https://commanderbrasil.com.br/catalogo/aparelho-de-triceps-cbp094/
1659,CBP093,Máquina Tríceps Alternado,Tríceps,Equipamentos - Série CBP,,https://commanderbrasil.com.br/wp-content/uploads/2025/12/CBP093-bgbranco-2.webp,https://commanderbrasil.com.br/wp-content/uploads/2025/12/CBP093-bgbranco-2.webp | https://commanderbrasil.com.br/wp-content/uploads/2025/12/CBP093-ambientadas-2.webp,https://commanderbrasil.com.br/catalogo/aparelho-de-triceps-alternado-cbp093/
1689,CBP123,Máquina Viking para Ombros e Panturrilha Elevação,Máquinas de Panturrilha,Equipamentos - Série CBP,,https://commanderbrasil.com.br/wp-content/uploads/2025/12/CBP123-bgbranco-2.webp,https://commanderbrasil.com.br/wp-content/uploads/2025/12/CBP123-bgbranco-2.webp | https://commanderbrasil.com.br/wp-content/uploads/2025/12/CBP123-ambientadas-2.webp,https://commanderbrasil.com.br/catalogo/maquina-viking-para-ombros-e-panturrilha-cbp123/
1009484,QHSJ223,Marreta,-,Acessórios - QHSJ Treino,,https://commanderbrasil.com.br/wp-content/uploads/2025/12/QH-SJ223-bgbranco.webp,https://commanderbrasil.com.br/wp-content/uploads/2025/12/QH-SJ223-bgbranco.webp | https://commanderbrasil.com.br/wp-content/uploads/2025/12/QH-SJ223-ambientadas.webp,https://commanderbrasil.com.br/catalogo/sledgehammer-qhsj223/
2899,E022,Martelo 6kg,Acessórios de Treino,Acessórios - Série E,Martelo 6kg - Código: E-022,https://commanderbrasil.com.br/wp-content/uploads/2025/12/E022-e-1.jpeg,https://commanderbrasil.com.br/wp-content/uploads/2025/12/E022-e-1.jpeg,https://commanderbrasil.com.br/catalogo/martelokg-e022/
2672,C063,Massageador Beast Ball,Acessórios de Treino,Acessórios - Série C,Massageador Beast Ball - Código: C-063,https://commanderbrasil.com.br/wp-content/uploads/2025/12/C-063-c-2.jpeg,https://commanderbrasil.com.br/wp-content/uploads/2025/12/C-063-c-2.jpeg,https://commanderbrasil.com.br/catalogo/massageador-beast-ball-c063/
1009336,QHSJ185,Medicine Ball / Bola de Palma,Medicine Balls,Acessórios - QHSJ Treino,,https://commanderbrasil.com.br/wp-content/uploads/2025/12/QHSJ185-bgbranco.webp,https://commanderbrasil.com.br/wp-content/uploads/2025/12/QHSJ185-bgbranco.webp | https://commanderbrasil.com.br/wp-content/uploads/2025/12/QHSJ185-ambientada.webp,https://commanderbrasil.com.br/catalogo/medicine-ball-palm-ball-qhsj185/
2785,D001,Medicine Ball 1kg,Medicine Balls,Acessórios - Série D,Medicine Ball 1kg - Código: D-001,https://commanderbrasil.com.br/wp-content/uploads/2025/12/D001-d-2.jpeg,https://commanderbrasil.com.br/wp-content/uploads/2025/12/D001-d-2.jpeg,https://commanderbrasil.com.br/catalogo/bola-medicinal-1kg-d001/
2786,D002,Medicine Ball com Alças 3kg,Medicine Balls,Acessórios - Série D,Medicine Ball com Alças 3kg - Código: D-002,https://commanderbrasil.com.br/wp-content/uploads/2025/12/D002-d-2.jpeg,https://commanderbrasil.com.br/wp-content/uploads/2025/12/D002-d-2.jpeg,https://commanderbrasil.com.br/catalogo/bola-medicinal-com-alcaskg-d002/
1009340,QHSJ186,Medicine Ball com Alças Duplas,Medicine Balls,Acessórios - QHSJ Treino,,https://commanderbrasil.com.br/wp-content/uploads/2025/12/QHSJ186-bgbranco.webp,https://commanderbrasil.com.br/wp-content/uploads/2025/12/QHSJ186-bgbranco.webp | https://commanderbrasil.com.br/wp-content/uploads/2025/12/QHSJ186-ambientada.webp,https://commanderbrasil.com.br/catalogo/dual-handle-medicine-ball-qhsj186/
1009696,QHSJ169,Meia Bola com Pontas,Medicine Balls,Acessórios - QHSJ Yoga,,https://commanderbrasil.com.br/wp-content/uploads/2025/12/QH-SJ169-bgbranco.webp,https://commanderbrasil.com.br/wp-content/uploads/2025/12/QH-SJ169-bgbranco.webp | https://commanderbrasil.com.br/wp-content/uploads/2025/12/QH-SJ169-ambientadas.webp,https://commanderbrasil.com.br/catalogo/spiky-half-ball-qhsj169/
2638,C029,Meio Espuma Rolo 45cm,Rolos de Espuma,Acessórios - Série C,Meio Foam Roller 45cm - Código: C-029,https://commanderbrasil.com.br/wp-content/uploads/2025/12/C-029-c-2.jpeg,https://commanderbrasil.com.br/wp-content/uploads/2025/12/C-029-c-2.jpeg,https://commanderbrasil.com.br/catalogo/meio-rolo-de-espuma5cm-c029/
2637,C028,Meio Espuma Rolo 60cm,Rolos de Espuma,Acessórios - Série C,Meio Foam Roller 60cm - Código: C-028,https://commanderbrasil.com.br/wp-content/uploads/2025/12/C-028-c-2.jpeg,https://commanderbrasil.com.br/wp-content/uploads/2025/12/C-028-c-2.jpeg,https://commanderbrasil.com.br/catalogo/meio-rolo-de-espuma0cm-c028/
2636,C027,Meio Espuma Rolo 90cm,Rolos de Espuma,Acessórios - Série C,Meio Foam Roller 90cm - Código: C-027,https://commanderbrasil.com.br/wp-content/uploads/2025/12/C-027-c-2.jpeg,https://commanderbrasil.com.br/wp-content/uploads/2025/12/C-027-c-2.jpeg,https://commanderbrasil.com.br/catalogo/meio-rolo-de-espuma-90cm-c027/
1564,CBP002,Meio Suporte Completo,Outros Racks,Equipamentos - Série CBP,,https://commanderbrasil.com.br/wp-content/uploads/2025/12/CBP002-bgbranco-2.webp,https://commanderbrasil.com.br/wp-content/uploads/2025/12/CBP002-bgbranco-2.webp | https://commanderbrasil.com.br/wp-content/uploads/2025/12/CBP002-ambientadas-2.webp,https://commanderbrasil.com.br/catalogo/meio-rack-completo-cbp002/
1109,CBS063,Mergulho Supino Duplo Sistema,Supino,Equipamentos - Série CBS,,https://commanderbrasil.com.br/wp-content/uploads/2025/12/CBS063-bgbranco-2.webp,https://commanderbrasil.com.br/wp-content/uploads/2025/12/CBS063-bgbranco-2.webp | https://commanderbrasil.com.br/wp-content/uploads/2025/12/CBS063-ambientadas-2.webp,https://commanderbrasil.com.br/catalogo/dip-press-duplo-sistema-cbs063/
1009752,QHSJ184,Mesa de Massagem,-,Acessórios - QHSJ Yoga,,https://commanderbrasil.com.br/wp-content/uploads/2025/12/QH-SJ184-bgbranco.webp,https://commanderbrasil.com.br/wp-content/uploads/2025/12/QH-SJ184-bgbranco.webp | https://commanderbrasil.com.br/wp-content/uploads/2025/12/QH-SJ184-ambientadas.webp,https://commanderbrasil.com.br/catalogo/massage-table-qhsj184/
2685,C076,Mesa de Massagem Alumínio,Acessórios de Treino,Acessórios - Série C,Massage Table de Alumínio - Código: C-076,https://commanderbrasil.com.br/wp-content/uploads/2025/12/C-076-c-2.jpeg,https://commanderbrasil.com.br/wp-content/uploads/2025/12/C-076-c-2.jpeg,https://commanderbrasil.com.br/catalogo/maca-de-massagem-de-aluminio-c076/
2683,C074,Mesa de Massagem Básica,Acessórios de Treino,Acessórios - Série C,Basic Massage Table - Código: C-074,https://commanderbrasil.com.br/wp-content/uploads/2025/12/C-074-c-2.jpeg,https://commanderbrasil.com.br/wp-content/uploads/2025/12/C-074-c-2.jpeg,https://commanderbrasil.com.br/catalogo/maca-de-massagem-basica-c074/
2684,C075,Mesa de Massagem Premium,Acessórios de Treino,Acessórios - Série C,Massage Table Premium - Código: C-075,https://commanderbrasil.com.br/wp-content/uploads/2025/12/C-075-c-2.jpeg,https://commanderbrasil.com.br/wp-content/uploads/2025/12/C-075-c-2.jpeg,https://commanderbrasil.com.br/catalogo/maca-de-massagem-premium-c075/
1427,LB608,Mesa Extensora de Pernas,Extensora de Pernas,Equipamentos - Série LB,,https://commanderbrasil.com.br/wp-content/uploads/2025/12/LB608-bgbranco-2.webp,https://commanderbrasil.com.br/wp-content/uploads/2025/12/LB608-bgbranco-2.webp | https://commanderbrasil.com.br/wp-content/uploads/2025/12/LB608-3-2.webp,https://commanderbrasil.com.br/catalogo/mesa-extensora-lb608/
305,VS25,Mesa Flexora,Flexora de Pernas,Equipamentos - Série VS,,,,https://commanderbrasil.com.br/catalogo/mesa-flexora-vs25/
822,B1001,Mesa Flexora,Flexora de Pernas,Equipamentos - Série B,,https://commanderbrasil.com.br/wp-content/uploads/2025/12/b1001-1-1.webp,https://commanderbrasil.com.br/wp-content/uploads/2025/12/b1001-1-1.webp | https://commanderbrasil.com.br/wp-content/uploads/2025/12/b1001-2-1.webp,https://commanderbrasil.com.br/catalogo/mesa-flexora-b1001/
1004695,PM11,Mesa Flexora,Flexora de Pernas,Equipamentos - Série PM,,https://commanderbrasil.com.br/wp-content/uploads/2025/12/PM11-bgbranco.webp,https://commanderbrasil.com.br/wp-content/uploads/2025/12/PM11-bgbranco.webp | https://commanderbrasil.com.br/wp-content/uploads/2025/12/PM11-ambientadas.webp,https://commanderbrasil.com.br/catalogo/mesa-flexora-pm11/
155,GM54,Mesa Flexora,Flexora de Pernas,Equipamentos - Série GM,,https://commanderbrasil.com.br/wp-content/uploads/2025/12/GM54-bgbranco-2.webp,https://commanderbrasil.com.br/wp-content/uploads/2025/12/GM54-bgbranco-2.webp | https://commanderbrasil.com.br/wp-content/uploads/2025/12/GM54-ambientadas-2.webp,https://commanderbrasil.com.br/catalogo/mesa-flexora-gm54/
1000152,LBF15,Mesa Flexora,Extensora e Flexora,Equipamentos - Série LB-F,,https://commanderbrasil.com.br/wp-content/uploads/2025/12/LB-F15-bgbranco-2.webp,https://commanderbrasil.com.br/wp-content/uploads/2025/12/LB-F15-bgbranco-2.webp | https://commanderbrasil.com.br/wp-content/uploads/2025/12/LB-F15-ambientadas-2.webp,https://commanderbrasil.com.br/catalogo/mesa-flexora-lbf15/
1294,SH66,Mesa Flexora Em Pé ISO-Lateral,Extensora e Flexora,Equipamentos - Série SH,,https://commanderbrasil.com.br/wp-content/uploads/2025/12/SH66-bgbranco-2.webp,https://commanderbrasil.com.br/wp-content/uploads/2025/12/SH66-bgbranco-2.webp | https://commanderbrasil.com.br/wp-content/uploads/2025/12/SH66-ambientadas-2.webp,https://commanderbrasil.com.br/catalogo/mesa-flexora-em-pe-iso-lateral-sh66/
1257,SH18,Mesa Flexora ISO-Lateral,Extensora e Flexora,Equipamentos - Série SH,,https://commanderbrasil.com.br/wp-content/uploads/2025/12/SH18-bgbranco-2.webp,https://commanderbrasil.com.br/wp-content/uploads/2025/12/SH18-bgbranco-2.webp | https://commanderbrasil.com.br/wp-content/uploads/2025/12/SH18-ambientadas-2.webp,https://commanderbrasil.com.br/catalogo/mesa-flexora-iso-lateral-sh18/
1314,SH98,Mesa Flexora Sentado,Extensora e Flexora,Equipamentos - Série SH,,https://commanderbrasil.com.br/wp-content/uploads/2025/12/SH98-bgbranco-2.webp,https://commanderbrasil.com.br/wp-content/uploads/2025/12/SH98-bgbranco-2.webp | https://commanderbrasil.com.br/wp-content/uploads/2025/12/SH98-ambientadas-2.webp,https://commanderbrasil.com.br/catalogo/mesa-flexora-sentado-sh98/
2904,E027,Mini Anel Elástico - Kit 4 Peças,Acessórios de Treino,Acessórios - Série E,Mini Anel Elástico - Kit 4 Peças - Código: E-027,https://commanderbrasil.com.br/wp-content/uploads/2025/12/E027-e-1.jpeg,https://commanderbrasil.com.br/wp-content/uploads/2025/12/E027-e-1.jpeg,https://commanderbrasil.com.br/catalogo/mini-anel-elastico-kit-pecas-e027/
2652,C043,Mini Anel Elástico - Kit 5,Acessórios de Treino,Acessórios - Série C,Mini Anel Elástico - Kit de 5 - Código: C-043,https://commanderbrasil.com.br/wp-content/uploads/2025/12/C-043-c-2.jpeg,https://commanderbrasil.com.br/wp-content/uploads/2025/12/C-043-c-2.jpeg,https://commanderbrasil.com.br/catalogo/mini-anel-elastico-kit-de-c043/
2666,C057,Mini Bola Pilates,Acessórios de Treino,Acessórios - Série C,Mini Bola de Pilates - Código: C-057,https://commanderbrasil.com.br/wp-content/uploads/2025/12/C-057-c-2.jpeg,https://commanderbrasil.com.br/wp-content/uploads/2025/12/C-057-c-2.jpeg,https://commanderbrasil.com.br/catalogo/mini-bola-de-pilates-c057/
1009728,QHSJ178,Mini Faixa Loop,Faixas de Resistência,Acessórios - QHSJ Yoga,,https://commanderbrasil.com.br/wp-content/uploads/2025/12/QH-SJ178-bgbranco.webp,https://commanderbrasil.com.br/wp-content/uploads/2025/12/QH-SJ178-bgbranco.webp | https://commanderbrasil.com.br/wp-content/uploads/2025/12/QH-SJ178-ambientadas.webp,https://commanderbrasil.com.br/catalogo/mini-loop-band-qhsj178/
1275,SH38,Olímpico Banco com Suporte de Anilhas,Armazenamento de Anilhas,Equipamentos - Série SH,,https://commanderbrasil.com.br/wp-content/uploads/2025/12/SH38-bgbranco-2.webp,https://commanderbrasil.com.br/wp-content/uploads/2025/12/SH38-bgbranco-2.webp | https://commanderbrasil.com.br/wp-content/uploads/2025/12/SH38-ambientadas-2.webp,https://commanderbrasil.com.br/catalogo/banco-olimpico-com-suporte-de-anilhas-sh38/
2882,E005,Pacote Energia 5kg,Acessórios de Treino,Acessórios - Série E,Pacote de Energia 5kg - Código: E-005,https://commanderbrasil.com.br/wp-content/uploads/2025/12/E005-e-2.jpeg,https://commanderbrasil.com.br/wp-content/uploads/2025/12/E005-e-2.jpeg,https://commanderbrasil.com.br/catalogo/pacote-de-energiakg-e005/
1626,CBP060,Panturrilha Elevação Donkey,Máquinas de Panturrilha,Equipamentos - Série CBP,,https://commanderbrasil.com.br/wp-content/uploads/2025/12/CBP060-bgbranco-2.webp,https://commanderbrasil.com.br/wp-content/uploads/2025/12/CBP060-bgbranco-2.webp | https://commanderbrasil.com.br/wp-content/uploads/2025/12/CBP060-ambientadas-2.webp,https://commanderbrasil.com.br/catalogo/panturrilha-donkey-cbp060/
922,D945,Panturrilha Elevação Inclinado,Máquinas de Panturrilha,Equipamentos - Série D,,https://commanderbrasil.com.br/wp-content/uploads/2025/12/CMD-D945-cmd-d-series-2.png,https://commanderbrasil.com.br/wp-content/uploads/2025/12/CMD-D945-cmd-d-series-2.png | https://commanderbrasil.com.br/wp-content/uploads/2025/12/CMD-D945-2.webp,https://commanderbrasil.com.br/catalogo/panturrilha-inclinado-d945/
1301,SH80,Panturrilha em Pé,Máquinas de Panturrilha,Equipamentos - Série SH,,https://commanderbrasil.com.br/wp-content/uploads/2025/12/SH80-bgbranco-2.webp,https://commanderbrasil.com.br/wp-content/uploads/2025/12/SH80-bgbranco-2.webp | https://commanderbrasil.com.br/wp-content/uploads/2025/12/SH80-ambientadas-2.webp,https://commanderbrasil.com.br/catalogo/panturrilha-em-pe-sh80/
1396,GM102,Panturrilha em Pé,Máquinas de Panturrilha,Equipamentos - Série GM,,https://commanderbrasil.com.br/wp-content/uploads/2025/12/GM102-bgbranco-2.webp,https://commanderbrasil.com.br/wp-content/uploads/2025/12/GM102-bgbranco-2.webp | https://commanderbrasil.com.br/wp-content/uploads/2025/12/GM102-ambientadas-2.webp,https://commanderbrasil.com.br/catalogo/panturrilha-em-pe-gm102/
992,LBF18,Panturrilha em Pé,Máquinas de Panturrilha,Equipamentos - Série LB-F,,https://commanderbrasil.com.br/wp-content/uploads/2025/12/LB-F18-bgbranco-2.webp,https://commanderbrasil.com.br/wp-content/uploads/2025/12/LB-F18-bgbranco-2.webp | https://commanderbrasil.com.br/wp-content/uploads/2025/12/LB-F18-ambientadas-2.webp,https://commanderbrasil.com.br/catalogo/panturrilha-em-pe-lbf18/
1316,SH102,Panturrilha Sentado,Máquinas de Panturrilha,Equipamentos - Série SH,,https://commanderbrasil.com.br/wp-content/uploads/2025/12/SH102-bgbranco-2.webp,https://commanderbrasil.com.br/wp-content/uploads/2025/12/SH102-bgbranco-2.webp | https://commanderbrasil.com.br/wp-content/uploads/2025/12/SH102-ambientadas-2.webp,https://commanderbrasil.com.br/catalogo/panturrilha-sentado-sh102/
1625,CBP059,Panturrilha Sentado,Máquinas de Panturrilha,Equipamentos - Série CBP,,https://commanderbrasil.com.br/wp-content/uploads/2025/12/CBP059-bgbranco-2.webp,https://commanderbrasil.com.br/wp-content/uploads/2025/12/CBP059-bgbranco-2.webp | https://commanderbrasil.com.br/wp-content/uploads/2025/12/CBP059-ambientadas-2.webp,https://commanderbrasil.com.br/catalogo/panturrilha-sentado-cbp059/
1428,LB609,Panturrilha Sentado,Máquinas de Panturrilha,Equipamentos - Série LB,,https://commanderbrasil.com.br/wp-content/uploads/2025/12/LB609-bgbranco-2.webp,https://commanderbrasil.com.br/wp-content/uploads/2025/12/LB609-bgbranco-2.webp | https://commanderbrasil.com.br/wp-content/uploads/2025/12/LB609-3-2.webp,https://commanderbrasil.com.br/catalogo/panturrilha-sentado-lb609/
993,LBF19,Panturrilha Sentado,Máquinas de Panturrilha,Equipamentos - Série LB-F,,https://commanderbrasil.com.br/wp-content/uploads/2025/12/LB-F19-bgbranco-1.webp,https://commanderbrasil.com.br/wp-content/uploads/2025/12/LB-F19-bgbranco-1.webp | https://commanderbrasil.com.br/wp-content/uploads/2025/12/LB-F19-ambientadas-1.webp,https://commanderbrasil.com.br/catalogo/panturrilha-sentado-lbf19/
1262,SH23,Panturrilha Sentado,Máquinas de Panturrilha,Equipamentos - Série SH,,https://commanderbrasil.com.br/wp-content/uploads/2025/12/SH23-bgbranco-2.webp,https://commanderbrasil.com.br/wp-content/uploads/2025/12/SH23-bgbranco-2.webp | https://commanderbrasil.com.br/wp-content/uploads/2025/12/SH23-ambientadas-2.webp,https://commanderbrasil.com.br/catalogo/panturrilha-sentado-sh23/
1450,LB631,Panturrilha Sentado Anilhada,Máquinas de Panturrilha,Equipamentos - Série LB,,https://commanderbrasil.com.br/wp-content/uploads/2025/12/LB631-bgbranco-2.webp,https://commanderbrasil.com.br/wp-content/uploads/2025/12/LB631-bgbranco-2.webp | https://commanderbrasil.com.br/wp-content/uploads/2025/12/LB631-2-2.webp,https://commanderbrasil.com.br/catalogo/panturrilha-sentado-maquina-anilhada-lb631/
869,B1062,Panturrilha Sentado Máquina,Máquinas de Panturrilha,Equipamentos - Série B,,https://commanderbrasil.com.br/wp-content/uploads/2025/12/B1062-bgbranco-1.webp,https://commanderbrasil.com.br/wp-content/uploads/2025/12/B1062-bgbranco-1.webp,https://commanderbrasil.com.br/catalogo/panturrilha-sentado-maquina-b1062/
1582,CBP018,Parallels Com Sistema Duplo,Voador e Deltoide Posterior,Equipamentos - Série CBP,,https://commanderbrasil.com.br/wp-content/uploads/2025/12/CBP018-bgbranco-bgbranco-1.webp,https://commanderbrasil.com.br/wp-content/uploads/2025/12/CBP018-bgbranco-bgbranco-1.webp | https://commanderbrasil.com.br/wp-content/uploads/2025/12/CBP018-ambientadas-ambientadas-1.webp,https://commanderbrasil.com.br/catalogo/paralelas-com-sistema-duplo-cbp018/
2885,E008,Paraquedas Arraste Tamanho M,Acessórios de Treino,Acessórios - Série E,Paraquedas de Arraste Tamanho M - Código: E-008,https://commanderbrasil.com.br/wp-content/uploads/2025/12/E008-e-2.jpeg,https://commanderbrasil.com.br/wp-content/uploads/2025/12/E008-e-2.jpeg,https://commanderbrasil.com.br/catalogo/paraquedas-de-arraste-tamanho-m-e008/
1009452,QHSJ215,Paraquedas de Velocidade,-,Acessórios - QHSJ Treino,,https://commanderbrasil.com.br/wp-content/uploads/2025/12/QH-SJ215-bgbranco.webp,https://commanderbrasil.com.br/wp-content/uploads/2025/12/QH-SJ215-bgbranco.webp | https://commanderbrasil.com.br/wp-content/uploads/2025/12/QH-SJ215-ambientadas.webp,https://commanderbrasil.com.br/catalogo/speed-parachute-qhsj215/
1004683,CBP090,Peck Deck Sentado,Voador e Deltoide Posterior,Equipamentos - Série CBP,,https://commanderbrasil.com.br/wp-content/uploads/2025/12/CBP090-bgbranco.webp,https://commanderbrasil.com.br/wp-content/uploads/2025/12/CBP090-bgbranco.webp | https://commanderbrasil.com.br/wp-content/uploads/2025/12/CBP090-ambientadas.webp,https://commanderbrasil.com.br/catalogo/peck-deck-sentado-cbp090/
2999,F052,Pedais Ajustáveis Largos,Acessórios de Treino,Acessórios - Série F,Pedais Ajustáveis Grandes - Código: F-052,https://commanderbrasil.com.br/wp-content/uploads/2025/12/F052-f-1.jpeg,https://commanderbrasil.com.br/wp-content/uploads/2025/12/F052-f-1.jpeg,https://commanderbrasil.com.br/catalogo/pedais-ajustaveis-grandes-f052/
977,LBF03,Peitoral Voador,Supino,Equipamentos - Série LB-F,,https://commanderbrasil.com.br/wp-content/uploads/2025/12/LB-F03-bgbranco-2.webp,https://commanderbrasil.com.br/wp-content/uploads/2025/12/LB-F03-bgbranco-2.webp | https://commanderbrasil.com.br/wp-content/uploads/2025/12/LB-F03-ambientadas-2.webp,https://commanderbrasil.com.br/catalogo/pec-fly-lbf03/
976,LBF02,Peitoral Voador Duplo,Supino,Equipamentos - Série LB-F,,https://commanderbrasil.com.br/wp-content/uploads/2025/12/LB-F02-bgbranco-2.webp,https://commanderbrasil.com.br/wp-content/uploads/2025/12/LB-F02-bgbranco-2.webp | https://commanderbrasil.com.br/wp-content/uploads/2025/12/LB-F02-ambientadas-2.webp,https://commanderbrasil.com.br/catalogo/pec-fly-duplo-lbf02/
3061,XMH002,Piso Borracha Composto 15mm 500x500mm,Acessórios de Treino,Acessórios - Série XM-H,Piso de Borracha Composto 15mm 500x500mm - Código: XM-H002,https://commanderbrasil.com.br/wp-content/uploads/2025/12/XM-H002-xm-1.jpeg,https://commanderbrasil.com.br/wp-content/uploads/2025/12/XM-H002-xm-1.jpeg,https://commanderbrasil.com.br/catalogo/piso-de-borracha-composto-15mm00x500mm-xmh002/
3060,XMH001,Piso Borracha Comum 15mm 500x500mm,Acessórios de Treino,Acessórios - Série XM-H,Piso de Borracha Comum 15mm 500x500mm - Código: XM-H001,https://commanderbrasil.com.br/wp-content/uploads/2025/12/XM-H001-xm-1.jpeg,https://commanderbrasil.com.br/wp-content/uploads/2025/12/XM-H001-xm-1.jpeg,https://commanderbrasil.com.br/catalogo/piso-de-borracha-comum-15mm00x500mm-xmh001/
3065,XMH006,Piso em Rolo Padrão Diamante 3.5mm,Acessórios de Treino,Acessórios - Série XM-H,Rolo de Piso Padrão Gemas 3.5mm - Código: XM-H006,https://commanderbrasil.com.br/wp-content/uploads/2025/12/XM-H006-xm-1.jpeg,https://commanderbrasil.com.br/wp-content/uploads/2025/12/XM-H006-xm-1.jpeg,https://commanderbrasil.com.br/catalogo/rolo-de-piso-padrao-gemasmm-xmh006/
3066,XMH007,Piso em Rolo Textura Reta 3.5mm,Acessórios de Treino,Acessórios - Série XM-H,Rolo de Piso Textura Plana 3.5mm - Código: XM-H007,https://commanderbrasil.com.br/wp-content/uploads/2025/12/XM-H007-xm-1.jpeg,https://commanderbrasil.com.br/wp-content/uploads/2025/12/XM-H007-xm-1.jpeg,https://commanderbrasil.com.br/catalogo/rolo-de-piso-textura-planamm-xmh007/
3067,XMH008,Piso Multifuncional 2.0mm,Acessórios de Treino,Acessórios - Série XM-H,Piso Multifunctional 2.0mm - Código: XM-H008,https://commanderbrasil.com.br/wp-content/uploads/2025/12/XM-H008-xm-1.jpeg,https://commanderbrasil.com.br/wp-content/uploads/2025/12/XM-H008-xm-1.jpeg,https://commanderbrasil.com.br/catalogo/piso-multifuncional-0mm-xmh008/
2829,D044,Pistola de Massagem Fascial,Acessórios de Treino,Acessórios - Série D,Pistola de Massagem Fascial - Código: D-044,https://commanderbrasil.com.br/wp-content/uploads/2025/12/D044-d-2.jpeg,https://commanderbrasil.com.br/wp-content/uploads/2025/12/D044-d-2.jpeg,https://commanderbrasil.com.br/catalogo/pistola-de-massagem-fascial-d044/
2695,C086,Pistola de Massagem para Tendões,Acessórios de Treino,Acessórios - Série C,Pistola de Massagem para Tendões - Código: C-086,https://commanderbrasil.com.br/wp-content/uploads/2025/12/C-086-c-2.jpeg,https://commanderbrasil.com.br/wp-content/uploads/2025/12/C-086-c-2.jpeg,https://commanderbrasil.com.br/catalogo/pistola-de-massagem-para-tendoes-c086/
2681,C072,Placa Aço para Alongamento,Mergulho e Barra Assistida,Acessórios - Série C,Placa de Aço para Alongamento - Código: C-072,https://commanderbrasil.com.br/wp-content/uploads/2025/12/C-072-c-2.jpeg,https://commanderbrasil.com.br/wp-content/uploads/2025/12/C-072-c-2.jpeg,https://commanderbrasil.com.br/catalogo/placa-de-aco-para-alongamento-c072/
3062,XMH003,Placa de Aço Padrão 3mm,Acessórios de Treino,Acessórios - Série XM-H,Placa de Aço Padrão 3mm - Código: XM-H003,https://commanderbrasil.com.br/wp-content/uploads/2025/12/XM-H003-xm-1.jpeg,https://commanderbrasil.com.br/wp-content/uploads/2025/12/XM-H003-xm-1.jpeg,https://commanderbrasil.com.br/catalogo/placa-de-aco-padraomm-xmh003/
1569,CBP007,Plataforma de Força,Outros Racks,Equipamentos - Série CBP,,https://commanderbrasil.com.br/wp-content/uploads/2025/12/CBP007-bgbranco-2.webp,https://commanderbrasil.com.br/wp-content/uploads/2025/12/CBP007-bgbranco-2.webp | https://commanderbrasil.com.br/wp-content/uploads/2025/12/CBP007-ambientadas-2.webp,https://commanderbrasil.com.br/catalogo/plataforma-de-forca-cbp007/
1009182,QHSJ101,Plataforma de Levantamento,Puxada Alta,Acessórios - QHSJ Barras,,https://commanderbrasil.com.br/wp-content/uploads/2025/12/QHSJ101-bgbranco.webp,https://commanderbrasil.com.br/wp-content/uploads/2025/12/QHSJ101-bgbranco.webp | https://commanderbrasil.com.br/wp-content/uploads/2025/12/QHSJ101-ambientada.webp,https://commanderbrasil.com.br/catalogo/weightlifting-platform-qhsj101/
1009588,QHSJ250,Plataforma Step,Puxada Alta,Acessórios - QHSJ Agilidade,,https://commanderbrasil.com.br/wp-content/uploads/2025/12/QH-SJ250-bgbranco.webp,https://commanderbrasil.com.br/wp-content/uploads/2025/12/QH-SJ250-bgbranco.webp | https://commanderbrasil.com.br/wp-content/uploads/2025/12/QH-SJ250-ambientadas.webp,https://commanderbrasil.com.br/catalogo/step-platform-qhsj250/
1009360,QHSJ191,Plataforma Step 4 Níveis,Puxada Alta,Acessórios - QHSJ Treino,,https://commanderbrasil.com.br/wp-content/uploads/2025/12/QH-SJ191-bgbranco.webp,https://commanderbrasil.com.br/wp-content/uploads/2025/12/QH-SJ191-bgbranco.webp | https://commanderbrasil.com.br/wp-content/uploads/2025/12/QH-SJ191-ambientadas.webp,https://commanderbrasil.com.br/catalogo/4-level-step-platform-qhsj191/
1009488,QHSJ224,Pneu,-,Acessórios - QHSJ Treino,,https://commanderbrasil.com.br/wp-content/uploads/2025/12/QH-SJ224-bgbranco.webp,https://commanderbrasil.com.br/wp-content/uploads/2025/12/QH-SJ224-bgbranco.webp | https://commanderbrasil.com.br/wp-content/uploads/2025/12/QH-SJ224-ambientadas.webp,https://commanderbrasil.com.br/catalogo/tire-qhsj224/
2894,E017,Pneu 120kg,Acessórios de Treino,Acessórios - Série E,Pneu 120kg - Código: E-017,https://commanderbrasil.com.br/wp-content/uploads/2025/12/E017-e-2.jpeg,https://commanderbrasil.com.br/wp-content/uploads/2025/12/E017-e-2.jpeg,https://commanderbrasil.com.br/catalogo/pneu-120kg-e017/
2893,E016,Pneu 80kg,Acessórios de Treino,Acessórios - Série E,Pneu 80kg - Código: E-016,https://commanderbrasil.com.br/wp-content/uploads/2025/12/E016-e-2.jpeg,https://commanderbrasil.com.br/wp-content/uploads/2025/12/E016-e-2.jpeg,https://commanderbrasil.com.br/catalogo/pneu-80kg-e016/
1004775,A075,Pneu de Treinamento,-,Acessórios - Série A,Preço por kg (USD),https://commanderbrasil.com.br/wp-content/uploads/2025/12/A075-bgbranco-v2.webp,https://commanderbrasil.com.br/wp-content/uploads/2025/12/A075-bgbranco-v2.webp | https://commanderbrasil.com.br/wp-content/uploads/2025/12/A075-ambientada-v2.webp,https://commanderbrasil.com.br/catalogo/pneu-de-treinamento-a075/
1009079,QHSJ75,Pneu de Treino,-,Acessórios - QHSJ Pesos,,https://commanderbrasil.com.br/wp-content/uploads/2025/12/QHSJ75-bgbranco.webp,https://commanderbrasil.com.br/wp-content/uploads/2025/12/QHSJ75-bgbranco.webp | https://commanderbrasil.com.br/wp-content/uploads/2025/12/QHSJ75-ambientada.webp,https://commanderbrasil.com.br/catalogo/tire-qhsj75/
2896,E019,Pneu PU 40kg,Acessórios de Treino,Acessórios - Série E,Pneu PU 40kg - Código: E-019,https://commanderbrasil.com.br/wp-content/uploads/2025/12/E019-e-1.jpeg,https://commanderbrasil.com.br/wp-content/uploads/2025/12/E019-e-1.jpeg,https://commanderbrasil.com.br/catalogo/pneu-pu0kg-e019/
2897,E020,Pneu PU 60kg,Acessórios de Treino,Acessórios - Série E,Pneu PU 60kg - Código: E-020,https://commanderbrasil.com.br/wp-content/uploads/2025/12/E020-e-1.jpeg,https://commanderbrasil.com.br/wp-content/uploads/2025/12/E020-e-1.jpeg,https://commanderbrasil.com.br/catalogo/pneu-pu0kg-e020/
2898,E021,Pneu PU 80kg,Acessórios de Treino,Acessórios - Série E,Pneu PU 80kg - Código: E-021,https://commanderbrasil.com.br/wp-content/uploads/2025/12/E021-e-1.jpeg,https://commanderbrasil.com.br/wp-content/uploads/2025/12/E021-e-1.jpeg,https://commanderbrasil.com.br/catalogo/pneu-pu-80kg-e021/
2895,E018,Pneus de Rolamento,Acessórios de Treino,Acessórios - Série E,Pneus Rolantes - Código: E-018,https://commanderbrasil.com.br/wp-content/uploads/2025/12/E018-e-2.jpeg,https://commanderbrasil.com.br/wp-content/uploads/2025/12/E018-e-2.jpeg,https://commanderbrasil.com.br/catalogo/pneus-rolantes-e018/
888,B1048B,Power Cage,Power Cages,Equipamentos - Série B,,,,https://commanderbrasil.com.br/catalogo/power-cage-b1048b/
859,B1048,Power Rack,Power Racks,Equipamentos - Série B,,https://commanderbrasil.com.br/wp-content/uploads/2025/12/B1048-1-2.webp,https://commanderbrasil.com.br/wp-content/uploads/2025/12/B1048-1-2.webp,https://commanderbrasil.com.br/catalogo/gaiola-b1048/
1313,SH97,Power Rack Olímpico Com Barra Fixa,Outras Anilhadas,Equipamentos - Série SH,,https://commanderbrasil.com.br/wp-content/uploads/2025/12/SH97-bgbranco-2.webp,https://commanderbrasil.com.br/wp-content/uploads/2025/12/SH97-bgbranco-2.webp | https://commanderbrasil.com.br/wp-content/uploads/2025/12/SH97-ambientadas-2.webp,https://commanderbrasil.com.br/catalogo/power-rack-olimpico-com-barra-fixa-sh97/
2801,D016,Prancha Abdominal,Acessórios de Treino,Acessórios - Série D,Prancha Máquina Abdominal - Código: D-016,https://commanderbrasil.com.br/wp-content/uploads/2025/12/D016-d-2.jpeg,https://commanderbrasil.com.br/wp-content/uploads/2025/12/D016-d-2.jpeg,https://commanderbrasil.com.br/catalogo/prancha-abdominal-d016/
2653,C044,Prancha Bíceps,Bíceps,Acessórios - Série C,Prancha de Bíceps - Código: C-044,https://commanderbrasil.com.br/wp-content/uploads/2025/12/C-044-c-2.jpeg,https://commanderbrasil.com.br/wp-content/uploads/2025/12/C-044-c-2.jpeg,https://commanderbrasil.com.br/catalogo/prancha-de-biceps-c044/
1009680,QHSJ165,Prancha de Equilíbrio Madeira,-,Acessórios - QHSJ Yoga,,https://commanderbrasil.com.br/wp-content/uploads/2025/12/QH-SJ165-bgbranco.webp,https://commanderbrasil.com.br/wp-content/uploads/2025/12/QH-SJ165-bgbranco.webp | https://commanderbrasil.com.br/wp-content/uploads/2025/12/QH-SJ165-ambientadas.webp,https://commanderbrasil.com.br/catalogo/wooden-balance-board-qhsj165/
1009676,QHSJ164,Prancha de Equilíbrio Multifuncional,Multi-Estações,Acessórios - QHSJ Yoga,,https://commanderbrasil.com.br/wp-content/uploads/2025/12/QH-SJ164-bgbranco.webp,https://commanderbrasil.com.br/wp-content/uploads/2025/12/QH-SJ164-bgbranco.webp | https://commanderbrasil.com.br/wp-content/uploads/2025/12/QH-SJ164-ambientadas.webp,https://commanderbrasil.com.br/catalogo/multi-function-balance-board-qhsj164/
1009178,QHSJ100,Prancha de Escalada,-,Acessórios - QHSJ Barras,,https://commanderbrasil.com.br/wp-content/uploads/2025/12/QHSJ100-bgbranco.webp,https://commanderbrasil.com.br/wp-content/uploads/2025/12/QHSJ100-bgbranco.webp | https://commanderbrasil.com.br/wp-content/uploads/2025/12/QHSJ100-ambientada.webp,https://commanderbrasil.com.br/catalogo/climbing-board-qhsj100/
2659,C050,Prancha Equilíbrio,Acessórios de Treino,Acessórios - Série C,Prancha de Balance - Código: C-050,https://commanderbrasil.com.br/wp-content/uploads/2025/12/C-050-c-2.jpeg,https://commanderbrasil.com.br/wp-content/uploads/2025/12/C-050-c-2.jpeg,https://commanderbrasil.com.br/catalogo/prancha-de-equilibrio-c050/
2661,C052,Prancha Equilíbrio Madeira,Acessórios de Treino,Acessórios - Série C,Prancha de Balance de Madeira - Código: C-052,https://commanderbrasil.com.br/wp-content/uploads/2025/12/C-052-c-2.jpeg,https://commanderbrasil.com.br/wp-content/uploads/2025/12/C-052-c-2.jpeg,https://commanderbrasil.com.br/catalogo/prancha-de-equilibrio-de-madeira-c052/
2660,C051,Prancha Equilíbrio Multifuncional,Acessórios de Treino,Acessórios - Série C,Prancha de Balance Multifunctional - Código: C-051,https://commanderbrasil.com.br/wp-content/uploads/2025/12/C-051-c-2.jpeg,https://commanderbrasil.com.br/wp-content/uploads/2025/12/C-051-c-2.jpeg,https://commanderbrasil.com.br/catalogo/prancha-de-equilibrio-multifuncional-c051/
1009091,QHSJ78,Precor,-,Acessórios - QHSJ Pesos,,https://commanderbrasil.com.br/wp-content/uploads/2025/12/QHSJ78-bgbranco.webp,https://commanderbrasil.com.br/wp-content/uploads/2025/12/QHSJ78-bgbranco.webp | https://commanderbrasil.com.br/wp-content/uploads/2025/12/QHSJ78-ambientada.webp,https://commanderbrasil.com.br/catalogo/precor-qhsj78/
156,GM55,Prensa de Glúteos,Quadril e Glúteos,Equipamentos - Série GM,,https://commanderbrasil.com.br/wp-content/uploads/2025/12/GM55-bgbranco-2.webp,https://commanderbrasil.com.br/wp-content/uploads/2025/12/GM55-bgbranco-2.webp | https://commanderbrasil.com.br/wp-content/uploads/2025/12/GM55-ambientadas-2.webp,https://commanderbrasil.com.br/catalogo/gluteo-press-gm55/
1009158,QHSJ95,Presilha Alumínio,-,Acessórios - QHSJ Barras,,https://commanderbrasil.com.br/wp-content/uploads/2025/12/QHSJ95-bgbranco.webp,https://commanderbrasil.com.br/wp-content/uploads/2025/12/QHSJ95-bgbranco.webp | https://commanderbrasil.com.br/wp-content/uploads/2025/12/QHSJ95-ambientada.webp,https://commanderbrasil.com.br/catalogo/aluminum-collar-qhsj95/
1009162,QHSJ96,Presilha Nylon,-,Acessórios - QHSJ Barras,,https://commanderbrasil.com.br/wp-content/uploads/2025/12/QHSJ96-bgbranco.webp,https://commanderbrasil.com.br/wp-content/uploads/2025/12/QHSJ96-bgbranco.webp | https://commanderbrasil.com.br/wp-content/uploads/2025/12/QHSJ96-ambientada.webp,https://commanderbrasil.com.br/catalogo/nylon-collar-qhsj96/
2995,F048,Protetor de Virilha,Acessórios de Treino,Acessórios - Série F,Protetor de Virilha - Código: F-048,https://commanderbrasil.com.br/wp-content/uploads/2025/12/F048-f-1.jpeg,https://commanderbrasil.com.br/wp-content/uploads/2025/12/F048-f-1.jpeg,https://commanderbrasil.com.br/catalogo/protetor-de-virilha-f048/
2957,F010,Pular Corda Comum,Cordas de Pular,Acessórios - Série F,Jump Rope Comum - Código: F-010,https://commanderbrasil.com.br/wp-content/uploads/2025/12/F010-f-1.jpeg,https://commanderbrasil.com.br/wp-content/uploads/2025/12/F010-f-1.jpeg,https://commanderbrasil.com.br/catalogo/corda-de-pular-comum-f010/
2956,F009,Pular Corda Velocidade,Cordas de Pular,Acessórios - Série F,Jump Rope Speed - Código: F-009,https://commanderbrasil.com.br/wp-content/uploads/2025/12/F009-f-1.jpeg,https://commanderbrasil.com.br/wp-content/uploads/2025/12/F009-f-1.jpeg,https://commanderbrasil.com.br/catalogo/corda-de-pular-velocidade-f009/
1296,SH68,Pullover,Outras Anilhadas,Equipamentos - Série SH,,https://commanderbrasil.com.br/wp-content/uploads/2025/12/SH68-bgbranco-2.webp,https://commanderbrasil.com.br/wp-content/uploads/2025/12/SH68-bgbranco-2.webp | https://commanderbrasil.com.br/wp-content/uploads/2025/12/SH68-ambientadas-2.webp,https://commanderbrasil.com.br/catalogo/pullover-sh68/
848,B1035,Puxada,Puxada Alta,Equipamentos - Série B,,https://commanderbrasil.com.br/wp-content/uploads/2025/12/B1035-1-2.webp,https://commanderbrasil.com.br/wp-content/uploads/2025/12/B1035-1-2.webp | https://commanderbrasil.com.br/wp-content/uploads/2025/12/B1035-2-2.webp,https://commanderbrasil.com.br/catalogo/pulldown-b1035/
1390,GM76,Puxada,Puxada Alta,Equipamentos - Série GM,,https://commanderbrasil.com.br/wp-content/uploads/2025/12/GM76-bgbranco-2.webp,https://commanderbrasil.com.br/wp-content/uploads/2025/12/GM76-bgbranco-2.webp | https://commanderbrasil.com.br/wp-content/uploads/2025/12/GM76-ambientadas-2.webp,https://commanderbrasil.com.br/catalogo/puxada-gm76/
1391,GM76A,Puxada,Puxada Alta,Equipamentos - Série GM,,https://commanderbrasil.com.br/wp-content/uploads/2025/12/GM76A-bgbranco-2.webp,https://commanderbrasil.com.br/wp-content/uploads/2025/12/GM76A-bgbranco-2.webp | https://commanderbrasil.com.br/wp-content/uploads/2025/12/GM76A-ambientadas-2.webp,https://commanderbrasil.com.br/catalogo/puxada-gm76a/
1266,SH27,Puxada Aberta ISO-Lateral,Puxada Alta,Equipamentos - Série SH,,https://commanderbrasil.com.br/wp-content/uploads/2025/12/SH27-bgbranco-2.webp,https://commanderbrasil.com.br/wp-content/uploads/2025/12/SH27-bgbranco-2.webp | https://commanderbrasil.com.br/wp-content/uploads/2025/12/SH27-ambientadas-2.webp,https://commanderbrasil.com.br/catalogo/puxada-aberta-iso-lateral-sh27/
1371,GM42,Puxada Alta,Puxada Alta,Equipamentos - Série GM,,https://commanderbrasil.com.br/wp-content/uploads/2025/12/GM42-bgbranco-2.webp,https://commanderbrasil.com.br/wp-content/uploads/2025/12/GM42-bgbranco-2.webp | https://commanderbrasil.com.br/wp-content/uploads/2025/12/GM42-ambientadas-2.webp,https://commanderbrasil.com.br/catalogo/lat-pulldown-gm42/
1416,JS02,Puxada Alta,Puxada Alta,Equipamentos - Série GM,,https://commanderbrasil.com.br/wp-content/uploads/2025/12/CMD-JS02-2.webp,https://commanderbrasil.com.br/wp-content/uploads/2025/12/CMD-JS02-2.webp,https://commanderbrasil.com.br/catalogo/lat-pulldown-js02/
906,CMDFL03,Puxada Alta,Puxada Alta,Equipamentos - Série 360,,https://commanderbrasil.com.br/wp-content/uploads/2025/12/CMD-FL03-bgbranco-1.webp,https://commanderbrasil.com.br/wp-content/uploads/2025/12/CMD-FL03-bgbranco-1.webp | https://commanderbrasil.com.br/wp-content/uploads/2025/12/CMD-FL03-ambientadas-1.webp,https://commanderbrasil.com.br/catalogo/lat-pulldown-cmdfl03/
1004691,PM06,Puxada Alta,Puxada Alta,Equipamentos - Série PM,,https://commanderbrasil.com.br/wp-content/uploads/2025/12/PM06-bgbranco.webp,https://commanderbrasil.com.br/wp-content/uploads/2025/12/PM06-bgbranco.webp | https://commanderbrasil.com.br/wp-content/uploads/2025/12/PM06-ambientadas.webp,https://commanderbrasil.com.br/catalogo/puxada-alta-pm06/
1429,LB610,Puxada Alta,Puxada Alta,Equipamentos - Série LB,,https://commanderbrasil.com.br/wp-content/uploads/2025/12/LB610-bgbranco-2.webp,https://commanderbrasil.com.br/wp-content/uploads/2025/12/LB610-bgbranco-2.webp | https://commanderbrasil.com.br/wp-content/uploads/2025/12/LB610-3-2.webp,https://commanderbrasil.com.br/catalogo/lat-pulldown-lb610/
299,VS18,Puxada Alta com Remada,Puxada Alta,Equipamentos - Série VS,,https://commanderbrasil.com.br/wp-content/uploads/2025/12/CMD-VS18-1.png,https://commanderbrasil.com.br/wp-content/uploads/2025/12/CMD-VS18-1.png | https://commanderbrasil.com.br/wp-content/uploads/2025/12/CMD-VS18-2.webp | https://commanderbrasil.com.br/wp-content/uploads/2025/12/CMD-VS18-1-1.webp,https://commanderbrasil.com.br/catalogo/lat-pulldown-com-remada-vs18/
1602,CBP038,Puxada Alta Convergente,Puxada Alta,Equipamentos - Série CBP,,https://commanderbrasil.com.br/wp-content/uploads/2025/12/CBP038-bgbranco-bgbranco-1.webp,https://commanderbrasil.com.br/wp-content/uploads/2025/12/CBP038-bgbranco-bgbranco-1.webp | https://commanderbrasil.com.br/wp-content/uploads/2025/12/CBP038-ambientadas-ambientadas-1.webp,https://commanderbrasil.com.br/catalogo/puxada-alta-convergente-cbp038/
300,VS20,Puxada Alta em Pé com Remada Baixa,Puxada Alta,Equipamentos - Série VS,,https://commanderbrasil.com.br/wp-content/uploads/2025/12/CMD-VS20-1.png,https://commanderbrasil.com.br/wp-content/uploads/2025/12/CMD-VS20-1.png | https://commanderbrasil.com.br/wp-content/uploads/2025/12/CMD-VS20-2.webp | https://commanderbrasil.com.br/wp-content/uploads/2025/12/CMD-VS20-1-1.webp,https://commanderbrasil.com.br/catalogo/lat-pulldown-em-pe-com-remada-baixa-vs20/
1004699,PM15,Puxada Alta ISO,Puxada Alta,Equipamentos - Série PM,,https://commanderbrasil.com.br/wp-content/uploads/2025/12/PM15-bgbranco.webp,https://commanderbrasil.com.br/wp-content/uploads/2025/12/PM15-bgbranco.webp | https://commanderbrasil.com.br/wp-content/uploads/2025/12/PM15-ambientadas.webp,https://commanderbrasil.com.br/catalogo/puxada-alta-iso-pm15/
1255,SH16,Puxada Alta ISO-Lateral,Puxada Alta,Equipamentos - Série SH,,https://commanderbrasil.com.br/wp-content/uploads/2025/12/SH16-bgbranco-2.webp,https://commanderbrasil.com.br/wp-content/uploads/2025/12/SH16-bgbranco-2.webp | https://commanderbrasil.com.br/wp-content/uploads/2025/12/SH16-ambientadas-2.webp,https://commanderbrasil.com.br/catalogo/puxada-alta-iso-lateral-sh16/
1445,LB626,Puxada Anilhada,Puxada Alta,Equipamentos - Série LB,,https://commanderbrasil.com.br/wp-content/uploads/2025/12/LB626-bgbranco-2.webp,https://commanderbrasil.com.br/wp-content/uploads/2025/12/LB626-bgbranco-2.webp | https://commanderbrasil.com.br/wp-content/uploads/2025/12/LB626-2-2.webp,https://commanderbrasil.com.br/catalogo/puxada-maquina-anilhada-lb626/
882,B1110,Puxada com Remada,Puxada Alta,Equipamentos - Série B,,https://commanderbrasil.com.br/wp-content/uploads/2025/12/B1110-1-2.webp,https://commanderbrasil.com.br/wp-content/uploads/2025/12/B1110-1-2.webp | https://commanderbrasil.com.br/wp-content/uploads/2025/12/B1110-2-2.webp,https://commanderbrasil.com.br/catalogo/pulldown-com-remada-b1110/
917,D920,Puxada Down,Puxada Alta,Equipamentos - Série D,,https://commanderbrasil.com.br/wp-content/uploads/2025/12/CMD-D920-cmd-d-series-2.png,https://commanderbrasil.com.br/wp-content/uploads/2025/12/CMD-D920-cmd-d-series-2.png | https://commanderbrasil.com.br/wp-content/uploads/2025/12/CMD-D920-2.webp,https://commanderbrasil.com.br/catalogo/pull-down-d920/
980,LBF06,Puxada Down Articulado,Puxada Alta,Equipamentos - Série LB-F,,https://commanderbrasil.com.br/wp-content/uploads/2025/12/LB-F06-bgbranco-2.webp,https://commanderbrasil.com.br/wp-content/uploads/2025/12/LB-F06-bgbranco-2.webp | https://commanderbrasil.com.br/wp-content/uploads/2025/12/LB-F06-ambientadas-2.webp,https://commanderbrasil.com.br/catalogo/pull-down-articulado-lbf06/
981,LBF07,Puxada Down Articulado,Puxada Alta,Equipamentos - Série LB-F,,https://commanderbrasil.com.br/wp-content/uploads/2025/12/LB-F07-bgbranco-2.webp,https://commanderbrasil.com.br/wp-content/uploads/2025/12/LB-F07-bgbranco-2.webp | https://commanderbrasil.com.br/wp-content/uploads/2025/12/LB-F07-ambientadas-2.webp,https://commanderbrasil.com.br/catalogo/pull-down-articulado-lbf07/
1000,LBF26,Puxada Down e Remada Baixa,Puxada Alta,Equipamentos - Série LB-F,,https://commanderbrasil.com.br/wp-content/uploads/2025/12/LB-F26-bgbranco-2.webp,https://commanderbrasil.com.br/wp-content/uploads/2025/12/LB-F26-bgbranco-2.webp | https://commanderbrasil.com.br/wp-content/uploads/2025/12/LB-F26-ambientadas-2.webp,https://commanderbrasil.com.br/catalogo/pull-down-e-remada-baixa-lbf26/
1086,CBS010,Puxada Duplo Sentado Super,Puxada Alta,Equipamentos - Série CBS,,https://commanderbrasil.com.br/wp-content/uploads/2025/12/CBS010-bgbranco-2.webp,https://commanderbrasil.com.br/wp-content/uploads/2025/12/CBS010-bgbranco-2.webp | https://commanderbrasil.com.br/wp-content/uploads/2025/12/CBS010-ambientadas-2.webp,https://commanderbrasil.com.br/catalogo/pulldown-duplo-sentado-super-cbs010/
1415,JS03,Puxada Sentado,Puxada Alta,Equipamentos - Série GM,,https://commanderbrasil.com.br/wp-content/uploads/2025/12/CMD-JS03-2.webp,https://commanderbrasil.com.br/wp-content/uploads/2025/12/CMD-JS03-2.webp,https://commanderbrasil.com.br/catalogo/puxada-sentada-js03/
1411,GT03,Puxada Tesoura,Outros Cardio,Equipamentos - Série GT,,https://commanderbrasil.com.br/wp-content/uploads/2025/12/GT03-bgbranco-2.webp,https://commanderbrasil.com.br/wp-content/uploads/2025/12/GT03-bgbranco-2.webp | https://commanderbrasil.com.br/wp-content/uploads/2025/12/GT03-ambientadas-2.webp,https://commanderbrasil.com.br/catalogo/puxada-tesoura-gt03/
1412,GT04,Puxada Tesoura,Outros Cardio,Equipamentos - Série GT,,https://commanderbrasil.com.br/wp-content/uploads/2025/12/GT04-bgbranco-2.webp,https://commanderbrasil.com.br/wp-content/uploads/2025/12/GT04-bgbranco-2.webp | https://commanderbrasil.com.br/wp-content/uploads/2025/12/GT04-ambientadas-2.webp,https://commanderbrasil.com.br/catalogo/puxada-tesoura-gt04/
925,D960,Puxada Tríceps,Puxada Alta,Equipamentos - Série D,,https://commanderbrasil.com.br/wp-content/uploads/2025/12/CMD-D960-cmd-d-series-2.png,https://commanderbrasil.com.br/wp-content/uploads/2025/12/CMD-D960-cmd-d-series-2.png | https://commanderbrasil.com.br/wp-content/uploads/2025/12/CMD-D960-2.webp,https://commanderbrasil.com.br/catalogo/puxada-triceps-d960/
1435,LB616,Quadril,Outras Máquinas,Equipamentos - Série LB,,https://commanderbrasil.com.br/wp-content/uploads/2025/12/LB616-bgbranco-2.webp,https://commanderbrasil.com.br/wp-content/uploads/2025/12/LB616-bgbranco-2.webp | https://commanderbrasil.com.br/wp-content/uploads/2025/12/LB616-2-2.webp,https://commanderbrasil.com.br/catalogo/quadril-lb616/
1009708,QHSJ173,Quadro de Avaliação Postural,-,Acessórios - QHSJ Yoga,,https://commanderbrasil.com.br/wp-content/uploads/2025/12/QH-SJ173-bgbranco.webp,https://commanderbrasil.com.br/wp-content/uploads/2025/12/QH-SJ173-bgbranco.webp | https://commanderbrasil.com.br/wp-content/uploads/2025/12/QH-SJ173-ambientadas.webp,https://commanderbrasil.com.br/catalogo/posture-assessment-chart-qhsj173/
1009344,QHSJ187,Rebatedor de Medicine Ball,Medicine Balls,Acessórios - QHSJ Treino,,https://commanderbrasil.com.br/wp-content/uploads/2025/12/QH-SJ187-bgbranco.webp,https://commanderbrasil.com.br/wp-content/uploads/2025/12/QH-SJ187-bgbranco.webp | https://commanderbrasil.com.br/wp-content/uploads/2025/12/QH-SJ187-ambientadas.webp,https://commanderbrasil.com.br/catalogo/medicine-ball-rebounder-qhsj187/
1009668,QHSJ162,Rede de Yoga Aéreo,Tapetes e Yoga,Acessórios - QHSJ Yoga,,https://commanderbrasil.com.br/wp-content/uploads/2025/12/QH-SJ162-bgbranco.webp,https://commanderbrasil.com.br/wp-content/uploads/2025/12/QH-SJ162-bgbranco.webp | https://commanderbrasil.com.br/wp-content/uploads/2025/12/QH-SJ162-ambientadas.webp,https://commanderbrasil.com.br/catalogo/aerial-yoga-hammock-qhsj162/
918,D925,Remada,Outras Máquinas,Equipamentos - Série D,,https://commanderbrasil.com.br/wp-content/uploads/2025/12/CMD-D925-cmd-d-series-2.png,https://commanderbrasil.com.br/wp-content/uploads/2025/12/CMD-D925-cmd-d-series-2.png | https://commanderbrasil.com.br/wp-content/uploads/2025/12/CMD-D925-2.webp,https://commanderbrasil.com.br/catalogo/remada-d925/
1000129,LBF08,Remada,Remadas,Equipamentos - Série LB-F,,https://commanderbrasil.com.br/wp-content/uploads/2025/12/LB-F08-bgbranco-2.webp,https://commanderbrasil.com.br/wp-content/uploads/2025/12/LB-F08-bgbranco-2.webp | https://commanderbrasil.com.br/wp-content/uploads/2025/12/LB-F08-ambientadas-2.webp,https://commanderbrasil.com.br/catalogo/remada-lbf08/
1538,LBE35,Remada Água,Outros Cardio,Equipamentos - Série LB-E,,https://commanderbrasil.com.br/wp-content/uploads/2025/12/LB-E35-bgbranco-1.webp,https://commanderbrasil.com.br/wp-content/uploads/2025/12/LB-E35-bgbranco-1.webp | https://commanderbrasil.com.br/wp-content/uploads/2025/12/LB-E35-ambientadas-1.webp,https://commanderbrasil.com.br/catalogo/remada-agua-lbe35/
1528,LBE26,Remada Água Madeira,Outros Cardio,Equipamentos - Série LB-E,,https://commanderbrasil.com.br/wp-content/uploads/2025/12/LB-E26-bgbranco-1.webp,https://commanderbrasil.com.br/wp-content/uploads/2025/12/LB-E26-bgbranco-1.webp | https://commanderbrasil.com.br/wp-content/uploads/2025/12/LB-E26-ambientadas-1.webp,https://commanderbrasil.com.br/catalogo/remada-agua-madeira-lbe26/
1605,CBP041,Remada Alta,Rigs,Equipamentos - Série CBP,,https://commanderbrasil.com.br/wp-content/uploads/2025/12/CBP041-bgbranco-bgbranco-1.webp,https://commanderbrasil.com.br/wp-content/uploads/2025/12/CBP041-bgbranco-bgbranco-1.webp | https://commanderbrasil.com.br/wp-content/uploads/2025/12/CBP041-ambientadas-ambientadas-1.webp,https://commanderbrasil.com.br/catalogo/remada-alta-cbp041/
1096,CBS051,Remada Alta,Rigs,Equipamentos - Série CBS,,https://commanderbrasil.com.br/wp-content/uploads/2025/12/CBS051-bgbranco-2.webp,https://commanderbrasil.com.br/wp-content/uploads/2025/12/CBS051-bgbranco-2.webp | https://commanderbrasil.com.br/wp-content/uploads/2025/12/CBS051-ambientadas-2.webp,https://commanderbrasil.com.br/catalogo/remada-alta-cbs051/
1243,SH02,Remada Alta ISO-Lateral,Remadas,Equipamentos - Série SH,,https://commanderbrasil.com.br/wp-content/uploads/2025/12/SH02-bgbranco-2.webp,https://commanderbrasil.com.br/wp-content/uploads/2025/12/SH02-bgbranco-2.webp | https://commanderbrasil.com.br/wp-content/uploads/2025/12/SH02-ambientadas-2.webp,https://commanderbrasil.com.br/catalogo/remada-alta-iso-lateral-sh02/
1646,CBP080,Remada Alta Super,Rigs,Equipamentos - Série CBP,,https://commanderbrasil.com.br/wp-content/uploads/2025/12/CBP080-bgbranco-2.webp,https://commanderbrasil.com.br/wp-content/uploads/2025/12/CBP080-bgbranco-2.webp | https://commanderbrasil.com.br/wp-content/uploads/2025/12/CBP080-ambientadas-2.webp,https://commanderbrasil.com.br/catalogo/remada-alta-super-cbp080/
302,VS22,Remada Baixa,Remada Sentada,Equipamentos - Série VS,,,,https://commanderbrasil.com.br/catalogo/remada-baixa-vs22/
1004675,B1033,Remada Baixa,Remada Sentada,Equipamentos - Série B,,https://commanderbrasil.com.br/wp-content/uploads/2025/12/B1033-bgbranco.webp,https://commanderbrasil.com.br/wp-content/uploads/2025/12/B1033-bgbranco.webp,https://commanderbrasil.com.br/catalogo/remada-baixa-b1033/
1000145,LBF23,Remada Baixa,Remadas,Equipamentos - Série LB-F,,https://commanderbrasil.com.br/wp-content/uploads/2025/12/LB-F23-bgbranco-2.webp,https://commanderbrasil.com.br/wp-content/uploads/2025/12/LB-F23-bgbranco-2.webp | https://commanderbrasil.com.br/wp-content/uploads/2025/12/LB-F23-ambientadas-2.webp,https://commanderbrasil.com.br/catalogo/remada-baixa-lbf23/
1252,SH13,Remada Baixa ISO-Lateral,Remadas,Equipamentos - Série SH,,https://commanderbrasil.com.br/wp-content/uploads/2025/12/SH13-bgbranco-2.webp,https://commanderbrasil.com.br/wp-content/uploads/2025/12/SH13-bgbranco-2.webp | https://commanderbrasil.com.br/wp-content/uploads/2025/12/SH13-ambientadas-2.webp,https://commanderbrasil.com.br/catalogo/remada-baixa-iso-lateral-sh13/
1264,SH25,Remada Baixa ISO-Lateral,Remadas,Equipamentos - Série SH,,https://commanderbrasil.com.br/wp-content/uploads/2025/12/SH25-bgbranco-2.webp,https://commanderbrasil.com.br/wp-content/uploads/2025/12/SH25-bgbranco-2.webp | https://commanderbrasil.com.br/wp-content/uploads/2025/12/SH25-ambientadas-2.webp,https://commanderbrasil.com.br/catalogo/remada-baixa-iso-lateral-sh25/
1603,CBP039,Remada Baixa Super,Remadas,Equipamentos - Série CBP,,https://commanderbrasil.com.br/wp-content/uploads/2025/12/CBP039-bgbranco-bgbranco-1.webp,https://commanderbrasil.com.br/wp-content/uploads/2025/12/CBP039-bgbranco-bgbranco-1.webp | https://commanderbrasil.com.br/wp-content/uploads/2025/12/CBP039-ambientadas-ambientadas-1.webp,https://commanderbrasil.com.br/catalogo/remada-baixa-super-cbp039/
1100,CBS054,Remada Baixa Super,Remadas,Equipamentos - Série CBS,,https://commanderbrasil.com.br/wp-content/uploads/2025/12/CBS054-bgbranco-2.webp,https://commanderbrasil.com.br/wp-content/uploads/2025/12/CBS054-bgbranco-2.webp | https://commanderbrasil.com.br/wp-content/uploads/2025/12/CBS054-ambientadas-2.webp,https://commanderbrasil.com.br/catalogo/remada-baixa-super-cbs054/
1648,CBP082,Remada Baixa Super,Remadas,Equipamentos - Série CBP,,https://commanderbrasil.com.br/wp-content/uploads/2025/12/CBP082-bgbranco-2.webp,https://commanderbrasil.com.br/wp-content/uploads/2025/12/CBP082-bgbranco-2.webp | https://commanderbrasil.com.br/wp-content/uploads/2025/12/CBP082-ambientadas-2.webp,https://commanderbrasil.com.br/catalogo/remada-baixa-super-cbp082/
1650,CBP084,Remada Circular Super,Remadas,Equipamentos - Série CBP,,https://commanderbrasil.com.br/wp-content/uploads/2025/12/CBP084-bgbranco-2.webp,https://commanderbrasil.com.br/wp-content/uploads/2025/12/CBP084-bgbranco-2.webp | https://commanderbrasil.com.br/wp-content/uploads/2025/12/CBP084-ambientadas-2.webp,https://commanderbrasil.com.br/catalogo/remada-circular-super-cbp084/
1651,CBP085,Remada com Barra T,Remadas,Equipamentos - Série CBP,,https://commanderbrasil.com.br/wp-content/uploads/2025/12/CBP085-bgbranco-2.webp,https://commanderbrasil.com.br/wp-content/uploads/2025/12/CBP085-bgbranco-2.webp | https://commanderbrasil.com.br/wp-content/uploads/2025/12/CBP085-ambientadas-2.webp,https://commanderbrasil.com.br/catalogo/remada-com-barra-em-t-cbp085/
1004678,B1061,Remada Curvada Máquina,Remadas,Equipamentos - Série B,,https://commanderbrasil.com.br/wp-content/uploads/2025/12/B1061-bgbranco.webp,https://commanderbrasil.com.br/wp-content/uploads/2025/12/B1061-bgbranco.webp,https://commanderbrasil.com.br/catalogo/remada-curvada-maquina-b1061/
1604,CBP040,Remada De Potência Super,Remadas,Equipamentos - Série CBP,,https://commanderbrasil.com.br/wp-content/uploads/2025/12/CBP040-bgbranco-bgbranco-1.webp,https://commanderbrasil.com.br/wp-content/uploads/2025/12/CBP040-bgbranco-bgbranco-1.webp | https://commanderbrasil.com.br/wp-content/uploads/2025/12/CBP040-ambientadas-ambientadas-1.webp,https://commanderbrasil.com.br/catalogo/remada-de-potencia-super-cbp040/
1647,CBP081,Remada Força Super,Remadas,Equipamentos - Série CBP,,https://commanderbrasil.com.br/wp-content/uploads/2025/12/CBP081-bgbranco-2.webp,https://commanderbrasil.com.br/wp-content/uploads/2025/12/CBP081-bgbranco-2.webp | https://commanderbrasil.com.br/wp-content/uploads/2025/12/CBP081-ambientadas-2.webp,https://commanderbrasil.com.br/catalogo/remada-de-forca-super-cbp081/
919,D930,Remada Inclinada,Outras Máquinas,Equipamentos - Série D,,https://commanderbrasil.com.br/wp-content/uploads/2025/12/CMD-D930-cmd-d-series-2.png,https://commanderbrasil.com.br/wp-content/uploads/2025/12/CMD-D930-cmd-d-series-2.png | https://commanderbrasil.com.br/wp-content/uploads/2025/12/CMD-D930-2.webp,https://commanderbrasil.com.br/catalogo/remada-inclinada-d930/
1247,SH06,Remada ISO-Lateral,Remadas,Equipamentos - Série SH,,https://commanderbrasil.com.br/wp-content/uploads/2025/12/SH06-bgbranco-2.webp,https://commanderbrasil.com.br/wp-content/uploads/2025/12/SH06-bgbranco-2.webp | https://commanderbrasil.com.br/wp-content/uploads/2025/12/SH06-ambientadas-2.webp,https://commanderbrasil.com.br/catalogo/remada-iso-lateral-sh06/
1529,LBE27,Remada Leque,Outros Cardio,Equipamentos - Série LB-E,,https://commanderbrasil.com.br/wp-content/uploads/2025/12/LB-E27-bgbranco-1.webp,https://commanderbrasil.com.br/wp-content/uploads/2025/12/LB-E27-bgbranco-1.webp | https://commanderbrasil.com.br/wp-content/uploads/2025/12/LB-E27-ambientadas-1.webp,https://commanderbrasil.com.br/catalogo/remada-leque-lbe27/
200,GM114,Remada Máquina,Remadas,Equipamentos - Série GM,,https://commanderbrasil.com.br/wp-content/uploads/2025/12/GM114-bgbranco-2.webp,https://commanderbrasil.com.br/wp-content/uploads/2025/12/GM114-bgbranco-2.webp | https://commanderbrasil.com.br/wp-content/uploads/2025/12/GM114-ambientadas-2.webp,https://commanderbrasil.com.br/catalogo/remada-maquina-gm114/
1309,SH90,Remada Remada T,Remada T,Equipamentos - Série SH,,https://commanderbrasil.com.br/wp-content/uploads/2025/12/SH90-bgbranco-2.webp,https://commanderbrasil.com.br/wp-content/uploads/2025/12/SH90-bgbranco-2.webp | https://commanderbrasil.com.br/wp-content/uploads/2025/12/SH90-ambientadas-2.webp,https://commanderbrasil.com.br/catalogo/remada-t-bar-sh90/
283,VS02,Remada Sentada,Remada Sentada,Equipamentos - Série VS,,https://commanderbrasil.com.br/wp-content/uploads/2025/12/CMD-VS02-1.png,https://commanderbrasil.com.br/wp-content/uploads/2025/12/CMD-VS02-1.png | https://commanderbrasil.com.br/wp-content/uploads/2025/12/CMD-VS02-2.webp | https://commanderbrasil.com.br/wp-content/uploads/2025/12/CMD-VS02-1-1.webp,https://commanderbrasil.com.br/catalogo/remada-sentada-vs02/
847,B1034,Remada Sentada,Remadas,Equipamentos - Série B,,https://commanderbrasil.com.br/wp-content/uploads/2025/12/B1034-bgbranco-1.webp,https://commanderbrasil.com.br/wp-content/uploads/2025/12/B1034-bgbranco-1.webp,https://commanderbrasil.com.br/catalogo/remada-sentada-b1034/
1372,GM43,Remada Sentada,Remada Sentada,Equipamentos - Série GM,,https://commanderbrasil.com.br/wp-content/uploads/2025/12/GM43-bgbranco-2.webp,https://commanderbrasil.com.br/wp-content/uploads/2025/12/GM43-bgbranco-2.webp | https://commanderbrasil.com.br/wp-content/uploads/2025/12/GM43-ambientadas-2.webp,https://commanderbrasil.com.br/catalogo/remada-sentada-gm43/
905,CMDFL02,Remada Sentada,Remada Sentada,Equipamentos - Série 360,,https://commanderbrasil.com.br/wp-content/uploads/2025/12/CMD-FL02-bgbranco-1.webp,https://commanderbrasil.com.br/wp-content/uploads/2025/12/CMD-FL02-bgbranco-1.webp | https://commanderbrasil.com.br/wp-content/uploads/2025/12/CMD-FL02-ambientadas-1.webp,https://commanderbrasil.com.br/catalogo/remada-sentada-cmdfl02/
1421,LB602,Remada Sentada,Remada Sentada,Equipamentos - Série LB,,https://commanderbrasil.com.br/wp-content/uploads/2025/12/LB602-bgbranco-2.webp,https://commanderbrasil.com.br/wp-content/uploads/2025/12/LB602-bgbranco-2.webp | https://commanderbrasil.com.br/wp-content/uploads/2025/12/LB602-4-2.webp,https://commanderbrasil.com.br/catalogo/remada-sentada-lb602/
910,GK06,Remada Sentada,Remada Sentada,Equipamentos - Série B,,https://commanderbrasil.com.br/wp-content/uploads/2025/12/GK06-bgbranco-2.webp,https://commanderbrasil.com.br/wp-content/uploads/2025/12/GK06-bgbranco-2.webp | https://commanderbrasil.com.br/wp-content/uploads/2025/12/GK06-ambientadas-2.webp,https://commanderbrasil.com.br/catalogo/remada-sentada-gk06/
1004696,PM12,Remada Sentada,Remada Sentada,Equipamentos - Série PM,,https://commanderbrasil.com.br/wp-content/uploads/2025/12/PM12-bgbranco.webp,https://commanderbrasil.com.br/wp-content/uploads/2025/12/PM12-bgbranco.webp | https://commanderbrasil.com.br/wp-content/uploads/2025/12/PM12-ambientadas.webp,https://commanderbrasil.com.br/catalogo/remada-sentada-pm12/
1451,LB632,Remada Sentada Anilhada,Remadas,Equipamentos - Série LB,,https://commanderbrasil.com.br/wp-content/uploads/2025/12/LB632-bgbranco-2.webp,https://commanderbrasil.com.br/wp-content/uploads/2025/12/LB632-bgbranco-2.webp | https://commanderbrasil.com.br/wp-content/uploads/2025/12/LB632-2-2.webp,https://commanderbrasil.com.br/catalogo/remada-sentada-maquina-anilhada-lb632/
912,GK03,Remada Sentada Múltiplas Pegadas,Remada Sentada,Equipamentos - Série B,,https://commanderbrasil.com.br/wp-content/uploads/2025/12/GK03-bgbranco-2.webp,https://commanderbrasil.com.br/wp-content/uploads/2025/12/GK03-bgbranco-2.webp | https://commanderbrasil.com.br/wp-content/uploads/2025/12/GK03-ambientadas-2.webp,https://commanderbrasil.com.br/catalogo/remada-sentada-multiplas-pegadas-gk03/
1601,CBP037,Remada Super,Remadas,Equipamentos - Série CBP,,https://commanderbrasil.com.br/wp-content/uploads/2025/12/CBP037-bgbranco-bgbranco-1.webp,https://commanderbrasil.com.br/wp-content/uploads/2025/12/CBP037-bgbranco-bgbranco-1.webp | https://commanderbrasil.com.br/wp-content/uploads/2025/12/CBP037-ambientadas-ambientadas-1.webp,https://commanderbrasil.com.br/catalogo/remada-super-cbp037/
1649,CBP083,Remada Super,Remadas,Equipamentos - Série CBP,,https://commanderbrasil.com.br/wp-content/uploads/2025/12/CBP083-bgbranco-2.webp,https://commanderbrasil.com.br/wp-content/uploads/2025/12/CBP083-bgbranco-2.webp | https://commanderbrasil.com.br/wp-content/uploads/2025/12/CBP083-ambientadas-2.webp,https://commanderbrasil.com.br/catalogo/remada-super-cbp083/
1608,CBP044,Remada T,Remadas,Equipamentos - Série CBP,,https://commanderbrasil.com.br/wp-content/uploads/2025/12/CBP044-bgbranco-bgbranco-1.webp,https://commanderbrasil.com.br/wp-content/uploads/2025/12/CBP044-bgbranco-bgbranco-1.webp | https://commanderbrasil.com.br/wp-content/uploads/2025/12/CBP044-ambientadas-ambientadas-1.webp,https://commanderbrasil.com.br/catalogo/remada-t-bar-cbp044/
171,GM37,Remada T,Outras Máquinas,Equipamentos - Série GM,,https://commanderbrasil.com.br/wp-content/uploads/2025/12/GM37-bgbranco-2.webp,https://commanderbrasil.com.br/wp-content/uploads/2025/12/GM37-bgbranco-2.webp | https://commanderbrasil.com.br/wp-content/uploads/2025/12/GM37-ambientadas-2.webp,https://commanderbrasil.com.br/catalogo/remada-t-gm37/
247334,CBP079,Remada Tesoura Super,Remadas,Equipamentos - Série CBP,,https://commanderbrasil.com.br/wp-content/uploads/2025/12/CBP079-bgbranco-1.webp,https://commanderbrasil.com.br/wp-content/uploads/2025/12/CBP079-bgbranco-1.webp | https://commanderbrasil.com.br/wp-content/uploads/2025/12/CBP079-ambientadas-1.webp,https://commanderbrasil.com.br/catalogo/remada-tesoura-super-cbp079/
2984,F037,Ringue de Boxe Aterrissagem 4x4,Acessórios de Treino,Acessórios - Série F,Ring de Boxe Aterrissagem 4x4 - Código: F-037,https://commanderbrasil.com.br/wp-content/uploads/2025/12/F037-f-1.jpeg,https://commanderbrasil.com.br/wp-content/uploads/2025/12/F037-f-1.jpeg,https://commanderbrasil.com.br/catalogo/ring-de-boxe-aterrissagemx4-f037/
2985,F038,Ringue de Boxe Aterrissagem 5x5,Acessórios de Treino,Acessórios - Série F,Ring de Boxe Aterrissagem 5x5 - Código: F-038,https://commanderbrasil.com.br/wp-content/uploads/2025/12/F038-f-1.jpeg,https://commanderbrasil.com.br/wp-content/uploads/2025/12/F038-f-1.jpeg,https://commanderbrasil.com.br/catalogo/ring-de-boxe-aterrissagemx5-f038/
2986,F039,Ringue de Boxe Aterrissagem 6x6,Acessórios de Treino,Acessórios - Série F,Ring de Boxe Aterrissagem 6x6 - Código: F-039,https://commanderbrasil.com.br/wp-content/uploads/2025/12/F039-f-1.jpeg,https://commanderbrasil.com.br/wp-content/uploads/2025/12/F039-f-1.jpeg,https://commanderbrasil.com.br/catalogo/ring-de-boxe-aterrissagemx6-f039/
2987,F040,Ringue de Boxe Aterrissagem 7x7,Acessórios de Treino,Acessórios - Série F,Ring de Boxe Aterrissagem 7x7 - Código: F-040,https://commanderbrasil.com.br/wp-content/uploads/2025/12/F040-f-1.jpeg,https://commanderbrasil.com.br/wp-content/uploads/2025/12/F040-f-1.jpeg,https://commanderbrasil.com.br/catalogo/ring-de-boxe-aterrissagemx7-f040/
2988,F041,Ringue de Boxe Plataforma Alta 4x4,Acessórios de Treino,Acessórios - Série F,Ring de Boxe High Platform 4x4 - Código: F-041,https://commanderbrasil.com.br/wp-content/uploads/2025/12/F041-f-1.jpeg,https://commanderbrasil.com.br/wp-content/uploads/2025/12/F041-f-1.jpeg,https://commanderbrasil.com.br/catalogo/ring-de-boxe-plataforma-altax4-f041/
2989,F042,Ringue de Boxe Plataforma Alta 5x5,Acessórios de Treino,Acessórios - Série F,Ring de Boxe High Platform 5x5 - Código: F-042,https://commanderbrasil.com.br/wp-content/uploads/2025/12/F042-f-1.jpeg,https://commanderbrasil.com.br/wp-content/uploads/2025/12/F042-f-1.jpeg,https://commanderbrasil.com.br/catalogo/ring-de-boxe-plataforma-altax5-f042/
2990,F043,Ringue de Boxe Plataforma Alta 6x6,Acessórios de Treino,Acessórios - Série F,Ring de Boxe High Platform 6x6 - Código: F-043,https://commanderbrasil.com.br/wp-content/uploads/2025/12/F043-f-1.jpeg,https://commanderbrasil.com.br/wp-content/uploads/2025/12/F043-f-1.jpeg,https://commanderbrasil.com.br/catalogo/ring-de-boxe-plataforma-altax6-f043/
2991,F044,Ringue de Boxe Plataforma Alta 7x7,Acessórios de Treino,Acessórios - Série F,Ring de Boxe High Platform 7x7 - Código: F-044,https://commanderbrasil.com.br/wp-content/uploads/2025/12/F044-f-1.jpeg,https://commanderbrasil.com.br/wp-content/uploads/2025/12/F044-f-1.jpeg,https://commanderbrasil.com.br/catalogo/ring-de-boxe-plataforma-altax7-f044/
1009380,QHSJ196,Roda Abdominal,Máquinas Abdominais,Acessórios - QHSJ Treino,,https://commanderbrasil.com.br/wp-content/uploads/2025/12/QH-SJ196-bgbranco.webp,https://commanderbrasil.com.br/wp-content/uploads/2025/12/QH-SJ196-bgbranco.webp | https://commanderbrasil.com.br/wp-content/uploads/2025/12/QH-SJ196-ambientadas.webp,https://commanderbrasil.com.br/catalogo/ab-wheel-qhsj196/
1009376,QHSJ195,Roda Abdominal Dupla Função,Máquinas Abdominais,Acessórios - QHSJ Treino,,https://commanderbrasil.com.br/wp-content/uploads/2025/12/QH-SJ195-bgbranco.webp,https://commanderbrasil.com.br/wp-content/uploads/2025/12/QH-SJ195-bgbranco.webp | https://commanderbrasil.com.br/wp-content/uploads/2025/12/QH-SJ195-ambientadas.webp,https://commanderbrasil.com.br/catalogo/dual-use-ab-wheel-qhsj195/
1009372,QHSJ194,Roda Abdominal Silenciosa Auto-Retorno,Máquinas Abdominais,Acessórios - QHSJ Treino,,https://commanderbrasil.com.br/wp-content/uploads/2025/12/QHSJ194-bgbranco.webp,https://commanderbrasil.com.br/wp-content/uploads/2025/12/QHSJ194-bgbranco.webp | https://commanderbrasil.com.br/wp-content/uploads/2025/12/QHSJ194-ambientada.webp,https://commanderbrasil.com.br/catalogo/silent-auto-return-ab-wheel-qhsj194/
2610,C001,Roda de Yoga,Tapetes e Yoga,Acessórios - Série C,Roda de Yoga - Código: C-001,https://commanderbrasil.com.br/wp-content/uploads/2025/12/C-001-c-1.jpeg,https://commanderbrasil.com.br/wp-content/uploads/2025/12/C-001-c-1.jpeg,https://commanderbrasil.com.br/catalogo/roda-de-yoga-c001/
1009616,QHSJ141,Roda de Yoga,Tapetes e Yoga,Acessórios - QHSJ Yoga,,https://commanderbrasil.com.br/wp-content/uploads/2025/12/QH-SJ141-bgbranco.webp,https://commanderbrasil.com.br/wp-content/uploads/2025/12/QH-SJ141-bgbranco.webp | https://commanderbrasil.com.br/wp-content/uploads/2025/12/QH-SJ141-ambientadas.webp,https://commanderbrasil.com.br/catalogo/yoga-wheel-qhsj141/
2800,D015,Roda Máquina Abdominal,Máquinas Abdominais,Acessórios - Série D,Roda Máquina Abdominal - Código: D-015,https://commanderbrasil.com.br/wp-content/uploads/2025/12/D015-d-2.jpeg,https://commanderbrasil.com.br/wp-content/uploads/2025/12/D015-d-2.jpeg,https://commanderbrasil.com.br/catalogo/roda-abdominal-d015/
2797,D012,Roda Máquina Abdominal Automática Silenciosa,Máquinas Abdominais,Acessórios - Série D,Roda Máquina Abdominal Automática Silenciosa - Código: D-012,https://commanderbrasil.com.br/wp-content/uploads/2025/12/D012-d-2.jpeg,https://commanderbrasil.com.br/wp-content/uploads/2025/12/D012-d-2.jpeg,https://commanderbrasil.com.br/catalogo/roda-abdominal-automatica-silenciosa-d012/
2798,D013,Roda Máquina Abdominal Dupla Função,Máquinas Abdominais,Acessórios - Série D,Roda Máquina Abdominal Dupla Função - Código: D-013,https://commanderbrasil.com.br/wp-content/uploads/2025/12/D013-d-2.jpeg,https://commanderbrasil.com.br/wp-content/uploads/2025/12/D013-d-2.jpeg,https://commanderbrasil.com.br/catalogo/roda-abdominal-dupla-funcao-d013/
2799,D014,Rodas Abdominais Duplas com Uma Mão,Acessórios de Treino,Acessórios - Série D,Rodas Abdominais Duplas com Uma Mão - Código: D-014,https://commanderbrasil.com.br/wp-content/uploads/2025/12/D014-d-2.jpeg,https://commanderbrasil.com.br/wp-content/uploads/2025/12/D014-d-2.jpeg,https://commanderbrasil.com.br/catalogo/rodas-abdominais-duplas-com-uma-mao-d014/
1009644,QHSJ148,Rolo de Espuma,Rolos de Espuma,Acessórios - QHSJ Yoga,,https://commanderbrasil.com.br/wp-content/uploads/2025/12/QH-SJ148-bgbranco.webp,https://commanderbrasil.com.br/wp-content/uploads/2025/12/QH-SJ148-bgbranco.webp | https://commanderbrasil.com.br/wp-content/uploads/2025/12/QH-SJ148-ambientadas.webp,https://commanderbrasil.com.br/catalogo/foam-roller-qhsj148/
2620,C011,Rolo de Massagem Oco,Rolos de Espuma,Acessórios - Série C,Rolo de Massagem Oco - Código: C-011,https://commanderbrasil.com.br/wp-content/uploads/2025/12/C-011-c-1.jpeg,https://commanderbrasil.com.br/wp-content/uploads/2025/12/C-011-c-1.jpeg,https://commanderbrasil.com.br/catalogo/rolo-de-massagem-oco-c011/
2621,C012,Rolo de Massagem Premium,Rolos de Espuma,Acessórios - Série C,Rolo de Massagem Premium - Código: C-012,https://commanderbrasil.com.br/wp-content/uploads/2025/12/C-012-c-2.jpeg,https://commanderbrasil.com.br/wp-content/uploads/2025/12/C-012-c-2.jpeg,https://commanderbrasil.com.br/catalogo/rolo-de-massagem-premium-c012/
1009640,QHSJ147,Rolo de Yoga Oco,Tapetes e Yoga,Acessórios - QHSJ Yoga,,https://commanderbrasil.com.br/wp-content/uploads/2025/12/QH-SJ147-bgbranco.webp,https://commanderbrasil.com.br/wp-content/uploads/2025/12/QH-SJ147-bgbranco.webp | https://commanderbrasil.com.br/wp-content/uploads/2025/12/QH-SJ147-ambientadas.webp,https://commanderbrasil.com.br/catalogo/hollow-yoga-roller-qhsj147/
1004687,PM02,Rosca Bíceps,Bíceps,Equipamentos - Série PM,,https://commanderbrasil.com.br/wp-content/uploads/2025/12/PM02-bgbranco.webp,https://commanderbrasil.com.br/wp-content/uploads/2025/12/PM02-bgbranco.webp | https://commanderbrasil.com.br/wp-content/uploads/2025/12/PM02-ambientadas.webp,https://commanderbrasil.com.br/catalogo/rosca-biceps-pm02/
1448,LB629,Rosca Bíceps Anilhada,Outras Anilhadas,Equipamentos - Série LB,,https://commanderbrasil.com.br/wp-content/uploads/2025/12/LB629-bgbranco-2.webp,https://commanderbrasil.com.br/wp-content/uploads/2025/12/LB629-bgbranco-2.webp | https://commanderbrasil.com.br/wp-content/uploads/2025/12/LB629-2-2.webp,https://commanderbrasil.com.br/catalogo/biceps-maquina-anilhada-lb629/
1375,GM46,Rosca de Bíceps,Bíceps,Equipamentos - Série GM,,https://commanderbrasil.com.br/wp-content/uploads/2025/12/GM46-bgbranco-2.webp,https://commanderbrasil.com.br/wp-content/uploads/2025/12/GM46-bgbranco-2.webp | https://commanderbrasil.com.br/wp-content/uploads/2025/12/GM46-ambientadas-2.webp,https://commanderbrasil.com.br/catalogo/rosca-biceps-gm46/
1091,CBS015,Rosca de Bíceps Multi Sentado ISO,Bíceps,Equipamentos - Série CBS,,https://commanderbrasil.com.br/wp-content/uploads/2025/12/CBS015-bgbranco-2.webp,https://commanderbrasil.com.br/wp-content/uploads/2025/12/CBS015-bgbranco-2.webp | https://commanderbrasil.com.br/wp-content/uploads/2025/12/CBS015-ambientadas-2.webp,https://commanderbrasil.com.br/catalogo/rosca-biceps-multi-sentada-iso-cbs015/
1087,CBS011,Rosca Em Pé Multi Braços Rotatórios,Bíceps,Equipamentos - Série CBS,,https://commanderbrasil.com.br/wp-content/uploads/2025/12/CBS011-bgbranco-2.webp,https://commanderbrasil.com.br/wp-content/uploads/2025/12/CBS011-bgbranco-2.webp | https://commanderbrasil.com.br/wp-content/uploads/2025/12/CBS011-ambientadas-2.webp,https://commanderbrasil.com.br/catalogo/rosca-em-pe-multi-bracos-rotatorios-cbs011/
835,B1018,Rotação de Torso,Rotação de Torso,Equipamentos - Série B,,https://commanderbrasil.com.br/wp-content/uploads/2025/12/B1018-1-1.webp,https://commanderbrasil.com.br/wp-content/uploads/2025/12/B1018-1-1.webp | https://commanderbrasil.com.br/wp-content/uploads/2025/12/B1018-2-1.webp,https://commanderbrasil.com.br/catalogo/rotacao-de-tronco-b1018/
1376,GM56,Rotação de Torso,Rotação de Torso,Equipamentos - Série GM,,https://commanderbrasil.com.br/wp-content/uploads/2025/12/GM56-bgbranco-2.webp,https://commanderbrasil.com.br/wp-content/uploads/2025/12/GM56-bgbranco-2.webp | https://commanderbrasil.com.br/wp-content/uploads/2025/12/GM56-ambientadas-2.webp,https://commanderbrasil.com.br/catalogo/rotacao-de-torso-gm56/
2909,E032,Roupa com Peso Areia 5kg,Acessórios de Treino,Acessórios - Série E,Roupa com Peso de Areia 5kg - Código: E-032,https://commanderbrasil.com.br/wp-content/uploads/2025/12/E032-e-1.jpeg,https://commanderbrasil.com.br/wp-content/uploads/2025/12/E032-e-1.jpeg,https://commanderbrasil.com.br/catalogo/roupa-com-peso-de-areiakg-e032/
2908,E031,Roupa com Peso Ferro 15kg,Acessórios de Treino,Acessórios - Série E,Roupa com Peso de Ferro 15kg - Código: E-031,https://commanderbrasil.com.br/wp-content/uploads/2025/12/E031-e-1.png,https://commanderbrasil.com.br/wp-content/uploads/2025/12/E031-e-1.png,https://commanderbrasil.com.br/catalogo/roupa-com-peso-de-ferro-15kg-e031/
2910,E033,Saco Areia 0.5kg,Acessórios de Treino,Acessórios - Série E,Saco de Areia 0.5kg - Código: E-033,https://commanderbrasil.com.br/wp-content/uploads/2025/12/E033-e-1.jpeg,https://commanderbrasil.com.br/wp-content/uploads/2025/12/E033-e-1.jpeg,https://commanderbrasil.com.br/catalogo/saco-de-areia-0kg-e033/
1009428,QHSJ209,Saco Búlgaro,-,Acessórios - QHSJ Treino,,https://commanderbrasil.com.br/wp-content/uploads/2025/12/QH-SJ209-bgbranco.webp,https://commanderbrasil.com.br/wp-content/uploads/2025/12/QH-SJ209-bgbranco.webp | https://commanderbrasil.com.br/wp-content/uploads/2025/12/QH-SJ209-ambientadas.webp,https://commanderbrasil.com.br/catalogo/bulgarian-bag-qhsj209/
1009436,QHSJ211,Saco de Areia,-,Acessórios - QHSJ Treino,,https://commanderbrasil.com.br/wp-content/uploads/2025/12/QH-SJ211-bgbranco.webp,https://commanderbrasil.com.br/wp-content/uploads/2025/12/QH-SJ211-bgbranco.webp | https://commanderbrasil.com.br/wp-content/uploads/2025/12/QH-SJ211-ambientadas.webp,https://commanderbrasil.com.br/catalogo/sand-bag-qhsj211/
1009432,QHSJ210,Saco de Força,-,Acessórios - QHSJ Treino,,https://commanderbrasil.com.br/wp-content/uploads/2025/12/QH-SJ210-bgbranco.webp,https://commanderbrasil.com.br/wp-content/uploads/2025/12/QH-SJ210-bgbranco.webp | https://commanderbrasil.com.br/wp-content/uploads/2025/12/QH-SJ210-ambientadas.webp,https://commanderbrasil.com.br/catalogo/power-bag-qhsj210/
2968,F021,Saco de Pancada Boxe 1.4m,Mergulho e Barra Assistida,Acessórios - Série F,Punching Bag de Boxe 1.4 metros - Código: F-021,,,https://commanderbrasil.com.br/catalogo/saco-de-pancada-de-boxe-1-metros-f021/
2969,F022,Saco de Pancada Boxe 1.6m,Mergulho e Barra Assistida,Acessórios - Série F,Punching Bag de Boxe 1.6 metros - Código: F-022,https://commanderbrasil.com.br/wp-content/uploads/2025/12/F022-f-1.jpeg,https://commanderbrasil.com.br/wp-content/uploads/2025/12/F022-f-1.jpeg,https://commanderbrasil.com.br/catalogo/saco-de-pancada-de-boxe-1-metros-f022/
2970,F023,Saco de Pancada Boxe 1.8m,Mergulho e Barra Assistida,Acessórios - Série F,Punching Bag de Boxe 1.8 metros - Código: F-023,https://commanderbrasil.com.br/wp-content/uploads/2025/12/F023-f-1.jpeg,https://commanderbrasil.com.br/wp-content/uploads/2025/12/F023-f-1.jpeg,https://commanderbrasil.com.br/catalogo/saco-de-pancada-de-boxe-1-8-metros-f023/
1009568,QHSJ245,Saco de Pancada Corporal,-,Acessórios - QHSJ Agilidade,,https://commanderbrasil.com.br/wp-content/uploads/2025/12/QH-SJ245-bgbranco.webp,https://commanderbrasil.com.br/wp-content/uploads/2025/12/QH-SJ245-bgbranco.webp | https://commanderbrasil.com.br/wp-content/uploads/2025/12/QH-SJ245-ambientadas.webp,https://commanderbrasil.com.br/catalogo/body-punching-bag-qhsj245/
2967,F020,Saco de Pancada em Formato Pera,Tapetes e Yoga,Acessórios - Série F,Punching Bag em Formato de Pera - Código: F-020,https://commanderbrasil.com.br/wp-content/uploads/2025/12/F020-f-1.jpeg,https://commanderbrasil.com.br/wp-content/uploads/2025/12/F020-f-1.jpeg,https://commanderbrasil.com.br/catalogo/saco-de-pancada-em-formato-de-pera-f020/
1009572,QHSJ246,Saco de Pancada Pera,-,Acessórios - QHSJ Agilidade,,https://commanderbrasil.com.br/wp-content/uploads/2025/12/QH-SJ246-bgbranco.webp,https://commanderbrasil.com.br/wp-content/uploads/2025/12/QH-SJ246-bgbranco.webp | https://commanderbrasil.com.br/wp-content/uploads/2025/12/QH-SJ246-ambientadas.webp,https://commanderbrasil.com.br/catalogo/pear-shape-punching-bag-qhsj246/
1088,CBS012,Scott Rosca Multi Sentado Pro,Bíceps,Equipamentos - Série CBS,,https://commanderbrasil.com.br/wp-content/uploads/2025/12/CBS012-bgbranco-2.webp,https://commanderbrasil.com.br/wp-content/uploads/2025/12/CBS012-bgbranco-2.webp | https://commanderbrasil.com.br/wp-content/uploads/2025/12/CBS012-ambientadas-2.webp,https://commanderbrasil.com.br/catalogo/rosca-scott-multi-sentada-pro-cbs012/
1693,CBP127,Sentado Desenvolvimento de Ombros,Desenvolvimento de Ombros,Equipamentos - Série CBP,,https://commanderbrasil.com.br/wp-content/uploads/2025/12/CBP127-bgbranco-2.webp,https://commanderbrasil.com.br/wp-content/uploads/2025/12/CBP127-bgbranco-2.webp | https://commanderbrasil.com.br/wp-content/uploads/2025/12/CBP127-ambientadas-2.webp,https://commanderbrasil.com.br/catalogo/desenvolvimento-de-ombros-sentado-cbp127/
1545,LBE42,Simulator Surfe,Outros Cardio,Equipamentos - Série LB-E,,https://commanderbrasil.com.br/wp-content/uploads/2025/12/LB-E42-bgbranco-1.webp,https://commanderbrasil.com.br/wp-content/uploads/2025/12/LB-E42-bgbranco-1.webp | https://commanderbrasil.com.br/wp-content/uploads/2025/12/LB-E42-ambientadas-1.webp,https://commanderbrasil.com.br/catalogo/simulador-de-surfe-lbe42/
1546,LBE43,Simulator Surfe Premium,Outros Cardio,Equipamentos - Série LB-E,,https://commanderbrasil.com.br/wp-content/uploads/2025/12/LB-E43-bgbranco-1.webp,https://commanderbrasil.com.br/wp-content/uploads/2025/12/LB-E43-bgbranco-1.webp | https://commanderbrasil.com.br/wp-content/uploads/2025/12/LB-E43-ambientadas-1.webp,https://commanderbrasil.com.br/catalogo/simulador-de-surfe-premium-lbe43/
1531,LBE29,Ski Erg,Ski Ergs,Equipamentos - Série LB-E,,https://commanderbrasil.com.br/wp-content/uploads/2025/12/LB-E29-bgbranco-1.webp,https://commanderbrasil.com.br/wp-content/uploads/2025/12/LB-E29-bgbranco-1.webp | https://commanderbrasil.com.br/wp-content/uploads/2025/12/LB-E29-ambientadas-1.webp,https://commanderbrasil.com.br/catalogo/ski-erg-lbe29/
247131,LJ45,Smith,Máquinas Smith,,,https://commanderbrasil.com.br/wp-content/uploads/2025/12/LJ45-bgbranco-1.webp,https://commanderbrasil.com.br/wp-content/uploads/2025/12/LJ45-bgbranco-1.webp | https://commanderbrasil.com.br/wp-content/uploads/2025/12/LJ45-ambientadas-1.webp,https://commanderbrasil.com.br/catalogo/smith-lj45/
870,B1063,Smith,Máquinas Smith,Equipamentos - Série B,,https://commanderbrasil.com.br/wp-content/uploads/2025/12/B1063-bgbranco-1.webp,https://commanderbrasil.com.br/wp-content/uploads/2025/12/B1063-bgbranco-1.webp,https://commanderbrasil.com.br/catalogo/smith-b1063/
862,B1051,Smith 3D,Máquinas Smith,Equipamentos - Série B,,https://commanderbrasil.com.br/wp-content/uploads/2025/12/B1051-bgbranco-1.webp,https://commanderbrasil.com.br/wp-content/uploads/2025/12/B1051-bgbranco-1.webp,https://commanderbrasil.com.br/catalogo/smithd-b1051/
875,B1080,Smith/Agachamento,Máquinas Smith,Equipamentos - Série B,,https://commanderbrasil.com.br/wp-content/uploads/2025/12/B1080-1-2.webp,https://commanderbrasil.com.br/wp-content/uploads/2025/12/B1080-1-2.webp | https://commanderbrasil.com.br/wp-content/uploads/2025/12/B1080-2-2.webp,https://commanderbrasil.com.br/catalogo/smith-agachamento-b1080/
879,B1106,Smith/Agachamento,Máquinas Smith,Equipamentos - Série B,,https://commanderbrasil.com.br/wp-content/uploads/2025/12/B1106-1-2.webp,https://commanderbrasil.com.br/wp-content/uploads/2025/12/B1106-1-2.webp | https://commanderbrasil.com.br/wp-content/uploads/2025/12/B1106-2-2.webp,https://commanderbrasil.com.br/catalogo/smith-agachamento-b1106/
880,B1107,Smith/Agachamento,Máquinas Smith,Equipamentos - Série B,,https://commanderbrasil.com.br/wp-content/uploads/2025/12/B1107-1-2.webp,https://commanderbrasil.com.br/wp-content/uploads/2025/12/B1107-1-2.webp | https://commanderbrasil.com.br/wp-content/uploads/2025/12/B1107-2-2.webp,https://commanderbrasil.com.br/catalogo/smith-agachamento-b1107/
3044,H001,Step 68 Pedais,Acessórios de Treino,Acessórios - Série H,Step 68 Pedais - Código: H-001,https://commanderbrasil.com.br/wp-content/uploads/2025/12/H001-h-1.jpeg,https://commanderbrasil.com.br/wp-content/uploads/2025/12/H001-h-1.jpeg,https://commanderbrasil.com.br/catalogo/step8-pedais-h001/
3045,H002,Step 80 Pedais,Acessórios de Treino,Acessórios - Série H,Step 80 Pedais - Código: H-002,https://commanderbrasil.com.br/wp-content/uploads/2025/12/H002-h-1.jpeg,https://commanderbrasil.com.br/wp-content/uploads/2025/12/H002-h-1.jpeg,https://commanderbrasil.com.br/catalogo/step-80-pedais-h002/
3046,H003,Step 80 Pedais Premium,Acessórios de Treino,Acessórios - Série H,Step 80 Pedais Premium - Código: H-003,https://commanderbrasil.com.br/wp-content/uploads/2025/12/H003-h-1.jpeg,https://commanderbrasil.com.br/wp-content/uploads/2025/12/H003-h-1.jpeg,https://commanderbrasil.com.br/catalogo/step-80-pedais-premium-h003/
3053,H010,Step Ajustável Grande,Acessórios de Treino,Acessórios - Série H,Step Adjustable Grande - Código: H-010,https://commanderbrasil.com.br/wp-content/uploads/2025/12/H010-h-1.jpeg,https://commanderbrasil.com.br/wp-content/uploads/2025/12/H010-h-1.jpeg,https://commanderbrasil.com.br/catalogo/step-ajustavel-grande-h010/
3056,H013,Step Ajustável Grande Premium,Acessórios de Treino,Acessórios - Série H,Step Adjustable Grande Premium - Código: H-013,https://commanderbrasil.com.br/wp-content/uploads/2025/12/H013-h-1.jpeg,https://commanderbrasil.com.br/wp-content/uploads/2025/12/H013-h-1.jpeg,https://commanderbrasil.com.br/catalogo/step-ajustavel-grande-premium-h013/
3049,H006,Step Básico,Acessórios de Treino,Acessórios - Série H,Step Básico - Código: H-006,https://commanderbrasil.com.br/wp-content/uploads/2025/12/H006-h-1.jpeg,https://commanderbrasil.com.br/wp-content/uploads/2025/12/H006-h-1.jpeg,https://commanderbrasil.com.br/catalogo/step-basico-h006/
3057,H014,Step com Airbag Amendoim,Acessórios de Treino,Acessórios - Série H,Step com Airbag de Amendoim - Código: H-014,https://commanderbrasil.com.br/wp-content/uploads/2025/12/H014-h-1.jpeg,https://commanderbrasil.com.br/wp-content/uploads/2025/12/H014-h-1.jpeg,https://commanderbrasil.com.br/catalogo/step-com-airbag-de-amendoim-h014/
3047,H004,Step Padrão A,Acessórios de Treino,Acessórios - Série H,Step Padrão A - Código: H-004,https://commanderbrasil.com.br/wp-content/uploads/2025/12/H004-h-1.jpeg,https://commanderbrasil.com.br/wp-content/uploads/2025/12/H004-h-1.jpeg,https://commanderbrasil.com.br/catalogo/step-padrao-a-h004/
3048,H005,Step Padrão B1,Acessórios de Treino,Acessórios - Série H,Step Padrão B1 - Código: H-005,https://commanderbrasil.com.br/wp-content/uploads/2025/12/H005-h-1.jpeg,https://commanderbrasil.com.br/wp-content/uploads/2025/12/H005-h-1.jpeg,https://commanderbrasil.com.br/catalogo/step-padrao-b1-h005/
3050,H007,Step Padrão B2,Acessórios de Treino,Acessórios - Série H,Step Padrão B2 - Código: H-007,https://commanderbrasil.com.br/wp-content/uploads/2025/12/H007-h-1.jpeg,https://commanderbrasil.com.br/wp-content/uploads/2025/12/H007-h-1.jpeg,https://commanderbrasil.com.br/catalogo/step-padrao-b2-h007/
3051,H008,Step Padrão B3,Acessórios de Treino,Acessórios - Série H,Step Padrão B3 - Código: H-008,https://commanderbrasil.com.br/wp-content/uploads/2025/12/H008-h-1.jpeg,https://commanderbrasil.com.br/wp-content/uploads/2025/12/H008-h-1.jpeg,https://commanderbrasil.com.br/catalogo/step-padrao-b3-h008/
3054,H011,Step Premium Les Mills com Elásticos,Acessórios de Treino,Acessórios - Série H,Step Premium Les Mills com Elásticos - Código: H-011,https://commanderbrasil.com.br/wp-content/uploads/2025/12/H011-h-1.jpeg,https://commanderbrasil.com.br/wp-content/uploads/2025/12/H011-h-1.jpeg,https://commanderbrasil.com.br/catalogo/step-premium-les-mills-com-elasticos-h011/
3052,H009,Step Premium Lesmills,Acessórios de Treino,Acessórios - Série H,Step Premium Lesmills - Código: H-009,https://commanderbrasil.com.br/wp-content/uploads/2025/12/H009-h-1.jpeg,https://commanderbrasil.com.br/wp-content/uploads/2025/12/H009-h-1.jpeg,https://commanderbrasil.com.br/catalogo/step-premium-lesmills-h009/
3058,H015,Step Premium Lesmills Avançado,Acessórios de Treino,Acessórios - Série H,Step Premium Lesmills Avançado - Código: H-015,https://commanderbrasil.com.br/wp-content/uploads/2025/12/H015-h-1.jpeg,https://commanderbrasil.com.br/wp-content/uploads/2025/12/H015-h-1.jpeg,https://commanderbrasil.com.br/catalogo/step-premium-lesmills-avancado-h015/
3075,XMJ001,Striped Taekwondo Uniform,Acessórios de Treino,Acessórios - Série XM-J,Uniforme de Taekwondo Listrado - Código: XM-J001,https://commanderbrasil.com.br/wp-content/uploads/2025/12/XM-J001-xm-j-1.jpeg,https://commanderbrasil.com.br/wp-content/uploads/2025/12/XM-J001-xm-j-1.jpeg,https://commanderbrasil.com.br/catalogo/uniforme-de-taekwondo-listrado-xmj001/
1583,CBP019,Super Declinado Supino,Supino,Equipamentos - Série CBP,,https://commanderbrasil.com.br/wp-content/uploads/2025/12/CBP019-bgbranco-bgbranco-1.webp,https://commanderbrasil.com.br/wp-content/uploads/2025/12/CBP019-bgbranco-bgbranco-1.webp | https://commanderbrasil.com.br/wp-content/uploads/2025/12/CBP019-ambientadas-ambientadas-1.webp,https://commanderbrasil.com.br/catalogo/supino-de-peito-declinado-super-cbp019/
1593,CBP029,Super Desenvolvimento de Ombros,Desenvolvimento de Ombros,Equipamentos - Série CBP,,https://commanderbrasil.com.br/wp-content/uploads/2025/12/CBP029-bgbranco-bgbranco-1.webp,https://commanderbrasil.com.br/wp-content/uploads/2025/12/CBP029-bgbranco-bgbranco-1.webp | https://commanderbrasil.com.br/wp-content/uploads/2025/12/CBP029-ambientadas-ambientadas-1.webp,https://commanderbrasil.com.br/catalogo/desenvolvimento-de-ombros-super-cbp029/
1655,CBP089,Super Desenvolvimento de Ombros,Desenvolvimento de Ombros,Equipamentos - Série CBP,,https://commanderbrasil.com.br/wp-content/uploads/2025/12/CBP089-bgbranco-2.webp,https://commanderbrasil.com.br/wp-content/uploads/2025/12/CBP089-bgbranco-2.webp | https://commanderbrasil.com.br/wp-content/uploads/2025/12/CBP089-ambientadas-2.webp,https://commanderbrasil.com.br/catalogo/desenvolvimento-de-ombros-super-cbp089/
1105,CBS059,Super Desenvolvimento de Ombros Deltoide,Desenvolvimento de Ombros,Equipamentos - Série CBS,,https://commanderbrasil.com.br/wp-content/uploads/2025/12/CBS059-bgbranco-2.webp,https://commanderbrasil.com.br/wp-content/uploads/2025/12/CBS059-bgbranco-2.webp | https://commanderbrasil.com.br/wp-content/uploads/2025/12/CBS059-ambientadas-2.webp,https://commanderbrasil.com.br/catalogo/desenvolvimento-de-ombros-deltoide-super-cbs059/
1577,CBP013,Super Inclinado Supino,Supino,Equipamentos - Série CBP,,https://commanderbrasil.com.br/wp-content/uploads/2025/12/CBP013-bgbranco-2.webp,https://commanderbrasil.com.br/wp-content/uploads/2025/12/CBP013-bgbranco-2.webp | https://commanderbrasil.com.br/wp-content/uploads/2025/12/CBP013-ambientadas-2.webp,https://commanderbrasil.com.br/catalogo/supino-de-peito-inclinado-super-cbp013/
1578,CBP014,Super Vertical Supino,Supino,Equipamentos - Série CBP,,https://commanderbrasil.com.br/wp-content/uploads/2025/12/CBP014-bgbranco-2.webp,https://commanderbrasil.com.br/wp-content/uploads/2025/12/CBP014-bgbranco-2.webp | https://commanderbrasil.com.br/wp-content/uploads/2025/12/CBP014-ambientadas-2.webp,https://commanderbrasil.com.br/catalogo/supino-de-peito-vertical-super-cbp014/
1080,CBS004,Superset de Supino Declinado e Peck Deck,Supino,Equipamentos - Série CBS,,https://commanderbrasil.com.br/wp-content/uploads/2025/12/CBS004-bgbranco-2.webp,https://commanderbrasil.com.br/wp-content/uploads/2025/12/CBS004-bgbranco-2.webp | https://commanderbrasil.com.br/wp-content/uploads/2025/12/CBS004-ambientadas-2.webp,https://commanderbrasil.com.br/catalogo/superset-de-supino-declinado-e-peck-deck-cbs004/
1081,CBS005,Superset de Tríceps Overhead e Mergulho,Tríceps,Equipamentos - Série CBS,,https://commanderbrasil.com.br/wp-content/uploads/2025/12/CBS005-bgbranco-2.webp,https://commanderbrasil.com.br/wp-content/uploads/2025/12/CBS005-bgbranco-2.webp | https://commanderbrasil.com.br/wp-content/uploads/2025/12/CBS005-ambientadas-2.webp,https://commanderbrasil.com.br/catalogo/superset-de-triceps-overhead-e-mergulho-cbs005/
1077,CBS001,Superset Duplo Costas,Puxada Alta,Equipamentos - Série CBS,,https://commanderbrasil.com.br/wp-content/uploads/2025/12/CBS001-bgbranco-2.webp,https://commanderbrasil.com.br/wp-content/uploads/2025/12/CBS001-bgbranco-2.webp | https://commanderbrasil.com.br/wp-content/uploads/2025/12/CBS001-ambientadas-2.webp,https://commanderbrasil.com.br/catalogo/superset-duplo-de-costas-cbs001/
1078,CBS002,Superset Remada Alta e Remada Baixa,Rigs,Equipamentos - Série CBS,,https://commanderbrasil.com.br/wp-content/uploads/2025/12/CBS002-bgbranco-2.webp,https://commanderbrasil.com.br/wp-content/uploads/2025/12/CBS002-bgbranco-2.webp | https://commanderbrasil.com.br/wp-content/uploads/2025/12/CBS002-ambientadas-2.webp,https://commanderbrasil.com.br/catalogo/superset-de-remada-alta-e-remada-baixa-cbs002/
1079,CBS003,Superset Sentado Elevação Lateral e Desenvolvimento de Ombros,Desenvolvimento de Ombros,Equipamentos - Série CBS,,https://commanderbrasil.com.br/wp-content/uploads/2025/12/CBS003-bgbranco-2.webp,https://commanderbrasil.com.br/wp-content/uploads/2025/12/CBS003-bgbranco-2.webp | https://commanderbrasil.com.br/wp-content/uploads/2025/12/CBS003-ambientadas-2.webp,https://commanderbrasil.com.br/catalogo/superset-de-elevacao-lateral-sentada-e-desenvolvimento-cbs003/
1370,GM41,Supino,Outros Bancos,Equipamentos - Série GM,,https://commanderbrasil.com.br/wp-content/uploads/2025/12/GM41-bgbranco-2.webp,https://commanderbrasil.com.br/wp-content/uploads/2025/12/GM41-bgbranco-2.webp | https://commanderbrasil.com.br/wp-content/uploads/2025/12/GM41-ambientadas-2.webp,https://commanderbrasil.com.br/catalogo/supino-gm41/
914,D905,Supino,Outros Bancos,Equipamentos - Série D,,https://commanderbrasil.com.br/wp-content/uploads/2025/12/CMD-D905-cmd-d-series-2.png,https://commanderbrasil.com.br/wp-content/uploads/2025/12/CMD-D905-cmd-d-series-2.png | https://commanderbrasil.com.br/wp-content/uploads/2025/12/CMD-D905-2.webp,https://commanderbrasil.com.br/catalogo/supino-d905/
1245,SH04,Supino Aberto ISO-Lateral,Supino,Equipamentos - Série SH,,https://commanderbrasil.com.br/wp-content/uploads/2025/12/SH04-bgbranco-2.webp,https://commanderbrasil.com.br/wp-content/uploads/2025/12/SH04-bgbranco-2.webp | https://commanderbrasil.com.br/wp-content/uploads/2025/12/SH04-ambientadas-2.webp,https://commanderbrasil.com.br/catalogo/supino-aberto-iso-lateral-sh04/
1248,SH07,Supino Aberto ISO-Lateral,Supino,Equipamentos - Série SH,,https://commanderbrasil.com.br/wp-content/uploads/2025/12/SH07-bgbranco-2.webp,https://commanderbrasil.com.br/wp-content/uploads/2025/12/SH07-bgbranco-2.webp | https://commanderbrasil.com.br/wp-content/uploads/2025/12/SH07-ambientadas-2.webp,https://commanderbrasil.com.br/catalogo/supino-aberto-iso-lateral-sh07/
1310,SH93,Supino Declinado,Supino,Equipamentos - Série SH,,https://commanderbrasil.com.br/wp-content/uploads/2025/12/SH93-bgbranco-2.webp,https://commanderbrasil.com.br/wp-content/uploads/2025/12/SH93-bgbranco-2.webp | https://commanderbrasil.com.br/wp-content/uploads/2025/12/SH93-ambientadas-2.webp,https://commanderbrasil.com.br/catalogo/supino-declinado-sh93/
915,D910,Supino Declinado,Bancos Declinados,Equipamentos - Série D,,https://commanderbrasil.com.br/wp-content/uploads/2025/12/CMD-D910-cmd-d-series-2.png,https://commanderbrasil.com.br/wp-content/uploads/2025/12/CMD-D910-cmd-d-series-2.png | https://commanderbrasil.com.br/wp-content/uploads/2025/12/CMD-D910-2.webp,https://commanderbrasil.com.br/catalogo/supino-declinado-d910/
1443,LB624,Supino Declinado Anilhado,Supino,Equipamentos - Série LB,,https://commanderbrasil.com.br/wp-content/uploads/2025/12/LB624-bgbranco-2.webp,https://commanderbrasil.com.br/wp-content/uploads/2025/12/LB624-bgbranco-2.webp | https://commanderbrasil.com.br/wp-content/uploads/2025/12/LB624-2-2.webp,https://commanderbrasil.com.br/catalogo/supino-declinado-maquina-anilhada-lb624/
1265,SH26,Supino Declinado ISO-Lateral,Supino,Equipamentos - Série SH,,https://commanderbrasil.com.br/wp-content/uploads/2025/12/SH26-bgbranco-2.webp,https://commanderbrasil.com.br/wp-content/uploads/2025/12/SH26-bgbranco-2.webp | https://commanderbrasil.com.br/wp-content/uploads/2025/12/SH26-ambientadas-2.webp,https://commanderbrasil.com.br/catalogo/supino-declinado-iso-lateral-sh26/
1101,CBS055,Supino Declinado Super,Supino,Equipamentos - Série CBS,,https://commanderbrasil.com.br/wp-content/uploads/2025/12/CBS055-bgbranco-2.webp,https://commanderbrasil.com.br/wp-content/uploads/2025/12/CBS055-bgbranco-2.webp | https://commanderbrasil.com.br/wp-content/uploads/2025/12/CBS055-ambientadas-2.webp,https://commanderbrasil.com.br/catalogo/supino-declinado-super-cbs055/
1417,JS01,Supino e Desenvolvimento de Ombros,Outros Bancos,Equipamentos - Série GM,,https://commanderbrasil.com.br/wp-content/uploads/2025/12/CMD-JS01-2.webp,https://commanderbrasil.com.br/wp-content/uploads/2025/12/CMD-JS01-2.webp,https://commanderbrasil.com.br/catalogo/supino-e-desenvolvimento-ombro-js01/
1580,CBP016,Supino Horizontal,Supino,Equipamentos - Série CBP,,https://commanderbrasil.com.br/wp-content/uploads/2025/12/CBP016-bgbranco-2.webp,https://commanderbrasil.com.br/wp-content/uploads/2025/12/CBP016-bgbranco-2.webp | https://commanderbrasil.com.br/wp-content/uploads/2025/12/CBP016-ambientadas-2.webp,https://commanderbrasil.com.br/catalogo/supino-horizontal-cbp016/
247321,CBP073,Supino Horizontal Multiestação Super,Supino,Equipamentos - Série CBP,,https://commanderbrasil.com.br/wp-content/uploads/2025/12/CBP073-bgbranco-1.webp,https://commanderbrasil.com.br/wp-content/uploads/2025/12/CBP073-bgbranco-1.webp | https://commanderbrasil.com.br/wp-content/uploads/2025/12/CBP073-ambientadas-1.webp,https://commanderbrasil.com.br/catalogo/supino-horizontal-multiestacao-super-cbp073/
1579,CBP015,Supino Horizontal Super,Supino,Equipamentos - Série CBP,,https://commanderbrasil.com.br/wp-content/uploads/2025/12/CBP015-bgbranco-2.webp,https://commanderbrasil.com.br/wp-content/uploads/2025/12/CBP015-bgbranco-2.webp | https://commanderbrasil.com.br/wp-content/uploads/2025/12/CBP015-ambientadas-2.webp,https://commanderbrasil.com.br/catalogo/supino-horizontal-super-cbp015/
1634,CBP068,Supino Horizontal Super,Supino,Equipamentos - Série CBP,,https://commanderbrasil.com.br/wp-content/uploads/2025/12/CBP068-bgbranco-2.webp,https://commanderbrasil.com.br/wp-content/uploads/2025/12/CBP068-bgbranco-2.webp | https://commanderbrasil.com.br/wp-content/uploads/2025/12/CBP068-ambientadas-2.webp,https://commanderbrasil.com.br/catalogo/supino-horizontal-super-cbp068/
1575,CBP011,Supino Inclinado,Supino,Equipamentos - Série CBP,,https://commanderbrasil.com.br/wp-content/uploads/2025/12/CBP011-bgbranco-2.webp,https://commanderbrasil.com.br/wp-content/uploads/2025/12/CBP011-bgbranco-2.webp | https://commanderbrasil.com.br/wp-content/uploads/2025/12/CBP011-ambientadas-2.webp,https://commanderbrasil.com.br/catalogo/supino-inclinado-cbp011/
908,CMDFL05,Supino Inclinado,Bancos Inclinados,Equipamentos - Série 360,,https://commanderbrasil.com.br/wp-content/uploads/2025/12/CMD-FL05-bgbranco-1.webp,https://commanderbrasil.com.br/wp-content/uploads/2025/12/CMD-FL05-bgbranco-1.webp | https://commanderbrasil.com.br/wp-content/uploads/2025/12/CMD-FL05-ambientadas-1.webp,https://commanderbrasil.com.br/catalogo/supino-inclinado-cmdfl05/
911,GK02,Supino Inclinado,Bancos Inclinados,Equipamentos - Série B,,https://commanderbrasil.com.br/wp-content/uploads/2025/12/GK02-bgbranco-2.webp,https://commanderbrasil.com.br/wp-content/uploads/2025/12/GK02-bgbranco-2.webp | https://commanderbrasil.com.br/wp-content/uploads/2025/12/GK02-ambientadas-2.webp,https://commanderbrasil.com.br/catalogo/supino-inclinado-gk02/
1004689,PM04,Supino Inclinado,Supino,Equipamentos - Série PM,,https://commanderbrasil.com.br/wp-content/uploads/2025/12/PM04-bgbranco.webp,https://commanderbrasil.com.br/wp-content/uploads/2025/12/PM04-bgbranco.webp | https://commanderbrasil.com.br/wp-content/uploads/2025/12/PM04-ambientadas.webp,https://commanderbrasil.com.br/catalogo/supino-inclinado-pm04/
916,D915,Supino Inclinado,Bancos Inclinados,Equipamentos - Série D,,https://commanderbrasil.com.br/wp-content/uploads/2025/12/CMD-D915-cmd-d-series-2.png,https://commanderbrasil.com.br/wp-content/uploads/2025/12/CMD-D915-cmd-d-series-2.png | https://commanderbrasil.com.br/wp-content/uploads/2025/12/CMD-D915-2.webp,https://commanderbrasil.com.br/catalogo/supino-inclinado-d915/
1441,LB622,Supino Inclinado Anilhado,Supino,Equipamentos - Série LB,,https://commanderbrasil.com.br/wp-content/uploads/2025/12/LB622-bgbranco-2.webp,https://commanderbrasil.com.br/wp-content/uploads/2025/12/LB622-bgbranco-2.webp | https://commanderbrasil.com.br/wp-content/uploads/2025/12/LB622-2-2.webp,https://commanderbrasil.com.br/catalogo/supino-inclinado-maquina-anilhada-lb622/
1633,CBP067,Supino Inclinado Inferior Super,Supino,Equipamentos - Série CBP,,https://commanderbrasil.com.br/wp-content/uploads/2025/12/CBP067-bgbranco-2.webp,https://commanderbrasil.com.br/wp-content/uploads/2025/12/CBP067-bgbranco-2.webp | https://commanderbrasil.com.br/wp-content/uploads/2025/12/CBP067-ambientadas-2.webp,https://commanderbrasil.com.br/catalogo/supino-inclinado-inferior-super-cbp067/
1635,CBP069,Supino Inclinado Inferior Super,Supino,Equipamentos - Série CBP,,https://commanderbrasil.com.br/wp-content/uploads/2025/12/CBP069-bgbranco-2.webp,https://commanderbrasil.com.br/wp-content/uploads/2025/12/CBP069-bgbranco-2.webp | https://commanderbrasil.com.br/wp-content/uploads/2025/12/CBP069-ambientadas-2.webp,https://commanderbrasil.com.br/catalogo/supino-inclinado-inferior-super-cbp069/
1242,SH01,Supino Inclinado ISO-Lateral,Supino,Equipamentos - Série SH,,https://commanderbrasil.com.br/wp-content/uploads/2025/12/SH01-bgbranco-2.webp,https://commanderbrasil.com.br/wp-content/uploads/2025/12/SH01-bgbranco-2.webp | https://commanderbrasil.com.br/wp-content/uploads/2025/12/SH01-ambientadas-2.webp,https://commanderbrasil.com.br/catalogo/supino-inclinado-iso-lateral-sh01/
827,B1006,Supino Inclinado Máquina,Bancos Inclinados,Equipamentos - Série B,,https://commanderbrasil.com.br/wp-content/uploads/2025/12/B1006-1-1.webp,https://commanderbrasil.com.br/wp-content/uploads/2025/12/B1006-1-1.webp | https://commanderbrasil.com.br/wp-content/uploads/2025/12/B1006-2-1.webp,https://commanderbrasil.com.br/catalogo/supino-inclinado-maquina-b1006/
832,B1013,Supino Inclinado Máquina,Bancos Inclinados,Equipamentos - Série B,,https://commanderbrasil.com.br/wp-content/uploads/2025/12/B1013-1-1.webp,https://commanderbrasil.com.br/wp-content/uploads/2025/12/B1013-1-1.webp | https://commanderbrasil.com.br/wp-content/uploads/2025/12/B1013-2-1.webp,https://commanderbrasil.com.br/catalogo/supino-inclinado-maquina-b1013/
1576,CBP012,Supino Inclinado Super,Supino,Equipamentos - Série CBP,,https://commanderbrasil.com.br/wp-content/uploads/2025/12/CBP012-bgbranco-2.webp,https://commanderbrasil.com.br/wp-content/uploads/2025/12/CBP012-bgbranco-2.webp | https://commanderbrasil.com.br/wp-content/uploads/2025/12/CBP012-ambientadas-2.webp,https://commanderbrasil.com.br/catalogo/supino-inclinado-super-cbp012/
1098,CBS053,Supino Inclinado Super,Supino,Equipamentos - Série CBS,,https://commanderbrasil.com.br/wp-content/uploads/2025/12/CBS053-bgbranco-2.webp,https://commanderbrasil.com.br/wp-content/uploads/2025/12/CBS053-bgbranco-2.webp | https://commanderbrasil.com.br/wp-content/uploads/2025/12/CBS053-ambientadas-2.webp,https://commanderbrasil.com.br/catalogo/supino-inclinado-super-cbs053/
1106,CBS060,Supino Inclinado Super,Supino,Equipamentos - Série CBS,,https://commanderbrasil.com.br/wp-content/uploads/2025/12/CBS060-bgbranco-2.webp,https://commanderbrasil.com.br/wp-content/uploads/2025/12/CBS060-bgbranco-2.webp | https://commanderbrasil.com.br/wp-content/uploads/2025/12/CBS060-ambientadas-2.webp,https://commanderbrasil.com.br/catalogo/supino-inclinado-super-cbs060/
1632,CBP066,Supino Inclinado Superior Super,Supino,Equipamentos - Série CBP,,https://commanderbrasil.com.br/wp-content/uploads/2025/12/CBP066-bgbranco-2.webp,https://commanderbrasil.com.br/wp-content/uploads/2025/12/CBP066-bgbranco-2.webp | https://commanderbrasil.com.br/wp-content/uploads/2025/12/CBP066-ambientadas-2.webp,https://commanderbrasil.com.br/catalogo/supino-inclinado-superior-super-cbp066/
282,VS01,Supino Máquina,Supino,Equipamentos - Série VS,,https://commanderbrasil.com.br/wp-content/uploads/2025/12/CMD-VS01-1.png,https://commanderbrasil.com.br/wp-content/uploads/2025/12/CMD-VS01-1.png | https://commanderbrasil.com.br/wp-content/uploads/2025/12/CMD-VS01-2.webp | https://commanderbrasil.com.br/wp-content/uploads/2025/12/CMD-VS01-1-1.webp,https://commanderbrasil.com.br/catalogo/supino-maquina-vs01/
247074,LB604,Supino Máquina,Supino,Equipamentos - Série LB,,https://commanderbrasil.com.br/wp-content/uploads/2025/12/LB-F20-cmd-lb-f-series-1-1.png,https://commanderbrasil.com.br/wp-content/uploads/2025/12/LB-F20-cmd-lb-f-series-1-1.png,https://commanderbrasil.com.br/catalogo/supino-maquina-lb604/
1004688,PM03,Supino Máquina,Supino,Equipamentos - Série PM,,https://commanderbrasil.com.br/wp-content/uploads/2025/12/PM03-bgbranco.webp,https://commanderbrasil.com.br/wp-content/uploads/2025/12/PM03-bgbranco.webp | https://commanderbrasil.com.br/wp-content/uploads/2025/12/PM03-ambientadas.webp,https://commanderbrasil.com.br/catalogo/supino-maquina-pm03/
1000114,LBF01,Supino Máquina,Supino,Equipamentos - Série LB-F,,https://commanderbrasil.com.br/wp-content/uploads/2025/12/LB-F01-bgbranco-2.webp,https://commanderbrasil.com.br/wp-content/uploads/2025/12/LB-F01-bgbranco-2.webp | https://commanderbrasil.com.br/wp-content/uploads/2025/12/LB-F01-ambientadas-2.webp,https://commanderbrasil.com.br/catalogo/supino-maquina-lbf01/
1004,LBF01B,Supino Máquina,Supino,Equipamentos - Série LB-F,,https://commanderbrasil.com.br/wp-content/uploads/2025/12/LB-F01B-bgbranco-1.webp,https://commanderbrasil.com.br/wp-content/uploads/2025/12/LB-F01B-bgbranco-1.webp | https://commanderbrasil.com.br/wp-content/uploads/2025/12/LB-F01B-ambientadas-1.webp,https://commanderbrasil.com.br/catalogo/supino-maquina-lbf01b/
1004680,B1111,Supino Máquina 2 em 1,Supino,Equipamentos - Série B,,https://commanderbrasil.com.br/wp-content/uploads/2025/12/B1111-bgbranco.webp,https://commanderbrasil.com.br/wp-content/uploads/2025/12/B1111-bgbranco.webp,https://commanderbrasil.com.br/catalogo/supino-maquina-em-1-b1111/
1636,CBP070,Supino Médio Super,Supino,Equipamentos - Série CBP,,https://commanderbrasil.com.br/wp-content/uploads/2025/12/CBP070-bgbranco-2.webp,https://commanderbrasil.com.br/wp-content/uploads/2025/12/CBP070-bgbranco-2.webp | https://commanderbrasil.com.br/wp-content/uploads/2025/12/CBP070-ambientadas-2.webp,https://commanderbrasil.com.br/catalogo/supino-medio-super-cbp070/
891,B1204,Supino Multifuncional,Supino,Equipamentos - Série B,,,,https://commanderbrasil.com.br/catalogo/supino-multifuncional-b1204/
1442,LB623,Supino Reto Anilhado,Supino,Equipamentos - Série LB,,https://commanderbrasil.com.br/wp-content/uploads/2025/12/LB623-bgbranco-2.webp,https://commanderbrasil.com.br/wp-content/uploads/2025/12/LB623-bgbranco-2.webp | https://commanderbrasil.com.br/wp-content/uploads/2025/12/LB623-2-2.webp,https://commanderbrasil.com.br/catalogo/supino-reto-maquina-anilhada-lb623/
1246,SH05,Supino Sentado E Puxada Alta ISO-Lateral,Supino,Equipamentos - Série SH,,https://commanderbrasil.com.br/wp-content/uploads/2025/12/SH05-bgbranco-2.webp,https://commanderbrasil.com.br/wp-content/uploads/2025/12/SH05-bgbranco-2.webp | https://commanderbrasil.com.br/wp-content/uploads/2025/12/SH05-ambientadas-2.webp,https://commanderbrasil.com.br/catalogo/supino-sentado-e-puxada-alta-iso-lateral-sh05/
1254,SH15,Supino Super Inclinado ISO-Lateral,Supino,Equipamentos - Série SH,,https://commanderbrasil.com.br/wp-content/uploads/2025/12/SH15-bgbranco-2.webp,https://commanderbrasil.com.br/wp-content/uploads/2025/12/SH15-bgbranco-2.webp | https://commanderbrasil.com.br/wp-content/uploads/2025/12/SH15-ambientadas-2.webp,https://commanderbrasil.com.br/catalogo/supino-super-inclinado-iso-lateral-sh15/
1630,CBP064,Supino Vertical Multiestação Super,Supino,Equipamentos - Série CBP,,https://commanderbrasil.com.br/wp-content/uploads/2025/12/CBP064-bgbranco-2.webp,https://commanderbrasil.com.br/wp-content/uploads/2025/12/CBP064-bgbranco-2.webp | https://commanderbrasil.com.br/wp-content/uploads/2025/12/CBP064-ambientadas-2.webp,https://commanderbrasil.com.br/catalogo/supino-vertical-multiestacao-super-cbp064/
247304,CBP065,Supino Vertical Super,Supino,Equipamentos - Série CBP,,https://commanderbrasil.com.br/wp-content/uploads/2025/12/CBP065-bgbranco-1.webp,https://commanderbrasil.com.br/wp-content/uploads/2025/12/CBP065-bgbranco-1.webp | https://commanderbrasil.com.br/wp-content/uploads/2025/12/CBP065-ambientadas-1.webp,https://commanderbrasil.com.br/catalogo/supino-vertical-super-cbp065/
1110,CBS064,Supino Vertical Super,Supino,Equipamentos - Série CBS,,https://commanderbrasil.com.br/wp-content/uploads/2025/12/CBS064-bgbranco-2.webp,https://commanderbrasil.com.br/wp-content/uploads/2025/12/CBS064-bgbranco-2.webp | https://commanderbrasil.com.br/wp-content/uploads/2025/12/CBS064-ambientadas-2.webp,https://commanderbrasil.com.br/catalogo/supino-vertical-super-cbs064/
861,B1050,Suporte Agachamento,Máquinas de Agachamento,Equipamentos - Série B,,https://commanderbrasil.com.br/wp-content/uploads/2025/12/B1050-bgbranco-1.webp,https://commanderbrasil.com.br/wp-content/uploads/2025/12/B1050-bgbranco-1.webp,https://commanderbrasil.com.br/catalogo/rack-agachamento-b1050/
889,B1102A,Suporte Agachamento,Máquinas de Agachamento,Equipamentos - Série B,,,,https://commanderbrasil.com.br/catalogo/rack-agachamento-b1102a/
864,B1054,Suporte Anilhas,Armazenamento de Anilhas,Equipamentos - Série B,,https://commanderbrasil.com.br/wp-content/uploads/2025/12/B1054-bgbranco-1.webp,https://commanderbrasil.com.br/wp-content/uploads/2025/12/B1054-bgbranco-1.webp,https://commanderbrasil.com.br/catalogo/suporte-anilhas-b1054/
3027,G027,Suporte Armazenamento Multifuncional,Acessórios de Treino,Acessórios - Série G,Rack de Armazenamento Multifunctional - Código: G-027,https://commanderbrasil.com.br/wp-content/uploads/2025/12/G027-g-1.jpeg,https://commanderbrasil.com.br/wp-content/uploads/2025/12/G027-g-1.jpeg,https://commanderbrasil.com.br/catalogo/rack-de-armazenamento-multifuncional-g027/
3032,G032,Suporte Armazenamento Multifuncional Premium,Acessórios de Treino,Acessórios - Série G,Rack de Armazenamento Multifunctional Premium - Código: G-032,https://commanderbrasil.com.br/wp-content/uploads/2025/12/G032-g-1.jpeg,https://commanderbrasil.com.br/wp-content/uploads/2025/12/G032-g-1.jpeg,https://commanderbrasil.com.br/catalogo/rack-de-armazenamento-multifuncional-premium-g032/
863,B1053,Suporte Barra,Suportes de Barras,Equipamentos - Série B,,https://commanderbrasil.com.br/wp-content/uploads/2025/12/B1053-bgbranco-1.webp,https://commanderbrasil.com.br/wp-content/uploads/2025/12/B1053-bgbranco-1.webp,https://commanderbrasil.com.br/catalogo/suporte-barra-b1053/
865,B1055,Suporte Barra,Suportes de Barras,Equipamentos - Série B,,https://commanderbrasil.com.br/wp-content/uploads/2025/12/B1055-bgbranco-1.webp,https://commanderbrasil.com.br/wp-content/uploads/2025/12/B1055-bgbranco-1.webp,https://commanderbrasil.com.br/catalogo/suporte-barra-b1055/
1473,LB656,Suporte Bíceps,Bíceps,Equipamentos - Série LB,,https://commanderbrasil.com.br/wp-content/uploads/2025/12/LB656-bgbranco-2.webp,https://commanderbrasil.com.br/wp-content/uploads/2025/12/LB656-bgbranco-2.webp | https://commanderbrasil.com.br/wp-content/uploads/2025/12/LB656-ambientadas-2.webp,https://commanderbrasil.com.br/catalogo/suporte-biceps-lb656/
3028,G028,Suporte CF,Acessórios de Treino,Acessórios - Série G,Rack CF - Código: G-028,https://commanderbrasil.com.br/wp-content/uploads/2025/12/G028-g-1.jpeg,https://commanderbrasil.com.br/wp-content/uploads/2025/12/G028-g-1.jpeg,https://commanderbrasil.com.br/catalogo/rack-cf-g028/
1270,SH31,Suporte De Agachamento Olímpico,Máquinas de Agachamento,Equipamentos - Série SH,,https://commanderbrasil.com.br/wp-content/uploads/2025/12/SH31-bgbranco-2.webp,https://commanderbrasil.com.br/wp-content/uploads/2025/12/SH31-bgbranco-2.webp | https://commanderbrasil.com.br/wp-content/uploads/2025/12/SH31-ambientadas-2.webp,https://commanderbrasil.com.br/catalogo/suporte-de-agachamento-olimpico-sh31/
1387,GM72A,Suporte de Anilhas,Armazenamento de Anilhas,Equipamentos - Série GM,,https://commanderbrasil.com.br/wp-content/uploads/2025/12/GM72A-bgbranco-2.webp,https://commanderbrasil.com.br/wp-content/uploads/2025/12/GM72A-bgbranco-2.webp | https://commanderbrasil.com.br/wp-content/uploads/2025/12/GM72A-ambientadas-2.webp,https://commanderbrasil.com.br/catalogo/suporte-anilhas-gm72a/
1475,LB658,Suporte de Anilhas,Armazenamento de Anilhas,Equipamentos - Série LB,,https://commanderbrasil.com.br/wp-content/uploads/2025/12/LB658-bgbranco-2.webp,https://commanderbrasil.com.br/wp-content/uploads/2025/12/LB658-bgbranco-2.webp | https://commanderbrasil.com.br/wp-content/uploads/2025/12/LB658-ambientadas-2.webp,https://commanderbrasil.com.br/catalogo/suporte-anilhas-lb658/
3014,G014,Suporte de Anilhas,Armazenamento de Anilhas,Acessórios - Série G,Suporte para Anilhas - Código: G-014,https://commanderbrasil.com.br/wp-content/uploads/2025/12/G014-g-1.jpeg,https://commanderbrasil.com.br/wp-content/uploads/2025/12/G014-g-1.jpeg,https://commanderbrasil.com.br/catalogo/suporte-para-anilhas-g014/
1253,SH14,Suporte de Anilhas,Armazenamento de Anilhas,Equipamentos - Série SH,,https://commanderbrasil.com.br/wp-content/uploads/2025/12/SH14-bgbranco-2.webp,https://commanderbrasil.com.br/wp-content/uploads/2025/12/SH14-bgbranco-2.webp | https://commanderbrasil.com.br/wp-content/uploads/2025/12/SH14-ambientadas-2.webp,https://commanderbrasil.com.br/catalogo/suporte-para-anilhas-sh14/
3015,G015,Suporte de Anilhas com Rodas,Armazenamento de Anilhas,Acessórios - Série G,Suporte para Anilhas com Rodas - Código: G-015,https://commanderbrasil.com.br/wp-content/uploads/2025/12/G015-g-1.jpeg,https://commanderbrasil.com.br/wp-content/uploads/2025/12/G015-g-1.jpeg,https://commanderbrasil.com.br/catalogo/suporte-para-anilhas-com-rodas-g015/
1009780,QHSJ266,Suporte de Armazenamento Ferramentas Pequenas,-,Acessórios - QHSJ Racks,,https://commanderbrasil.com.br/wp-content/uploads/2025/12/QH-SJ266-bgbranco.webp,https://commanderbrasil.com.br/wp-content/uploads/2025/12/QH-SJ266-bgbranco.webp | https://commanderbrasil.com.br/wp-content/uploads/2025/12/QH-SJ266-ambientadas.webp,https://commanderbrasil.com.br/catalogo/small-tools-storage-rack-qhsj266/
1009580,QHSJ248,Suporte de Barra Les Mills,-,Acessórios - QHSJ Racks,,https://commanderbrasil.com.br/wp-content/uploads/2025/12/QH-SJ248-bgbranco.webp,https://commanderbrasil.com.br/wp-content/uploads/2025/12/QH-SJ248-bgbranco.webp | https://commanderbrasil.com.br/wp-content/uploads/2025/12/QH-SJ248-ambientadas.webp,https://commanderbrasil.com.br/catalogo/les-mills-barbell-rack-qhsj248/
1466,LB649,Suporte de Barra Olímpica,Suportes de Barras,Equipamentos - Série LB,,https://commanderbrasil.com.br/wp-content/uploads/2025/12/LB649-bgbranco-2.webp,https://commanderbrasil.com.br/wp-content/uploads/2025/12/LB649-bgbranco-2.webp | https://commanderbrasil.com.br/wp-content/uploads/2025/12/LB649-3-2.webp,https://commanderbrasil.com.br/catalogo/suporte-barra-olimpica-lb649/
164,GM85,Suporte de Barras,Suportes de Barras,Equipamentos - Série GM,,https://commanderbrasil.com.br/wp-content/uploads/2025/12/GM85-bgbranco-2.webp,https://commanderbrasil.com.br/wp-content/uploads/2025/12/GM85-bgbranco-2.webp | https://commanderbrasil.com.br/wp-content/uploads/2025/12/GM85-ambientadas-2.webp,https://commanderbrasil.com.br/catalogo/suporte-barras-gm85/
1465,LB648,Suporte de Barras,Suportes de Barras,Equipamentos - Série LB,,https://commanderbrasil.com.br/wp-content/uploads/2025/12/LB648-bgbranco-2.webp,https://commanderbrasil.com.br/wp-content/uploads/2025/12/LB648-bgbranco-2.webp | https://commanderbrasil.com.br/wp-content/uploads/2025/12/LB648-3-2.webp,https://commanderbrasil.com.br/catalogo/suporte-barras-lb648/
1477,LB660,Suporte de Barras,Suportes de Barras,Equipamentos - Série LB,,https://commanderbrasil.com.br/wp-content/uploads/2025/12/LB660-bgbranco-2.webp,https://commanderbrasil.com.br/wp-content/uploads/2025/12/LB660-bgbranco-2.webp | https://commanderbrasil.com.br/wp-content/uploads/2025/12/LB660-ambientadas-2.webp,https://commanderbrasil.com.br/catalogo/suporte-barras-lb660/
1009760,QHSJ258,Suporte de Barras (9 Barras),-,Acessórios - QHSJ Racks,,https://commanderbrasil.com.br/wp-content/uploads/2025/12/QH-SJ258-bgbranco.webp,https://commanderbrasil.com.br/wp-content/uploads/2025/12/QH-SJ258-bgbranco.webp | https://commanderbrasil.com.br/wp-content/uploads/2025/12/QH-SJ258-ambientadas.webp,https://commanderbrasil.com.br/catalogo/barbell-bar-rack-9-bars-qhsj258/
3022,G022,Suporte de Barras 9 Peças,Acessórios de Treino,Acessórios - Série G,Suporte para Barras 9 Peças - Código: G-022,https://commanderbrasil.com.br/wp-content/uploads/2025/12/G022-g-1.jpeg,https://commanderbrasil.com.br/wp-content/uploads/2025/12/G022-g-1.jpeg,https://commanderbrasil.com.br/catalogo/suporte-para-barras-9-pecas-g022/
1009600,QHSJ253,Suporte de Barras Fixas (10 Barras),-,Acessórios - QHSJ Racks,,https://commanderbrasil.com.br/wp-content/uploads/2025/12/QH-SJ253-bgbranco.webp,https://commanderbrasil.com.br/wp-content/uploads/2025/12/QH-SJ253-bgbranco.webp | https://commanderbrasil.com.br/wp-content/uploads/2025/12/QH-SJ253-ambientadas.webp,https://commanderbrasil.com.br/catalogo/fixed-barbell-rack-10-bars-qhsj253/
3016,G016,Suporte de Barras Fixas 10 Peças,Acessórios de Treino,Acessórios - Série G,Suporte para Barras Fixas 10 Peças - Código: G-016,https://commanderbrasil.com.br/wp-content/uploads/2025/12/G016-g-1.jpeg,https://commanderbrasil.com.br/wp-content/uploads/2025/12/G016-g-1.jpeg,https://commanderbrasil.com.br/catalogo/suporte-para-barras-fixas-10-pecas-g016/
3010,G010,Suporte de Barras Les Mills 20 Conjuntos,Acessórios de Treino,Acessórios - Série G,Suporte para Barras Les Mills 20 Conjuntos - Código: G-010,https://commanderbrasil.com.br/wp-content/uploads/2025/12/G010-g-1.jpeg,https://commanderbrasil.com.br/wp-content/uploads/2025/12/G010-g-1.jpeg,https://commanderbrasil.com.br/catalogo/suporte-para-barras-les-mills0-conjuntos-g010/
3011,G011,Suporte de Barras Les Mills 30 Conjuntos,Acessórios de Treino,Acessórios - Série G,Suporte para Barras Les Mills 30 Conjuntos - Código: G-011,https://commanderbrasil.com.br/wp-content/uploads/2025/12/G011-g-1.jpeg,https://commanderbrasil.com.br/wp-content/uploads/2025/12/G011-g-1.jpeg,https://commanderbrasil.com.br/catalogo/suporte-para-barras-les-mills0-conjuntos-g011/
1009756,QHSJ257,Suporte de Bola Bosu (5 Bolas),Medicine Balls,Acessórios - QHSJ Racks,,https://commanderbrasil.com.br/wp-content/uploads/2025/12/QH-SJ257-bgbranco.webp,https://commanderbrasil.com.br/wp-content/uploads/2025/12/QH-SJ257-bgbranco.webp | https://commanderbrasil.com.br/wp-content/uploads/2025/12/QH-SJ257-ambientadas.webp,https://commanderbrasil.com.br/catalogo/bosu-ball-rack-balls-qhsj257/
1009608,QHSJ255,Suporte de Bola de Yoga (9 Bolas),Tapetes e Yoga,Acessórios - QHSJ Racks,,https://commanderbrasil.com.br/wp-content/uploads/2025/12/QH-SJ255-bgbranco.webp,https://commanderbrasil.com.br/wp-content/uploads/2025/12/QH-SJ255-bgbranco.webp | https://commanderbrasil.com.br/wp-content/uploads/2025/12/QH-SJ255-ambientadas.webp,https://commanderbrasil.com.br/catalogo/yoga-ball-rack-9-balls-qhsj255/
1568,CBP006,Suporte de Força,Acessórios de Treino,Equipamentos - Série CBP,,https://commanderbrasil.com.br/wp-content/uploads/2025/12/CBP006-bgbranco-2.webp,https://commanderbrasil.com.br/wp-content/uploads/2025/12/CBP006-bgbranco-2.webp | https://commanderbrasil.com.br/wp-content/uploads/2025/12/CBP006-ambientadas-2.webp,https://commanderbrasil.com.br/catalogo/rack-de-forca-cbp006/
1692,CBP126,Suporte de Força,Acessórios de Treino,Equipamentos - Série CBP,,https://commanderbrasil.com.br/wp-content/uploads/2025/12/CBP126-bgbranco-2.webp,https://commanderbrasil.com.br/wp-content/uploads/2025/12/CBP126-bgbranco-2.webp | https://commanderbrasil.com.br/wp-content/uploads/2025/12/CBP126-ambientadas-2.webp,https://commanderbrasil.com.br/catalogo/rack-de-forca-cbp126/
1691,CBP125,Suporte de Força Tipo Porta de Dragão,Outras Anilhadas,Equipamentos - Série CBP,,https://commanderbrasil.com.br/wp-content/uploads/2025/12/CBP125-bgbranco-2.webp,https://commanderbrasil.com.br/wp-content/uploads/2025/12/CBP125-bgbranco-2.webp | https://commanderbrasil.com.br/wp-content/uploads/2025/12/CBP125-ambientadas-2.webp,https://commanderbrasil.com.br/catalogo/rack-de-forca-tipo-porta-de-dragao-cbp125/
1385,GM63A,Suporte de Halteres,Suportes de Halteres,Equipamentos - Série GM,,https://commanderbrasil.com.br/wp-content/uploads/2025/12/GM63A-bgbranco-2.webp,https://commanderbrasil.com.br/wp-content/uploads/2025/12/GM63A-bgbranco-2.webp | https://commanderbrasil.com.br/wp-content/uploads/2025/12/GM63A-ambientadas-2.webp,https://commanderbrasil.com.br/catalogo/suporte-dumbbells-gm63a/
3005,G005,Suporte de Halteres,Suportes de Halteres,Acessórios - Série G,Suporte para Halteres - Código: G-005,https://commanderbrasil.com.br/wp-content/uploads/2025/12/G005-g-1.jpeg,https://commanderbrasil.com.br/wp-content/uploads/2025/12/G005-g-1.jpeg,https://commanderbrasil.com.br/catalogo/suporte-para-halteres-g005/
3036,G036,Suporte de Halteres 10 Pares Completo,Suportes de Halteres,Acessórios - Série G,Suporte para Halteres 10 Pares Completo - Código: G-036,https://commanderbrasil.com.br/wp-content/uploads/2025/12/G036-g-1.jpeg,https://commanderbrasil.com.br/wp-content/uploads/2025/12/G036-g-1.jpeg,https://commanderbrasil.com.br/catalogo/suporte-para-halteres-10-pares-completo-g036/
1476,LB659,Suporte de Halteres 2 Andares,Suportes de Halteres,Equipamentos - Série LB,,https://commanderbrasil.com.br/wp-content/uploads/2025/12/LB659-bgbranco-2.webp,https://commanderbrasil.com.br/wp-content/uploads/2025/12/LB659-bgbranco-2.webp | https://commanderbrasil.com.br/wp-content/uploads/2025/12/LB659-ambientadas-2.webp,https://commanderbrasil.com.br/catalogo/suporte-halteres-andares-lb659/
872,B1067,Suporte de Halteres 3 Níveis,Suportes de Halteres,Equipamentos - Série B,,https://commanderbrasil.com.br/wp-content/uploads/2025/12/B1067-1-2.webp,https://commanderbrasil.com.br/wp-content/uploads/2025/12/B1067-1-2.webp | https://commanderbrasil.com.br/wp-content/uploads/2025/12/B1067-2-2.webp,https://commanderbrasil.com.br/catalogo/suporte-halteres-andares-b1067/
3009,G009,Suporte de Halteres 3 Níveis,Suportes de Halteres,Acessórios - Série G,Suporte para Halteres 3 Níveis - Código: G-009,https://commanderbrasil.com.br/wp-content/uploads/2025/12/G009-g-1.jpeg,https://commanderbrasil.com.br/wp-content/uploads/2025/12/G009-g-1.jpeg,https://commanderbrasil.com.br/catalogo/suporte-para-halteres-niveis-g009/
3035,G035,Suporte de Halteres 3 Níveis Completo,Suportes de Halteres,Acessórios - Série G,Suporte para Halteres 3 Níveis Completo - Código: G-035,https://commanderbrasil.com.br/wp-content/uploads/2025/12/G035-g-1.jpeg,https://commanderbrasil.com.br/wp-content/uploads/2025/12/G035-g-1.jpeg,https://commanderbrasil.com.br/catalogo/suporte-para-halteres-niveis-completo-g035/
3008,G008,Suporte de Halteres 6 Pares,Suportes de Halteres,Acessórios - Série G,Suporte para Halteres 6 Pares - Código: G-008,https://commanderbrasil.com.br/wp-content/uploads/2025/12/G008-g-1.jpeg,https://commanderbrasil.com.br/wp-content/uploads/2025/12/G008-g-1.jpeg,https://commanderbrasil.com.br/catalogo/suporte-para-halteres-pares-g008/
1009772,QHSJ263,Suporte de Halteres Estrutura A,-,Acessórios - QHSJ Racks,,https://commanderbrasil.com.br/wp-content/uploads/2025/12/QH-SJ263-bgbranco.webp,https://commanderbrasil.com.br/wp-content/uploads/2025/12/QH-SJ263-bgbranco.webp | https://commanderbrasil.com.br/wp-content/uploads/2025/12/QH-SJ263-ambientadas.webp,https://commanderbrasil.com.br/catalogo/a-frame-dumbbell-rack-qhsj263/
1009776,QHSJ265,Suporte de Halteres Estrutura X (10 Pares),-,Acessórios - QHSJ Racks,,https://commanderbrasil.com.br/wp-content/uploads/2025/12/QH-SJ265-bgbranco.webp,https://commanderbrasil.com.br/wp-content/uploads/2025/12/QH-SJ265-bgbranco.webp | https://commanderbrasil.com.br/wp-content/uploads/2025/12/QH-SJ265-ambientadas.webp,https://commanderbrasil.com.br/catalogo/x-frame-dumbbell-rack-10-pairs-qhsj265/
3026,G026,Suporte de Halteres Pequenos 3 Pares,Suportes de Halteres,Acessórios - Série G,Suporte para Halteres Pequenos 3 Pares - Código: G-026,https://commanderbrasil.com.br/wp-content/uploads/2025/12/G026-g-1.jpeg,https://commanderbrasil.com.br/wp-content/uploads/2025/12/G026-g-1.jpeg,https://commanderbrasil.com.br/catalogo/suporte-para-halteres-pequenos-pares-g026/
1009576,QHSJ247,Suporte de Kettlebell,Kettlebells,Acessórios - QHSJ Racks,,https://commanderbrasil.com.br/wp-content/uploads/2025/12/QH-SJ247-bgbranco.webp,https://commanderbrasil.com.br/wp-content/uploads/2025/12/QH-SJ247-bgbranco.webp | https://commanderbrasil.com.br/wp-content/uploads/2025/12/QH-SJ247-ambientadas.webp,https://commanderbrasil.com.br/catalogo/kettlebell-rack-qhsj247/
1009768,QHSJ261,Suporte de Máquina de Cabo,Máquinas de Cabo,Acessórios - QHSJ Racks,,https://commanderbrasil.com.br/wp-content/uploads/2025/12/QH-SJ261-bgbranco.webp,https://commanderbrasil.com.br/wp-content/uploads/2025/12/QH-SJ261-bgbranco.webp | https://commanderbrasil.com.br/wp-content/uploads/2025/12/QH-SJ261-ambientadas.webp,https://commanderbrasil.com.br/catalogo/cable-machine-rack-qhsj261/
1009604,QHSJ254,Suporte de Medicine Ball (10 Bolas),Medicine Balls,Acessórios - QHSJ Racks,,https://commanderbrasil.com.br/wp-content/uploads/2025/12/QH-SJ254-bgbranco.webp,https://commanderbrasil.com.br/wp-content/uploads/2025/12/QH-SJ254-bgbranco.webp | https://commanderbrasil.com.br/wp-content/uploads/2025/12/QH-SJ254-ambientadas.webp,https://commanderbrasil.com.br/catalogo/medicine-ball-rack-10-balls-qhsj254/
1009472,QHSJ220,Suporte de Parede,-,Acessórios - QHSJ Treino,,https://commanderbrasil.com.br/wp-content/uploads/2025/12/QH-SJ220-bgbranco.webp,https://commanderbrasil.com.br/wp-content/uploads/2025/12/QH-SJ220-bgbranco.webp | https://commanderbrasil.com.br/wp-content/uploads/2025/12/QH-SJ220-ambientadas.webp,https://commanderbrasil.com.br/catalogo/wall-mount-qhsj220/
1009764,QHSJ260,Suporte de Parede para Barras (10 Barras),-,Acessórios - QHSJ Racks,,https://commanderbrasil.com.br/wp-content/uploads/2025/12/QH-SJ260-bgbranco.webp,https://commanderbrasil.com.br/wp-content/uploads/2025/12/QH-SJ260-bgbranco.webp | https://commanderbrasil.com.br/wp-content/uploads/2025/12/QH-SJ260-ambientadas.webp,https://commanderbrasil.com.br/catalogo/wall-mount-bar-rack-10-bars-qhsj260/
3023,G023,Suporte de Parede para Barras 8 Peças,Acessórios de Treino,Acessórios - Série G,Suporte de Parede para Barras 8 Peças - Código: G-023,https://commanderbrasil.com.br/wp-content/uploads/2025/12/G023-g-1.jpeg,https://commanderbrasil.com.br/wp-content/uploads/2025/12/G023-g-1.jpeg,https://commanderbrasil.com.br/catalogo/suporte-de-parede-para-barras-8-pecas-g023/
1009612,QHSJ256,Suporte de Saco de Força (5 Sacos),-,Acessórios - QHSJ Racks,,https://commanderbrasil.com.br/wp-content/uploads/2025/12/QH-SJ256-bgbranco.webp,https://commanderbrasil.com.br/wp-content/uploads/2025/12/QH-SJ256-bgbranco.webp | https://commanderbrasil.com.br/wp-content/uploads/2025/12/QH-SJ256-ambientadas.webp,https://commanderbrasil.com.br/catalogo/power-bag-rack-bags-qhsj256/
1009564,QHSJ243,Suporte de Saco de Pancada,-,Acessórios - QHSJ Agilidade,,https://commanderbrasil.com.br/wp-content/uploads/2025/12/QH-SJ243-bgbranco.webp,https://commanderbrasil.com.br/wp-content/uploads/2025/12/QH-SJ243-bgbranco.webp | https://commanderbrasil.com.br/wp-content/uploads/2025/12/QH-SJ243-ambientadas.webp,https://commanderbrasil.com.br/catalogo/punching-bag-stand-qhsj243/
2804,D019,Suporte Grande para Flexão,Acessórios de Treino,Acessórios - Série D,Suporte Grande para Flexão - Código: D-019,https://commanderbrasil.com.br/wp-content/uploads/2025/12/D019-d-2.jpeg,https://commanderbrasil.com.br/wp-content/uploads/2025/12/D019-d-2.jpeg,https://commanderbrasil.com.br/catalogo/suporte-grande-para-flexao-d019/
860,B1049,Suporte Halteres 2 Andares,Suportes de Halteres,Equipamentos - Série B,,https://commanderbrasil.com.br/wp-content/uploads/2025/12/B1049-bgbranco-1.webp,https://commanderbrasil.com.br/wp-content/uploads/2025/12/B1049-bgbranco-1.webp,https://commanderbrasil.com.br/catalogo/suporte-halteres-andares-b1049/
198,GM110,Suporte Halteres 3 Prateleiras,Suportes de Halteres,Equipamentos - Série GM,,https://commanderbrasil.com.br/wp-content/uploads/2025/12/GM110-bgbranco-2.webp,https://commanderbrasil.com.br/wp-content/uploads/2025/12/GM110-bgbranco-2.webp | https://commanderbrasil.com.br/wp-content/uploads/2025/12/GM110-ambientadas-2.webp,https://commanderbrasil.com.br/catalogo/suporte-halteres-prateleiras-gm110/
3013,G013,Suporte Les Mills Novo,Acessórios de Treino,Acessórios - Série G,Suporte Novo Les Mills - Código: G-013,https://commanderbrasil.com.br/wp-content/uploads/2025/12/G013-g-1.jpeg,https://commanderbrasil.com.br/wp-content/uploads/2025/12/G013-g-1.jpeg,https://commanderbrasil.com.br/catalogo/suporte-novo-les-mills-g013/
3037,G037,Suporte Móvel Completo de Anilhas,Armazenamento de Anilhas,Acessórios - Série G,Suporte Móvel para Anilhas Completo - Código: G-037,https://commanderbrasil.com.br/wp-content/uploads/2025/12/G037-g-1.jpeg,https://commanderbrasil.com.br/wp-content/uploads/2025/12/G037-g-1.jpeg,https://commanderbrasil.com.br/catalogo/suporte-movel-para-anilhas-completo-g037/
890,ZL101,Suporte Multifuncional,Treinadores Funcionais,,,https://commanderbrasil.com.br/wp-content/uploads/2025/12/ZL101-bgbranco-2.webp,https://commanderbrasil.com.br/wp-content/uploads/2025/12/ZL101-bgbranco-2.webp | https://commanderbrasil.com.br/wp-content/uploads/2025/12/ZL101-ambientadas-2.webp,https://commanderbrasil.com.br/catalogo/rack-multifuncional-zl101/
901,1224A,Suporte Multifuncional,Acessórios de Treino,Equipamentos - Série B,,,,https://commanderbrasil.com.br/catalogo/rack-multifuncional-1224a/
902,CMD1225,Suporte Multifuncional,Acessórios de Treino,Equipamentos - Série 360,,https://commanderbrasil.com.br/wp-content/uploads/2025/12/CMD-1225-bgbranco-1.webp,https://commanderbrasil.com.br/wp-content/uploads/2025/12/CMD-1225-bgbranco-1.webp | https://commanderbrasil.com.br/wp-content/uploads/2025/12/CMD-1225-ambientadas-1.webp,https://commanderbrasil.com.br/catalogo/rack-multifuncional-cmd1225/
1004681,CMD1224,Suporte Multifuncional,Acessórios de Treino,Equipamentos - Série 360,,https://commanderbrasil.com.br/wp-content/uploads/2025/12/CMD-1224-bgbranco.webp,https://commanderbrasil.com.br/wp-content/uploads/2025/12/CMD-1224-bgbranco.webp | https://commanderbrasil.com.br/wp-content/uploads/2025/12/CMD-1224-ambientadas.webp,https://commanderbrasil.com.br/catalogo/rack-multifuncional-cmd1224/
3033,G033,Suporte para Agachamento,Máquinas de Agachamento,Acessórios - Série G,Rack para Squat - Código: G-033,https://commanderbrasil.com.br/wp-content/uploads/2025/12/G033-g-1.jpeg,https://commanderbrasil.com.br/wp-content/uploads/2025/12/G033-g-1.jpeg,https://commanderbrasil.com.br/catalogo/rack-para-agachamento-g033/
1249,SH08,Suporte Para Agachamento E Avanço,Máquinas de Agachamento,Equipamentos - Série SH,,https://commanderbrasil.com.br/wp-content/uploads/2025/12/SH08-bgbranco-2.webp,https://commanderbrasil.com.br/wp-content/uploads/2025/12/SH08-bgbranco-2.webp | https://commanderbrasil.com.br/wp-content/uploads/2025/12/SH08-ambientadas-2.webp,https://commanderbrasil.com.br/catalogo/suporte-para-agachamento-e-avanco-sh08/
3041,G041,Suporte para Barris,Acessórios de Treino,Acessórios - Série G,Suporte para Barris - Código: G-041,https://commanderbrasil.com.br/wp-content/uploads/2025/12/G041-g-1.jpeg,https://commanderbrasil.com.br/wp-content/uploads/2025/12/G041-g-1.jpeg,https://commanderbrasil.com.br/catalogo/suporte-para-barris-g041/
3030,G030,Suporte para Barris VIPR,Acessórios de Treino,Acessórios - Série G,Suporte para Barris VIPR - Código: G-030,https://commanderbrasil.com.br/wp-content/uploads/2025/12/G030-g-1.jpeg,https://commanderbrasil.com.br/wp-content/uploads/2025/12/G030-g-1.jpeg,https://commanderbrasil.com.br/catalogo/suporte-para-barris-vipr-g030/
3039,G039,Suporte para Barris VIPR Completo,Acessórios de Treino,Acessórios - Série G,Suporte para Barris VIPR Completo - Código: G-039,https://commanderbrasil.com.br/wp-content/uploads/2025/12/G039-g-1.jpeg,https://commanderbrasil.com.br/wp-content/uploads/2025/12/G039-g-1.jpeg,https://commanderbrasil.com.br/catalogo/suporte-para-barris-vipr-completo-g039/
1290,SH61,Suporte Para Bars,Outras Anilhadas,Equipamentos - Série SH,,https://commanderbrasil.com.br/wp-content/uploads/2025/12/SH61-bgbranco-2.webp,https://commanderbrasil.com.br/wp-content/uploads/2025/12/SH61-bgbranco-2.webp | https://commanderbrasil.com.br/wp-content/uploads/2025/12/SH61-ambientadas-2.webp,https://commanderbrasil.com.br/catalogo/suporte-para-barras-sh61/
1305,SH85,Suporte Para Bars,Outras Anilhadas,Equipamentos - Série SH,,https://commanderbrasil.com.br/wp-content/uploads/2025/12/SH85-bgbranco-2.webp,https://commanderbrasil.com.br/wp-content/uploads/2025/12/SH85-bgbranco-2.webp | https://commanderbrasil.com.br/wp-content/uploads/2025/12/SH85-ambientadas-2.webp,https://commanderbrasil.com.br/catalogo/suporte-para-barras-sh85/
3021,G021,Suporte para Bolas Bosu 5 Peças,Acessórios de Treino,Acessórios - Série G,Suporte para Bolas Bosu 5 Peças - Código: G-021,https://commanderbrasil.com.br/wp-content/uploads/2025/12/G021-g-1.jpeg,https://commanderbrasil.com.br/wp-content/uploads/2025/12/G021-g-1.jpeg,https://commanderbrasil.com.br/catalogo/suporte-para-bolas-bosu-pecas-g021/
3017,G017,Suporte para Bolas Medicinais 5 Peças,Acessórios de Treino,Acessórios - Série G,Suporte para Bolas Medicinais 5 Peças - Código: G-017,https://commanderbrasil.com.br/wp-content/uploads/2025/12/G017-g-1.jpeg,https://commanderbrasil.com.br/wp-content/uploads/2025/12/G017-g-1.jpeg,https://commanderbrasil.com.br/catalogo/suporte-para-bolas-medicinais-pecas-g017/
2682,C073,Suporte para Bolas Yoga - Torre,Tapetes e Yoga,Acessórios - Série C,Suporte para Bolas de Yoga - Torre - Código: C-073,https://commanderbrasil.com.br/wp-content/uploads/2025/12/C-073-c-2.jpeg,https://commanderbrasil.com.br/wp-content/uploads/2025/12/C-073-c-2.jpeg,https://commanderbrasil.com.br/catalogo/suporte-para-bolas-de-yoga-torre-c073/
3019,G019,Suporte para Bolas Yoga 9 Peças,Tapetes e Yoga,Acessórios - Série G,Suporte para Bolas de Yoga 9 Peças - Código: G-019,https://commanderbrasil.com.br/wp-content/uploads/2025/12/G019-g-1.jpeg,https://commanderbrasil.com.br/wp-content/uploads/2025/12/G019-g-1.jpeg,https://commanderbrasil.com.br/catalogo/suporte-para-bolas-de-yoga-9-pecas-g019/
3040,G040,Suporte para Bolas Yoga Torre,Tapetes e Yoga,Acessórios - Série G,Suporte para Bolas de Yoga Torre - Código: G-040,https://commanderbrasil.com.br/wp-content/uploads/2025/12/G040-g-1.jpeg,https://commanderbrasil.com.br/wp-content/uploads/2025/12/G040-g-1.jpeg,https://commanderbrasil.com.br/catalogo/suporte-para-bolas-de-yoga-torre-g040/
1283,SH50,Suporte Para Dumbbells,Suportes de Halteres,Equipamentos - Série SH,,https://commanderbrasil.com.br/wp-content/uploads/2025/12/SH50-bgbranco-2.webp,https://commanderbrasil.com.br/wp-content/uploads/2025/12/SH50-bgbranco-2.webp | https://commanderbrasil.com.br/wp-content/uploads/2025/12/SH50-ambientadas-2.webp,https://commanderbrasil.com.br/catalogo/suporte-para-halteres-sh50/
1009384,QHSJ197,Suporte para Flexão,-,Acessórios - QHSJ Treino,,https://commanderbrasil.com.br/wp-content/uploads/2025/12/QH-SJ197-bgbranco.webp,https://commanderbrasil.com.br/wp-content/uploads/2025/12/QH-SJ197-bgbranco.webp | https://commanderbrasil.com.br/wp-content/uploads/2025/12/QH-SJ197-ambientadas.webp,https://commanderbrasil.com.br/catalogo/push-up-stand-qhsj197/
2802,D017,Suporte para Flexão em S,Acessórios de Treino,Acessórios - Série D,Suporte para Flexão em S - Código: D-017,https://commanderbrasil.com.br/wp-content/uploads/2025/12/D017-d-2.jpeg,https://commanderbrasil.com.br/wp-content/uploads/2025/12/D017-d-2.jpeg,https://commanderbrasil.com.br/catalogo/suporte-para-flexao-em-s-d017/
3006,G006,Suporte para Kettlebells,Kettlebells,Acessórios - Série G,Suporte para Kettlebells - Código: G-006,https://commanderbrasil.com.br/wp-content/uploads/2025/12/G006-g-1.jpeg,https://commanderbrasil.com.br/wp-content/uploads/2025/12/G006-g-1.jpeg,https://commanderbrasil.com.br/catalogo/suporte-para-kettlebells-g006/
3020,G020,Suporte para Pacotes Energia 5 Peças,Acessórios de Treino,Acessórios - Série G,Suporte para Pacotes de Energia 5 Peças - Código: G-020,https://commanderbrasil.com.br/wp-content/uploads/2025/12/G020-g-1.jpeg,https://commanderbrasil.com.br/wp-content/uploads/2025/12/G020-g-1.jpeg,https://commanderbrasil.com.br/catalogo/suporte-para-pacotes-de-energia-pecas-g020/
3007,G007,Suporte para Suspensão TRX,Acessórios de Treino,Acessórios - Série G,Suporte para Suspensão TRX - Código: G-007,https://commanderbrasil.com.br/wp-content/uploads/2025/12/G007-g-1.jpeg,https://commanderbrasil.com.br/wp-content/uploads/2025/12/G007-g-1.jpeg,https://commanderbrasil.com.br/catalogo/suporte-para-suspensao-trx-g007/
3038,G038,Suporte Premium de Barras,Acessórios de Treino,Acessórios - Série G,Suporte Premium para Barras - Código: G-038,https://commanderbrasil.com.br/wp-content/uploads/2025/12/G038-g-1.jpeg,https://commanderbrasil.com.br/wp-content/uploads/2025/12/G038-g-1.jpeg,https://commanderbrasil.com.br/catalogo/suporte-premium-para-barras-g038/
3012,G012,Suporte Premium Les Mills,Acessórios de Treino,Acessórios - Série G,Suporte Premium Les Mills - Código: G-012,https://commanderbrasil.com.br/wp-content/uploads/2025/12/G012-g-1.jpeg,https://commanderbrasil.com.br/wp-content/uploads/2025/12/G012-g-1.jpeg,https://commanderbrasil.com.br/catalogo/suporte-premium-les-mills-g012/
3018,G018,Suporte Profissional para Bolas Medicinais 10 Peças,Acessórios de Treino,Acessórios - Série G,Suporte Professional para Bolas Medicinais 10 Peças - Código: G-018,https://commanderbrasil.com.br/wp-content/uploads/2025/12/G018-g-1.jpeg,https://commanderbrasil.com.br/wp-content/uploads/2025/12/G018-g-1.jpeg,https://commanderbrasil.com.br/catalogo/suporte-profissional-para-bolas-medicinais-10-pecas-g018/
1009170,QHSJ98,Suporte Simples para Barra Olímpica,-,Acessórios - QHSJ Barras,,https://commanderbrasil.com.br/wp-content/uploads/2025/12/QHSJ98-bgbranco.webp,https://commanderbrasil.com.br/wp-content/uploads/2025/12/QHSJ98-bgbranco.webp | https://commanderbrasil.com.br/wp-content/uploads/2025/12/QHSJ98-ambientada.webp,https://commanderbrasil.com.br/catalogo/olympic-bar-single-post-qhsj98/
3024,G024,Suporte Triangular de Halteres 10 Pares,Suportes de Halteres,Acessórios - Série G,Suporte Triangular para Halteres 10 Pares - Código: G-024,https://commanderbrasil.com.br/wp-content/uploads/2025/12/G024-g-1.jpeg,https://commanderbrasil.com.br/wp-content/uploads/2025/12/G024-g-1.jpeg,https://commanderbrasil.com.br/catalogo/suporte-triangular-para-halteres-10-pares-g024/
2803,D018,Suporte Universal para Flexão,Acessórios de Treino,Acessórios - Série D,Suporte Universal para Flexão - Código: D-018,https://commanderbrasil.com.br/wp-content/uploads/2025/12/D018-d-2.jpeg,https://commanderbrasil.com.br/wp-content/uploads/2025/12/D018-d-2.jpeg,https://commanderbrasil.com.br/catalogo/suporte-universal-para-flexao-d018/
3042,QHSJ262,Suporte Vertical de Halteres,Suportes de Halteres,Acessórios - Série G,Suporte Vertical para Halteres - Código: QH-SJ262,https://commanderbrasil.com.br/wp-content/uploads/2025/12/QH-SJ262-bgbranco.webp,https://commanderbrasil.com.br/wp-content/uploads/2025/12/QH-SJ262-bgbranco.webp | https://commanderbrasil.com.br/wp-content/uploads/2025/12/QH-SJ262-ambientadas.webp,https://commanderbrasil.com.br/catalogo/suporte-vertical-para-halteres-qhsj262/
3025,G025,Suporte X de Halteres 10 Pares,Suportes de Halteres,Acessórios - Série G,Suporte em X para Halteres 10 Pares - Código: G-025,https://commanderbrasil.com.br/wp-content/uploads/2025/12/G025-g-1.jpeg,https://commanderbrasil.com.br/wp-content/uploads/2025/12/G025-g-1.jpeg,https://commanderbrasil.com.br/catalogo/suporte-em-x-para-halteres-10-pares-g025/
2907,E030,Tanques com Cesta,Acessórios de Treino,Acessórios - Série E,Tanques com Cesta - Código: E-030,https://commanderbrasil.com.br/wp-content/uploads/2025/12/E030-e-1.jpeg,https://commanderbrasil.com.br/wp-content/uploads/2025/12/E030-e-1.jpeg,https://commanderbrasil.com.br/catalogo/tanques-com-cesta-e030/
2906,E029,Tanques sem Cesta,Acessórios de Treino,Acessórios - Série E,Tanques sem Cesta - Código: E-029,https://commanderbrasil.com.br/wp-content/uploads/2025/12/E029-e-1.jpeg,https://commanderbrasil.com.br/wp-content/uploads/2025/12/E029-e-1.jpeg,https://commanderbrasil.com.br/catalogo/tanques-sem-cesta-e029/
1009412,QHSJ205,Tapete Abdominal (Sit-Up),Máquinas Abdominais,Acessórios - QHSJ Treino,,https://commanderbrasil.com.br/wp-content/uploads/2025/12/QH-SJ205-bgbranco.webp,https://commanderbrasil.com.br/wp-content/uploads/2025/12/QH-SJ205-bgbranco.webp | https://commanderbrasil.com.br/wp-content/uploads/2025/12/QH-SJ205-ambientadas.webp,https://commanderbrasil.com.br/catalogo/ab-mat-sit-up-pad-qhsj205/
1009656,QHSJ155,Tapete de Ginástica,Tapetes e Yoga,Acessórios - QHSJ Yoga,,https://commanderbrasil.com.br/wp-content/uploads/2025/12/QH-SJ155-bgbranco.webp,https://commanderbrasil.com.br/wp-content/uploads/2025/12/QH-SJ155-bgbranco.webp | https://commanderbrasil.com.br/wp-content/uploads/2025/12/QH-SJ155-ambientadas.webp,https://commanderbrasil.com.br/catalogo/gymnastics-mat-qhsj155/
1009648,QHSJ152,Tapete de Yoga PVC,Tapetes e Yoga,Acessórios - QHSJ Yoga,,https://commanderbrasil.com.br/wp-content/uploads/2025/12/QH-SJ152-bgbranco.webp,https://commanderbrasil.com.br/wp-content/uploads/2025/12/QH-SJ152-bgbranco.webp | https://commanderbrasil.com.br/wp-content/uploads/2025/12/QH-SJ152-ambientadas.webp,https://commanderbrasil.com.br/catalogo/pvc-yoga-mat-qhsj152/
1009652,QHSJ153,Tapete de Yoga TPE,Tapetes e Yoga,Acessórios - QHSJ Yoga,,https://commanderbrasil.com.br/wp-content/uploads/2025/12/QHSJ153-bgbranco.webp,https://commanderbrasil.com.br/wp-content/uploads/2025/12/QHSJ153-bgbranco.webp | https://commanderbrasil.com.br/wp-content/uploads/2025/12/QHSJ153-ambientada.webp,https://commanderbrasil.com.br/catalogo/tpe-yoga-mat-qhsj153/
2646,C037,Tapete Ginástica 120cm,Tapetes e Yoga,Acessórios - Série C,Tapete de Ginástica 120cm - Código: C-037,https://commanderbrasil.com.br/wp-content/uploads/2025/12/C-037-c-2.jpeg,https://commanderbrasil.com.br/wp-content/uploads/2025/12/C-037-c-2.jpeg,https://commanderbrasil.com.br/catalogo/tapete-de-ginastica-120cm-c037/
2645,C036,Tapete Ginástica 140cm,Tapetes e Yoga,Acessórios - Série C,Tapete de Ginástica 140cm - Código: C-036,https://commanderbrasil.com.br/wp-content/uploads/2025/12/C-036-c-2.jpeg,https://commanderbrasil.com.br/wp-content/uploads/2025/12/C-036-c-2.jpeg,https://commanderbrasil.com.br/catalogo/tapete-de-ginastica-140cm-c036/
2644,C035,Tapete Ginástica 160cm,Tapetes e Yoga,Acessórios - Série C,Tapete de Ginástica 160cm - Código: C-035,https://commanderbrasil.com.br/wp-content/uploads/2025/12/C-035-c-2.jpeg,https://commanderbrasil.com.br/wp-content/uploads/2025/12/C-035-c-2.jpeg,https://commanderbrasil.com.br/catalogo/tapete-de-ginastica-160cm-c035/
2828,D043,Tapete Máquina Abdominal (Sit-up),Tapetes e Yoga,Acessórios - Série D,Tapete Máquina Abdominal (Sit-up) - Código: D-043,https://commanderbrasil.com.br/wp-content/uploads/2025/12/D043-d-2.jpeg,https://commanderbrasil.com.br/wp-content/uploads/2025/12/D043-d-2.jpeg,https://commanderbrasil.com.br/catalogo/tapete-abdominal-sit-up-d043/
1009660,QHSJ158,Tapete Tri-Dobrável,Tapetes e Yoga,Acessórios - QHSJ Yoga,,https://commanderbrasil.com.br/wp-content/uploads/2025/12/QH-SJ158-bgbranco.webp,https://commanderbrasil.com.br/wp-content/uploads/2025/12/QH-SJ158-bgbranco.webp | https://commanderbrasil.com.br/wp-content/uploads/2025/12/QH-SJ158-ambientadas.webp,https://commanderbrasil.com.br/catalogo/tri-fold-mat-qhsj158/
2643,C034,Tapete Yoga Luxo,Tapetes e Yoga,Acessórios - Série C,Tapete de Yoga de Luxo - Código: C-034,https://commanderbrasil.com.br/wp-content/uploads/2025/12/C-034-c-2.jpeg,https://commanderbrasil.com.br/wp-content/uploads/2025/12/C-034-c-2.jpeg,https://commanderbrasil.com.br/catalogo/tapete-de-yoga-de-luxo-c034/
2632,C023,Tapete Yoga PVC,Tapetes e Yoga,Acessórios - Série C,Tapete de Yoga PVC - Código: C-023,https://commanderbrasil.com.br/wp-content/uploads/2025/12/C-023-c-2.jpeg,https://commanderbrasil.com.br/wp-content/uploads/2025/12/C-023-c-2.jpeg,https://commanderbrasil.com.br/catalogo/tapete-de-yoga-pvc-c023/
2640,C031,Tapete Yoga PVC Premium,Tapetes e Yoga,Acessórios - Série C,Tapete de Yoga PVC Premium - Código: C-031,https://commanderbrasil.com.br/wp-content/uploads/2025/12/C-031-c-2.jpeg,https://commanderbrasil.com.br/wp-content/uploads/2025/12/C-031-c-2.jpeg,https://commanderbrasil.com.br/catalogo/tapete-de-yoga-pvc-premium-c031/
2641,C032,Tapete Yoga TPE Dupla Face,Tapetes e Yoga,Acessórios - Série C,Tapete de Yoga TPE Dupla Face - Código: C-032,https://commanderbrasil.com.br/wp-content/uploads/2025/12/C-032-c-2.jpeg,https://commanderbrasil.com.br/wp-content/uploads/2025/12/C-032-c-2.jpeg,https://commanderbrasil.com.br/catalogo/tapete-de-yoga-tpe-dupla-face-c032/
2639,C030,Tapete Yoga TPE Monocamada,Tapetes e Yoga,Acessórios - Série C,Tapete de Yoga TPE Monocamada - Código: C-030,https://commanderbrasil.com.br/wp-content/uploads/2025/12/C-030-c-2.jpeg,https://commanderbrasil.com.br/wp-content/uploads/2025/12/C-030-c-2.jpeg,https://commanderbrasil.com.br/catalogo/tapete-de-yoga-tpe-monocamada-c030/
2642,C033,Tapete Yoga TPE Postura,Tapetes e Yoga,Acessórios - Série C,Tapete de Yoga TPE Postura - Código: C-033,https://commanderbrasil.com.br/wp-content/uploads/2025/12/C-033-c-2.jpeg,https://commanderbrasil.com.br/wp-content/uploads/2025/12/C-033-c-2.jpeg,https://commanderbrasil.com.br/catalogo/tapete-de-yoga-tpe-postura-c033/
3064,XMH005,Tatame Jiu-Jitsu 30mm,Acessórios de Treino,Acessórios - Série XM-H,Tatame Jiu-Jitsu 30mm - Código: XM-H005,https://commanderbrasil.com.br/wp-content/uploads/2025/12/XM-H005-xm-1.jpeg,https://commanderbrasil.com.br/wp-content/uploads/2025/12/XM-H005-xm-1.jpeg,https://commanderbrasil.com.br/catalogo/tatame-jiu-jitsu0mm-xmh005/
1004668,-,teste,-,,,,,https://commanderbrasil.com.br/catalogo/teste/
2618,C009,Tijolos de Yoga Bicolor,Tapetes e Yoga,Acessórios - Série C,Tijolos de Yoga Bicolor - Código: C-009,https://commanderbrasil.com.br/wp-content/uploads/2025/12/C-009-c-1.jpeg,https://commanderbrasil.com.br/wp-content/uploads/2025/12/C-009-c-1.jpeg,https://commanderbrasil.com.br/catalogo/tijolos-de-yoga-bicolor-c009/
2677,C068,Toalha Yoga Antiderrapante,Tapetes e Yoga,Acessórios - Série C,Toalha de Yoga Antiderrapante - Código: C-068,https://commanderbrasil.com.br/wp-content/uploads/2025/12/C-068-c-2.jpeg,https://commanderbrasil.com.br/wp-content/uploads/2025/12/C-068-c-2.jpeg,https://commanderbrasil.com.br/catalogo/toalha-de-yoga-antiderrapante-c068/
1009332,QHSJ140,Tornozeleira Dupla com Argola D,-,Acessórios - QHSJ Barras,,https://commanderbrasil.com.br/wp-content/uploads/2025/12/QHSJ140-bgbranco.webp,https://commanderbrasil.com.br/wp-content/uploads/2025/12/QHSJ140-bgbranco.webp | https://commanderbrasil.com.br/wp-content/uploads/2025/12/QHSJ140-ambientada.webp,https://commanderbrasil.com.br/catalogo/double-d-ring-ankle-strap-qhsj140/
1573,CBP009,Torre de Força,Outros Racks,Equipamentos - Série CBP,,https://commanderbrasil.com.br/wp-content/uploads/2025/12/CBP009-bgbranco-2.webp,https://commanderbrasil.com.br/wp-content/uploads/2025/12/CBP009-bgbranco-2.webp | https://commanderbrasil.com.br/wp-content/uploads/2025/12/CBP009-ambientadas-2.webp,https://commanderbrasil.com.br/catalogo/torre-de-forca-cbp009/
1628,CBP062,Torre Smith Inclinado Duplo Sistema,Máquinas Smith,Equipamentos - Série CBP,,https://commanderbrasil.com.br/wp-content/uploads/2025/12/CBP062-bgbranco-2.webp,https://commanderbrasil.com.br/wp-content/uploads/2025/12/CBP062-bgbranco-2.webp | https://commanderbrasil.com.br/wp-content/uploads/2025/12/CBP062-ambientadas-2.webp,https://commanderbrasil.com.br/catalogo/torre-smith-inclinacao-duplo-sistema-cbp062/
1410,GT02,Torre Supino,Outros Cardio,Equipamentos - Série GT,,https://commanderbrasil.com.br/wp-content/uploads/2025/12/GT02-bgbranco-2.webp,https://commanderbrasil.com.br/wp-content/uploads/2025/12/GT02-bgbranco-2.webp | https://commanderbrasil.com.br/wp-content/uploads/2025/12/GT02-ambientadas-2.webp,https://commanderbrasil.com.br/catalogo/tower-press-gt02/
1438,LB619,Torso Rotativo,Rotação de Torso,Equipamentos - Série LB,,https://commanderbrasil.com.br/wp-content/uploads/2025/12/LB619-bgbranco-2.webp,https://commanderbrasil.com.br/wp-content/uploads/2025/12/LB619-bgbranco-2.webp | https://commanderbrasil.com.br/wp-content/uploads/2025/12/LB619-2-2.webp,https://commanderbrasil.com.br/catalogo/torso-rotativo-lb619/
2975,F028,Trampolim Circular com Mola 40 polegadas,Acessórios de Treino,Acessórios - Série F,Trampolim Circular com Mola 40 polegadas - Código: F-028,https://commanderbrasil.com.br/wp-content/uploads/2025/12/F028-f-1.jpeg,https://commanderbrasil.com.br/wp-content/uploads/2025/12/F028-f-1.jpeg,https://commanderbrasil.com.br/catalogo/trampolim-circular-com-mola0-polegadas-f028/
2974,F027,Trampolim Circular Elástico 40 polegadas,Acessórios de Treino,Acessórios - Série F,Trampolim Circular Elástico 40 polegadas - Código: F-027,https://commanderbrasil.com.br/wp-content/uploads/2025/12/F027-f-1.jpeg,https://commanderbrasil.com.br/wp-content/uploads/2025/12/F027-f-1.jpeg,https://commanderbrasil.com.br/catalogo/trampolim-circular-elastico0-polegadas-f027/
1009584,QHSJ249,Trampolim Hexagonal,-,Acessórios - QHSJ Agilidade,,https://commanderbrasil.com.br/wp-content/uploads/2025/12/QH-SJ249-bgbranco.webp,https://commanderbrasil.com.br/wp-content/uploads/2025/12/QH-SJ249-bgbranco.webp | https://commanderbrasil.com.br/wp-content/uploads/2025/12/QH-SJ249-ambientadas.webp,https://commanderbrasil.com.br/catalogo/hexagonal-trampoline-qhsj249/
2972,F025,Trampolim Hexagonal 1.1m,Acessórios de Treino,Acessórios - Série F,Trampolim Hexagonal 1.1m - Código: F-025,https://commanderbrasil.com.br/wp-content/uploads/2025/12/F025-f-1.jpeg,https://commanderbrasil.com.br/wp-content/uploads/2025/12/F025-f-1.jpeg,https://commanderbrasil.com.br/catalogo/trampolim-hexagonal-1-1m-f025/
2973,F026,Trampolim Hexagonal com Corrimão 1.2m,Acessórios de Treino,Acessórios - Série F,Trampolim Hexagonal com Corrimão 1.2m - Código: F-026,https://commanderbrasil.com.br/wp-content/uploads/2025/12/F026-f-1.jpeg,https://commanderbrasil.com.br/wp-content/uploads/2025/12/F026-f-1.jpeg,https://commanderbrasil.com.br/catalogo/trampolim-hexagonal-com-corrimao-1m-f026/
2787,D003,Trampolim para Medicine Ball,Medicine Balls,Acessórios - Série D,Trampolim para Medicine Ball - Código: D-003,https://commanderbrasil.com.br/wp-content/uploads/2025/12/D003-d-2.jpeg,https://commanderbrasil.com.br/wp-content/uploads/2025/12/D003-d-2.jpeg,https://commanderbrasil.com.br/catalogo/trampolim-para-bola-medicinal-d003/
2992,F045,Trampolim Redondo com Corrimão 40 polegadas,Acessórios de Treino,Acessórios - Série F,Trampolim Redondo com Corrimão 40 polegadas - Código: F-045,https://commanderbrasil.com.br/wp-content/uploads/2025/12/F045-f-1.jpeg,https://commanderbrasil.com.br/wp-content/uploads/2025/12/F045-f-1.jpeg,https://commanderbrasil.com.br/catalogo/trampolim-redondo-com-corrimao0-polegadas-f045/
2613,C004,Travesseiro de Yoga Premium,Tapetes e Yoga,Acessórios - Série C,Travesseiro de Yoga Premium - Código: C-004,https://commanderbrasil.com.br/wp-content/uploads/2025/12/C-004-c-1.jpeg,https://commanderbrasil.com.br/wp-content/uploads/2025/12/C-004-c-1.jpeg,https://commanderbrasil.com.br/catalogo/travesseiro-de-yoga-premium-c004/
898,B1222B,Treinador de Antebraço (tubo oval),Outras Máquinas,Equipamentos - Série B,,,,https://commanderbrasil.com.br/catalogo/treinador-de-antebraco-tubo-oval-b1222b/
897,1222,Treinador de Antebraço (tubo quadrado),Outras Máquinas,Equipamentos - Série B,,,,https://commanderbrasil.com.br/catalogo/treinador-de-antebraco-tubo-quadrado-1222/
1009464,QHSJ218,Treinador de Pescoço,-,Acessórios - QHSJ Treino,,https://commanderbrasil.com.br/wp-content/uploads/2025/12/QH-SJ218-bgbranco.webp,https://commanderbrasil.com.br/wp-content/uploads/2025/12/QH-SJ218-bgbranco.webp | https://commanderbrasil.com.br/wp-content/uploads/2025/12/QH-SJ218-ambientadas.webp,https://commanderbrasil.com.br/catalogo/neck-trainer-qhsj218/
1009468,QHSJ219,Treinador de Suspensão TRX,-,Acessórios - QHSJ Treino,,https://commanderbrasil.com.br/wp-content/uploads/2025/12/QHSJ219-bgbranco.webp,https://commanderbrasil.com.br/wp-content/uploads/2025/12/QHSJ219-bgbranco.webp | https://commanderbrasil.com.br/wp-content/uploads/2025/12/QHSJ219-ambientada.webp,https://commanderbrasil.com.br/catalogo/trx-suspension-trainer-qhsj219/
1381,GM21,Treinador Funcional,Treinadores Funcionais,Equipamentos - Série GM,,https://commanderbrasil.com.br/wp-content/uploads/2025/12/GM21-bgbranco-2.webp,https://commanderbrasil.com.br/wp-content/uploads/2025/12/GM21-bgbranco-2.webp | https://commanderbrasil.com.br/wp-content/uploads/2025/12/GM21-ambientadas-2.webp,https://commanderbrasil.com.br/catalogo/treinador-funcional-gm21/
1460,LB642,Treinador Funcional,Treinadores Funcionais,Equipamentos - Série LB,,https://commanderbrasil.com.br/wp-content/uploads/2025/12/LB642-bgbranco-2.webp,https://commanderbrasil.com.br/wp-content/uploads/2025/12/LB642-bgbranco-2.webp | https://commanderbrasil.com.br/wp-content/uploads/2025/12/LB642-3-2.webp,https://commanderbrasil.com.br/catalogo/treinamento-funcional-lb642/
1009460,QHSJ217,Treinador TRX RIP,-,Acessórios - QHSJ Treino,,https://commanderbrasil.com.br/wp-content/uploads/2025/12/QH-SJ217-bgbranco.webp,https://commanderbrasil.com.br/wp-content/uploads/2025/12/QH-SJ217-bgbranco.webp | https://commanderbrasil.com.br/wp-content/uploads/2025/12/QH-SJ217-ambientadas.webp,https://commanderbrasil.com.br/catalogo/trx-rip-trainer-qhsj217/
1004673,B1017,Treinamento Funcional,Treinadores Funcionais,Equipamentos - Série B,,https://commanderbrasil.com.br/wp-content/uploads/2025/12/B1017-bgbranco.webp,https://commanderbrasil.com.br/wp-content/uploads/2025/12/B1017-bgbranco.webp,https://commanderbrasil.com.br/catalogo/treinamento-funcional-b1017/
1009492,QHSJ225,Trenó,-,Acessórios - QHSJ Treino,,https://commanderbrasil.com.br/wp-content/uploads/2025/12/QH-SJ225-bgbranco.webp,https://commanderbrasil.com.br/wp-content/uploads/2025/12/QH-SJ225-bgbranco.webp | https://commanderbrasil.com.br/wp-content/uploads/2025/12/QH-SJ225-ambientadas.webp,https://commanderbrasil.com.br/catalogo/sled-qhsj225/
1009476,QHSJ221,Trenó de Treino com Peso,-,Acessórios - QHSJ Treino,,https://commanderbrasil.com.br/wp-content/uploads/2025/12/QH-SJ221-bgbranco.webp,https://commanderbrasil.com.br/wp-content/uploads/2025/12/QH-SJ221-bgbranco.webp | https://commanderbrasil.com.br/wp-content/uploads/2025/12/QH-SJ221-ambientadas.webp,https://commanderbrasil.com.br/catalogo/weight-training-sled-qhsj221/
1009480,QHSJ222,Trenó de Treino com Peso,-,Acessórios - QHSJ Treino,,https://commanderbrasil.com.br/wp-content/uploads/2025/12/QH-SJ222-bgbranco.webp,https://commanderbrasil.com.br/wp-content/uploads/2025/12/QH-SJ222-bgbranco.webp | https://commanderbrasil.com.br/wp-content/uploads/2025/12/QH-SJ222-ambientadas.webp,https://commanderbrasil.com.br/catalogo/weight-training-sled-qhsj222/
1539,LBE36,Trenó Tanque,Outros Cardio,Equipamentos - Série LB-E,,https://commanderbrasil.com.br/wp-content/uploads/2025/12/LB-E36-bgbranco-1.webp,https://commanderbrasil.com.br/wp-content/uploads/2025/12/LB-E36-bgbranco-1.webp | https://commanderbrasil.com.br/wp-content/uploads/2025/12/LB-E36-ambientadas-1.webp,https://commanderbrasil.com.br/catalogo/treno-tanque-lbe36/
2892,E015,Trenó Treino com Peso,Acessórios de Treino,Acessórios - Série E,Trenó de Treinamento com Peso - Código: E-015,https://commanderbrasil.com.br/wp-content/uploads/2025/12/E015-e-2.jpeg,https://commanderbrasil.com.br/wp-content/uploads/2025/12/E015-e-2.jpeg,https://commanderbrasil.com.br/catalogo/treno-de-treinamento-com-peso-e015/
1440,LB621,Tríceps,Tríceps,Equipamentos - Série LB,,https://commanderbrasil.com.br/wp-content/uploads/2025/12/LB621-bgbranco-2.webp,https://commanderbrasil.com.br/wp-content/uploads/2025/12/LB621-bgbranco-2.webp | https://commanderbrasil.com.br/wp-content/uploads/2025/12/LB621-2-2.webp,https://commanderbrasil.com.br/catalogo/triceps-lb621/
1000137,LBF10,Tríceps,Outras Anilhadas,Equipamentos - Série LB-F,,https://commanderbrasil.com.br/wp-content/uploads/2025/12/LB-F10-bgbranco-2.webp,https://commanderbrasil.com.br/wp-content/uploads/2025/12/LB-F10-bgbranco-2.webp | https://commanderbrasil.com.br/wp-content/uploads/2025/12/LB-F10-ambientadas-2.webp,https://commanderbrasil.com.br/catalogo/triceps-lbf10/
1449,LB630,Tríceps Anilhado,Outras Anilhadas,Equipamentos - Série LB,,https://commanderbrasil.com.br/wp-content/uploads/2025/12/LB630-bgbranco-2.webp,https://commanderbrasil.com.br/wp-content/uploads/2025/12/LB630-bgbranco-2.webp | https://commanderbrasil.com.br/wp-content/uploads/2025/12/LB630-2-2.webp,https://commanderbrasil.com.br/catalogo/triceps-maquina-anilhada-lb630/
1004698,PM14,Tríceps Máquina,Tríceps,Equipamentos - Série PM,,https://commanderbrasil.com.br/wp-content/uploads/2025/12/PM14-bgbranco.webp,https://commanderbrasil.com.br/wp-content/uploads/2025/12/PM14-bgbranco.webp | https://commanderbrasil.com.br/wp-content/uploads/2025/12/PM14-ambientadas.webp,https://commanderbrasil.com.br/catalogo/triceps-maquina-pm14/
1295,SH67,Tríceps no Banco Sentado,Outras Anilhadas,Equipamentos - Série SH,,https://commanderbrasil.com.br/wp-content/uploads/2025/12/SH67-bgbranco-2.webp,https://commanderbrasil.com.br/wp-content/uploads/2025/12/SH67-bgbranco-2.webp | https://commanderbrasil.com.br/wp-content/uploads/2025/12/SH67-ambientadas-2.webp,https://commanderbrasil.com.br/catalogo/triceps-no-banco-sentado-sh67/
2887,E010,TRX RIP,Acessórios de Treino,Acessórios - Série E,TRX RIP - Código: E-010,,,https://commanderbrasil.com.br/catalogo/trx-rip-e010/
2954,F007,Tubo com Logo,Acessórios de Treino,Acessórios - Série F,Tubo com Logo - Código: F-007,https://commanderbrasil.com.br/wp-content/uploads/2025/12/F007-f-1.jpeg,https://commanderbrasil.com.br/wp-content/uploads/2025/12/F007-f-1.jpeg,https://commanderbrasil.com.br/catalogo/tubo-com-logo-f007/
1009440,QHSJ212,Tubo de Força,-,Acessórios - QHSJ Treino,,https://commanderbrasil.com.br/wp-content/uploads/2025/12/QH-SJ212-bgbranco.webp,https://commanderbrasil.com.br/wp-content/uploads/2025/12/QH-SJ212-bgbranco.webp | https://commanderbrasil.com.br/wp-content/uploads/2025/12/QH-SJ212-ambientadas.webp,https://commanderbrasil.com.br/catalogo/power-tube-qhsj212/
1009712,QHSJ174,Tubo de Resistência,Faixas de Resistência,Acessórios - QHSJ Yoga,,https://commanderbrasil.com.br/wp-content/uploads/2025/12/QH-SJ174-bgbranco.webp,https://commanderbrasil.com.br/wp-content/uploads/2025/12/QH-SJ174-bgbranco.webp | https://commanderbrasil.com.br/wp-content/uploads/2025/12/QH-SJ174-ambientadas.webp,https://commanderbrasil.com.br/catalogo/resistance-tube-qhsj174/
1009716,QHSJ175,Tubo de Resistência,Faixas de Resistência,Acessórios - QHSJ Yoga,,https://commanderbrasil.com.br/wp-content/uploads/2025/12/QH-SJ175-bgbranco.webp,https://commanderbrasil.com.br/wp-content/uploads/2025/12/QH-SJ175-bgbranco.webp | https://commanderbrasil.com.br/wp-content/uploads/2025/12/QH-SJ175-ambientadas.webp,https://commanderbrasil.com.br/catalogo/resistance-tube-qhsj175/
1009444,QHSJ213,Tubo de Treino Funcional,Treinadores Funcionais,Acessórios - QHSJ Treino,,https://commanderbrasil.com.br/wp-content/uploads/2025/12/QHSJ213-bgbranco.webp,https://commanderbrasil.com.br/wp-content/uploads/2025/12/QHSJ213-bgbranco.webp | https://commanderbrasil.com.br/wp-content/uploads/2025/12/QHSJ213-ambientada.webp,https://commanderbrasil.com.br/catalogo/functional-training-tube-qhsj213/
2821,D036,Velocidade Bola 58cm,Acessórios de Treino,Acessórios - Série D,Speed Ball 58cm - Código: D-036,https://commanderbrasil.com.br/wp-content/uploads/2025/12/D036-d-2.jpeg,https://commanderbrasil.com.br/wp-content/uploads/2025/12/D036-d-2.jpeg,https://commanderbrasil.com.br/catalogo/bola-de-velocidade8cm-d036/
2825,D040,Velocidade Bola 60cm,Acessórios de Treino,Acessórios - Série D,Speed Ball 60cm - Código: D-040,https://commanderbrasil.com.br/wp-content/uploads/2025/12/D040-d-2.jpeg,https://commanderbrasil.com.br/wp-content/uploads/2025/12/D040-d-2.jpeg,https://commanderbrasil.com.br/catalogo/bola-de-velocidade0cm-d040/
2823,D038,Velocidade Bola 63cm Azul,Acessórios de Treino,Acessórios - Série D,Speed Ball 63cm Azul - Código: D-038,https://commanderbrasil.com.br/wp-content/uploads/2025/12/D038-d-2.jpeg,https://commanderbrasil.com.br/wp-content/uploads/2025/12/D038-d-2.jpeg,https://commanderbrasil.com.br/catalogo/bola-de-velocidade3cm-azul-d038/
2824,D039,Velocidade Bola 63cm Preta,Acessórios de Treino,Acessórios - Série D,Speed Ball 63cm Preta - Código: D-039,https://commanderbrasil.com.br/wp-content/uploads/2025/12/D039-d-2.jpeg,https://commanderbrasil.com.br/wp-content/uploads/2025/12/D039-d-2.jpeg,https://commanderbrasil.com.br/catalogo/bola-de-velocidade3cm-preta-d039/
2822,D037,Velocidade Bola 63cm Verde,Acessórios de Treino,Acessórios - Série D,Speed Ball 63cm Verde - Código: D-037,https://commanderbrasil.com.br/wp-content/uploads/2025/12/D037-d-2.jpeg,https://commanderbrasil.com.br/wp-content/uploads/2025/12/D037-d-2.jpeg,https://commanderbrasil.com.br/catalogo/bola-de-velocidade3cm-verde-d037/
1439,LB620,Voador,Voador e Deltoide Posterior,Equipamentos - Série LB,,https://commanderbrasil.com.br/wp-content/uploads/2025/12/LB620-bgbranco-2.webp,https://commanderbrasil.com.br/wp-content/uploads/2025/12/LB620-bgbranco-2.webp | https://commanderbrasil.com.br/wp-content/uploads/2025/12/LB620-2-2.webp,https://commanderbrasil.com.br/catalogo/butter-fly-lb620/
1287,SH56,Voador de Peito Inclinado,Supino,Equipamentos - Série SH,,https://commanderbrasil.com.br/wp-content/uploads/2025/12/SH56-bgbranco-2.webp,https://commanderbrasil.com.br/wp-content/uploads/2025/12/SH56-bgbranco-2.webp | https://commanderbrasil.com.br/wp-content/uploads/2025/12/SH56-ambientadas-2.webp,https://commanderbrasil.com.br/catalogo/fly-inclinado-peito-sh56/
1281,SH48,Voador Inverso ISO-Lateral,Outras Anilhadas,Equipamentos - Série SH,,https://commanderbrasil.com.br/wp-content/uploads/2025/12/SH48-bgbranco-2.webp,https://commanderbrasil.com.br/wp-content/uploads/2025/12/SH48-bgbranco-2.webp | https://commanderbrasil.com.br/wp-content/uploads/2025/12/SH48-ambientadas-2.webp,https://commanderbrasil.com.br/catalogo/voador-inverso-iso-lateral-sh48/
825,B1004,Voador Peitoral,Voador e Deltoide Posterior,Equipamentos - Série B,,https://commanderbrasil.com.br/wp-content/uploads/2025/12/B1004-1-1.webp,https://commanderbrasil.com.br/wp-content/uploads/2025/12/B1004-1-1.webp | https://commanderbrasil.com.br/wp-content/uploads/2025/12/B1004-2-1.webp,https://commanderbrasil.com.br/catalogo/peck-n-deck-b1004/
828,B1007,Voador Peitoral,Voador e Deltoide Posterior,Equipamentos - Série B,,https://commanderbrasil.com.br/wp-content/uploads/2025/12/B1007-1-1.webp,https://commanderbrasil.com.br/wp-content/uploads/2025/12/B1007-1-1.webp | https://commanderbrasil.com.br/wp-content/uploads/2025/12/B1007-2-1.webp,https://commanderbrasil.com.br/catalogo/peitoral-voador-b1007/
153,GM52,Voador Peitoral,Voador e Deltoide Posterior,Equipamentos - Série GM,,https://commanderbrasil.com.br/wp-content/uploads/2025/12/GM52-bgbranco-2.webp,https://commanderbrasil.com.br/wp-content/uploads/2025/12/GM52-bgbranco-2.webp | https://commanderbrasil.com.br/wp-content/uploads/2025/12/GM52-ambientadas-2.webp,https://commanderbrasil.com.br/catalogo/voador-peitoral-gm52/
1437,LB618,Voador Peitoral,Voador e Deltoide Posterior,Equipamentos - Série LB,,https://commanderbrasil.com.br/wp-content/uploads/2025/12/LB618-bgbranco-2.webp,https://commanderbrasil.com.br/wp-content/uploads/2025/12/LB618-bgbranco-2.webp | https://commanderbrasil.com.br/wp-content/uploads/2025/12/LB618-2-2.webp,https://commanderbrasil.com.br/catalogo/voador-lb618/
1688,CBP122,Voador Peitoral Frente e Verso Super,Voador e Deltoide Posterior,Equipamentos - Série CBP,,https://commanderbrasil.com.br/wp-content/uploads/2025/12/CBP122-bgbranco-2.webp,https://commanderbrasil.com.br/wp-content/uploads/2025/12/CBP122-bgbranco-2.webp | https://commanderbrasil.com.br/wp-content/uploads/2025/12/CBP122-ambientadas-2.webp,https://commanderbrasil.com.br/catalogo/peck-deck-frente-e-verso-super-cbp122/
1638,CBP072,Voador Peitoral Inclinado Inferior Super,Voador e Deltoide Posterior,Equipamentos - Série CBP,,https://commanderbrasil.com.br/wp-content/uploads/2025/12/CBP072-bgbranco-2.webp,https://commanderbrasil.com.br/wp-content/uploads/2025/12/CBP072-bgbranco-2.webp | https://commanderbrasil.com.br/wp-content/uploads/2025/12/CBP072-ambientadas-2.webp,https://commanderbrasil.com.br/catalogo/peck-deck-inclinado-inferior-super-cbp072/
1637,CBP071,Voador Peitoral Inclinado Superior Super,Voador e Deltoide Posterior,Equipamentos - Série CBP,,https://commanderbrasil.com.br/wp-content/uploads/2025/12/CBP071-bgbranco-2.webp,https://commanderbrasil.com.br/wp-content/uploads/2025/12/CBP071-bgbranco-2.webp | https://commanderbrasil.com.br/wp-content/uploads/2025/12/CBP071-ambientadas-2.webp,https://commanderbrasil.com.br/catalogo/peck-deck-inclinado-superior-super-cbp071/
1657,CBP091,Voador Peitoral Inverso,Voador e Deltoide Posterior,Equipamentos - Série CBP,,https://commanderbrasil.com.br/wp-content/uploads/2025/12/CBP091-bgbranco-2.webp,https://commanderbrasil.com.br/wp-content/uploads/2025/12/CBP091-bgbranco-2.webp | https://commanderbrasil.com.br/wp-content/uploads/2025/12/CBP091-ambientadas-2.webp,https://commanderbrasil.com.br/catalogo/peck-deck-inverso-cbp091/
1082,CBS006,Voador Peitoral Voador Declinado,Voador e Deltoide Posterior,Equipamentos - Série CBS,,https://commanderbrasil.com.br/wp-content/uploads/2025/12/CBS006-bgbranco-2.webp,https://commanderbrasil.com.br/wp-content/uploads/2025/12/CBS006-bgbranco-2.webp | https://commanderbrasil.com.br/wp-content/uploads/2025/12/CBS006-ambientadas-2.webp,https://commanderbrasil.com.br/catalogo/peck-deck-fly-declinado-cbs006/
1089,CBS013,Voador Peitoral Voador Pro,Voador e Deltoide Posterior,Equipamentos - Série CBS,,https://commanderbrasil.com.br/wp-content/uploads/2025/12/CBS013-bgbranco-2.webp,https://commanderbrasil.com.br/wp-content/uploads/2025/12/CBS013-bgbranco-2.webp | https://commanderbrasil.com.br/wp-content/uploads/2025/12/CBS013-ambientadas-2.webp,https://commanderbrasil.com.br/catalogo/peck-deck-fly-pro-cbs013/
2673,C064,Yoga Aéreo - Kit 5 Peças,Tapetes e Yoga,Acessórios - Série C,Yoga Aéreo - Kit 5 Peças - Código: C-064,https://commanderbrasil.com.br/wp-content/uploads/2025/12/C-064-c-2.jpeg,https://commanderbrasil.com.br/wp-content/uploads/2025/12/C-064-c-2.jpeg,https://commanderbrasil.com.br/catalogo/yoga-aereo-kit-pecas-c064/
2674,C065,Yoga Aéreo - Kit 6 Peças,Tapetes e Yoga,Acessórios - Série C,Yoga Aéreo - Kit 6 Peças - Código: C-065,https://commanderbrasil.com.br/wp-content/uploads/2025/12/C-065-c-2.jpeg,https://commanderbrasil.com.br/wp-content/uploads/2025/12/C-065-c-2.jpeg,https://commanderbrasil.com.br/catalogo/yoga-aereo-kit-pecas-c065/
