SKU,Nome,slug_nome,Categoria,slug_categoria,Serie,slug_serie,Descricao,Imagem
VS23,3-em-1 Bíceps,3-em-1-biceps,Bíceps,biceps,Equipamentos - Série VS,equipamentos-serie-vs,,https://commanderbrasil.com.br/wp-content/uploads/2025/12/CMD-VS23-1.png
LB640,4 Estações,4-estacoes,Outras Máquinas,outras-maquinas,Equipamentos - Série LB,equipamentos-serie-lb,,https://commanderbrasil.com.br/wp-content/uploads/2025/12/LB640-bgbranco-2.webp
E013,4D Pro,4d-pro,Acessórios de Treino,acessorios-de-treino,Acessórios - Série E,acessorios-serie-e,4D PRO - Código: E-013,https://commanderbrasil.com.br/wp-content/uploads/2025/12/E013-e-2.jpeg
LB639,5 Estações,5-estacoes,Outras Máquinas,outras-maquinas,Equipamentos - Série LB,equipamentos-serie-lb,,https://commanderbrasil.com.br/wp-content/uploads/2025/12/LB639-bgbranco-1.webp
LB641,8 Estações,8-estacoes,Outras Máquinas,outras-maquinas,Equipamentos - Série LB,equipamentos-serie-lb,,https://commanderbrasil.com.br/wp-content/uploads/2025/12/LB641-bgbranco-2.webp
G002,Abdominal Banco Ajustável,abdominal-banco-ajustavel,Bancos Ajustáveis,bancos-ajustaveis,Acessórios - Série G,acessorios-serie-g,Banco Máquina Abdominal Adjustable - Código: G-002,https://commanderbrasil.com.br/wp-content/uploads/2025/12/G002-g-1.jpeg
LBE30,Abdominal Coaster,abdominal-coaster,Outros Cardio,outros-cardio,Equipamentos - Série LB-E,equipamentos-serie-lb-e,,https://commanderbrasil.com.br/wp-content/uploads/2025/12/LB-E30-bgbranco-1.webp
VS10,Abdominal Crunch,abdominal-crunch,Máquinas Abdominais,maquinas-abdominais,Equipamentos - Série VS,equipamentos-serie-vs,,https://commanderbrasil.com.br/wp-content/uploads/2025/12/CMD-VS10-1.png
PM01,Abdominal Crunch,abdominal-crunch,Máquinas Abdominais,maquinas-abdominais,Equipamentos - Série PM,equipamentos-serie-pm,,https://commanderbrasil.com.br/wp-content/uploads/2025/12/PM01-bgbranco.webp
PM05,Abdominal Crunch,abdominal-crunch,Máquinas Abdominais,maquinas-abdominais,Equipamentos - Série PM,equipamentos-serie-pm,,https://commanderbrasil.com.br/wp-content/uploads/2025/12/PM05-bgbranco.webp
GM48,Abdominal Crunch,abdominal-crunch,Máquinas Abdominais,maquinas-abdominais,Equipamentos - Série GM,equipamentos-serie-gm,,https://commanderbrasil.com.br/wp-content/uploads/2025/12/GM48-bgbranco-2.webp
B1113,Abdominal/Extensão de Lombar,abdominalextensao-de-lombar,Extensão de Costas,extensao-de-costas,Equipamentos - Série B,equipamentos-serie-b,,https://commanderbrasil.com.br/wp-content/uploads/2025/12/B1113-bgbranco-1.webp
CBP061,Abdução de Coxa 3D,abducao-de-coxa-3d,Abdutora de Quadril,abdutora-de-quadril,Equipamentos - Série CBP,equipamentos-serie-cbp,,https://commanderbrasil.com.br/wp-content/uploads/2025/12/CBP061-bgbranco-2.webp
SH59,Abdutor,abdutor,Outras Anilhadas,outras-anilhadas,Equipamentos - Série SH,equipamentos-serie-sh,,https://commanderbrasil.com.br/wp-content/uploads/2025/12/SH59-bgbranco-2.webp
LBF17,Abdutora,abdutora,Abdutora de Quadril,abdutora-de-quadril,Equipamentos - Série LB-F,equipamentos-serie-lb-f,,https://commanderbrasil.com.br/wp-content/uploads/2025/12/LB-F17-bgbranco-2.webp
B1021,Abdutora de Quadril,abdutora-de-quadril,Abdutora de Quadril,abdutora-de-quadril,Equipamentos - Série B,equipamentos-serie-b,,https://commanderbrasil.com.br/wp-content/uploads/2025/12/B1021-1-1.webp
LB612,Abdutora de Quadril,abdutora-de-quadril,Abdutora de Quadril,abdutora-de-quadril,Equipamentos - Série LB,equipamentos-serie-lb,,https://commanderbrasil.com.br/wp-content/uploads/2025/12/LB612-bgbranco-2.webp
GM51,Abdutora de Quadril,abdutora-de-quadril,Abdutora de Quadril,abdutora-de-quadril,Equipamentos - Série GM,equipamentos-serie-gm,,https://commanderbrasil.com.br/wp-content/uploads/2025/12/GM51-bgbranco-2.webp
GH101D,Abdutora de Quadril em Pé,abdutora-de-quadril-em-pe,Outros Cardio,outros-cardio,Equipamentos - Série GT,equipamentos-serie-gt,,https://commanderbrasil.com.br/wp-content/uploads/2025/12/GH101D-bgbranco-2.webp
GM105,Abdutora de Quadril em Pé,abdutora-de-quadril-em-pe,Abdutora de Quadril,abdutora-de-quadril,Equipamentos - Série GM,equipamentos-serie-gm,,https://commanderbrasil.com.br/wp-content/uploads/2025/12/GM105-bgbranco-2.webp
GM91,Abdutora e Adutora de Quadril,abdutora-e-adutora-de-quadril,Abdutora de Quadril,abdutora-de-quadril,Equipamentos - Série GM,equipamentos-serie-gm,,https://commanderbrasil.com.br/wp-content/uploads/2025/12/GM91-bgbranco-2.webp
CBP078,Adução e Remada Super,aducao-e-remada-super,Remadas,remadas,Equipamentos - Série CBP,equipamentos-serie-cbp,,https://commanderbrasil.com.br/wp-content/uploads/2025/12/CBP078-bgbranco-2.webp
SH70,Adutor,adutor,Outras Anilhadas,outras-anilhadas,Equipamentos - Série SH,equipamentos-serie-sh,,https://commanderbrasil.com.br/wp-content/uploads/2025/12/SH70-bgbranco-2.webp
B1022,Adutora de Quadril,adutora-de-quadril,Adutora de Quadril,adutora-de-quadril,Equipamentos - Série B,equipamentos-serie-b,,https://commanderbrasil.com.br/wp-content/uploads/2025/12/B1022-1-1.webp
LB611,Adutora de Quadril,adutora-de-quadril,Adutora de Quadril,adutora-de-quadril,Equipamentos - Série LB,equipamentos-serie-lb,,https://commanderbrasil.com.br/wp-content/uploads/2025/12/LB611-bgbranco-2.webp
GM50,Adutora de Quadril,adutora-de-quadril,Adutora de Quadril,adutora-de-quadril,Equipamentos - Série GM,equipamentos-serie-gm,,https://commanderbrasil.com.br/wp-content/uploads/2025/12/GM50-bgbranco-2.webp
LBF16,Adutora de Quadril,adutora-de-quadril,Outras Anilhadas,outras-anilhadas,Equipamentos - Série LB-F,equipamentos-serie-lb-f,,https://commanderbrasil.com.br/wp-content/uploads/2025/12/LB-F16-bgbranco-1.webp
LBF24,Adutora/Abdutora,adutoraabdutora,Abdutora de Quadril,abdutora-de-quadril,Equipamentos - Série LB-F,equipamentos-serie-lb-f,,https://commanderbrasil.com.br/wp-content/uploads/2025/12/LB-F24-bgbranco-2.webp
VS11,Adutora/Abdutora de Quadril,adutoraabdutora-de-quadril,Adutora de Quadril,adutora-de-quadril,Equipamentos - Série VS,equipamentos-serie-vs,,https://commanderbrasil.com.br/wp-content/uploads/2025/12/CMD-VS11-1.png
B1020,Adutora/Abdutora de Quadril,adutoraabdutora-de-quadril,Adutora de Quadril,adutora-de-quadril,Equipamentos - Série B,equipamentos-serie-b,,https://commanderbrasil.com.br/wp-content/uploads/2025/12/B1020-1-1.webp
B1101,Agachamento,agachamento,Outras Máquinas,outras-maquinas,Equipamentos - Série B,equipamentos-serie-b,,https://commanderbrasil.com.br/wp-content/uploads/2025/12/B1101-1-2.webp
B1102,Agachamento,agachamento,Outras Máquinas,outras-maquinas,Equipamentos - Série B,equipamentos-serie-b,,https://commanderbrasil.com.br/wp-content/uploads/2025/12/B1102-1-2.webp
B1103,Agachamento,agachamento,Máquinas de Agachamento,maquinas-de-agachamento,Equipamentos - Série B,equipamentos-serie-b,,https://commanderbrasil.com.br/wp-content/uploads/2025/12/B1103-bgbranco.webp
GM96,Agachamento 45°,agachamento-45,Outras Máquinas,outras-maquinas,Equipamentos - Série GM,equipamentos-serie-gm,,https://commanderbrasil.com.br/wp-content/uploads/2025/12/GM96-bgbranco-2.webp
LB637,Agachamento Anilhado,agachamento-anilhado,Máquinas de Agachamento,maquinas-de-agachamento,Equipamentos - Série LB,equipamentos-serie-lb,,https://commanderbrasil.com.br/wp-content/uploads/2025/12/LB637-bgbranco.webp
GM107,Agachamento Articulado,agachamento-articulado,Outras Máquinas,outras-maquinas,Equipamentos - Série GM,equipamentos-serie-gm,,
CBS050,Agachamento com Cinto,agachamento-com-cinto,Máquinas de Agachamento,maquinas-de-agachamento,Equipamentos - Série CBS,equipamentos-serie-cbs,,https://commanderbrasil.com.br/wp-content/uploads/2025/12/CBS050-cmd-cbs-series-2.png
CBP107,Agachamento com Cinto,agachamento-com-cinto,Máquinas de Agachamento,maquinas-de-agachamento,Equipamentos - Série CBP,equipamentos-serie-cbp,,https://commanderbrasil.com.br/wp-content/uploads/2025/12/CBP107-bgbranco-2.webp
D990,Agachamento com Cinto,agachamento-com-cinto,Outras Máquinas,outras-maquinas,Equipamentos - Série D,equipamentos-serie-d,,https://commanderbrasil.com.br/wp-content/uploads/2025/12/CMD-D990-cmd-d-series-2.png
D985,Agachamento com Puxada Alta,agachamento-com-puxada-alta,Puxada Alta,puxada-alta,Equipamentos - Série D,equipamentos-serie-d,,https://commanderbrasil.com.br/wp-content/uploads/2025/12/CMD-D985-cmd-d-series-2.png
SH22,Agachamento Com Puxada Alta,agachamento-com-puxada-alta,Máquinas de Agachamento,maquinas-de-agachamento,Equipamentos - Série SH,equipamentos-serie-sh,,https://commanderbrasil.com.br/wp-content/uploads/2025/12/SH22-bgbranco-2.webp
GM113,Agachamento com Remada,agachamento-com-remada,Máquinas de Agachamento,maquinas-de-agachamento,Equipamentos - Série GM,equipamentos-serie-gm,,https://commanderbrasil.com.br/wp-content/uploads/2025/12/GM113-bgbranco-2.webp
CBP051,Agachamento De Potência,agachamento-de-potencia,Máquinas de Agachamento,maquinas-de-agachamento,Equipamentos - Série CBP,equipamentos-serie-cbp,,https://commanderbrasil.com.br/wp-content/uploads/2025/12/CBP051-bgbranco-2.webp
SH71,Agachamento em V,agachamento-em-v,Máquinas de Agachamento,maquinas-de-agachamento,Equipamentos - Série SH,equipamentos-serie-sh,,https://commanderbrasil.com.br/wp-content/uploads/2025/12/SH71-bgbranco-2.webp
CBP053,Agachamento Hack,agachamento-hack,Máquinas de Agachamento,maquinas-de-agachamento,Equipamentos - Série CBP,equipamentos-serie-cbp,,https://commanderbrasil.com.br/wp-content/uploads/2025/12/CBP053-bgbranco-2.webp
LB1223,Agachamento Hack,agachamento-hack,Outras Máquinas,outras-maquinas,Equipamentos - Série B,equipamentos-serie-b,,https://commanderbrasil.com.br/wp-content/uploads/2025/12/LB-651-2.png
B1057,Agachamento Inclinado Máquina,agachamento-inclinado-maquina,Máquinas de Agachamento,maquinas-de-agachamento,Equipamentos - Série B,equipamentos-serie-b,,https://commanderbrasil.com.br/wp-content/uploads/2025/12/B1057-bgbranco-1.webp
CBS061,Agachamento Potência,agachamento-potencia,Máquinas de Agachamento,maquinas-de-agachamento,Equipamentos - Série CBS,equipamentos-serie-cbs,,https://commanderbrasil.com.br/wp-content/uploads/2025/12/CBS061-bgbranco-2.webp
B1065,Agachamento Reto Máquina,agachamento-reto-maquina,Máquinas de Agachamento,maquinas-de-agachamento,Equipamentos - Série B,equipamentos-serie-b,,https://commanderbrasil.com.br/wp-content/uploads/2025/12/B1065-bgbranco-1.webp
Y04,Agachamento Rinoceronte,agachamento-rinoceronte,Outras Máquinas,outras-maquinas,Equipamentos - Série GM,equipamentos-serie-gm,,
Y05,Agachamento Rinoceronte,agachamento-rinoceronte,Outras Máquinas,outras-maquinas,Equipamentos - Série GM,equipamentos-serie-gm,,
B1226,Agachamento Unilateral Residencial,agachamento-unilateral-residencial,Outras Máquinas,outras-maquinas,Equipamentos - Série B,equipamentos-serie-b,,
CMDFL01,Agachamento Unilateral Residencial,agachamento-unilateral-residencial,Outras Máquinas,outras-maquinas,Equipamentos - Série 360,equipamentos-serie-360,,https://commanderbrasil.com.br/wp-content/uploads/2025/12/CMD-FL01-bgbranco-1.webp
F003,Agilidade Barrier - 5 Obstacle Kit,agilidade-barrier-5-obstacle-kit,Acessórios de Treino,acessorios-de-treino,Acessórios - Série F,acessorios-serie-f,Barreira de Agility - Kit 5 Obstáculos - Código: F-003,https://commanderbrasil.com.br/wp-content/uploads/2025/12/F003-f-1.jpeg
QHSJ138,Almofada Crash para Barra,almofada-crash-para-barra,-,,Acessórios - QHSJ Barras,acessorios-qhsj-barras,,https://commanderbrasil.com.br/wp-content/uploads/2025/12/QHSJ138-bgbranco.webp
QHSJ241,Almofada de Chute,almofada-de-chute,-,,Acessórios - QHSJ Agilidade,acessorios-qhsj-agilidade,,https://commanderbrasil.com.br/wp-content/uploads/2025/12/QH-SJ241-bgbranco.webp
QHSJ167,Almofada de Equilíbrio TPE,almofada-de-equilibrio-tpe,-,,Acessórios - QHSJ Yoga,acessorios-qhsj-yoga,,https://commanderbrasil.com.br/wp-content/uploads/2025/12/QH-SJ167-bgbranco.webp
QHSJ166,Almofada de Equilíbrio Yoga,almofada-de-equilibrio-yoga,Tapetes e Yoga,tapetes-e-yoga,Acessórios - QHSJ Yoga,acessorios-qhsj-yoga,,https://commanderbrasil.com.br/wp-content/uploads/2025/12/QH-SJ166-bgbranco.webp
C053,Almofada de Massagem para Equilíbrio,almofada-de-massagem-para-equilibrio,Acessórios de Treino,acessorios-de-treino,Acessórios - Série C,acessorios-serie-c,Almofada de Massagem para Balance - Código: C-053,https://commanderbrasil.com.br/wp-content/uploads/2025/12/C-053-c-2.jpeg
QHSJ97,Almofada de Ombro para Levantamento,almofada-de-ombro-para-levantamento,Desenvolvimento de Ombros,desenvolvimento-de-ombros,Acessórios - QHSJ Barras,acessorios-qhsj-barras,,https://commanderbrasil.com.br/wp-content/uploads/2025/12/QHSJ97-bgbranco.webp
QHSJ137,Almofada de Silicone para Barra,almofada-de-silicone-para-barra,Acessórios de Treino,acessorios-de-treino,Acessórios - QHSJ Barras,acessorios-qhsj-barras,,https://commanderbrasil.com.br/wp-content/uploads/2025/12/QHSJ137-bgbranco.webp
C054,Almofada Equilíbrio TPE,almofada-equilibrio-tpe,Acessórios de Treino,acessorios-de-treino,Acessórios - Série C,acessorios-serie-c,Almofada de Balance TPE - Código: C-054,https://commanderbrasil.com.br/wp-content/uploads/2025/12/C-054-c-2.jpeg
XMH009,Almofada Espuma 2.5cm,almofada-espuma-25cm,Acessórios de Treino,acessorios-de-treino,Acessórios - Série XM-H,acessorios-serie-xm-h,Almofada de Espuma 2.5cm - Código: XM-H009,https://commanderbrasil.com.br/wp-content/uploads/2025/12/XM-H009-xm-1.jpeg
C040,Almofada Tri-dobrável,almofada-tri-dobravel,Acessórios de Treino,acessorios-de-treino,Acessórios - Série C,acessorios-serie-c,Almofada Tri-dobrável - Código: C-040,https://commanderbrasil.com.br/wp-content/uploads/2025/12/C-040-c-2.jpeg
QHSJ135,Alongador de Costas,alongador-de-costas,-,,Acessórios - QHSJ Barras,acessorios-qhsj-barras,,https://commanderbrasil.com.br/wp-content/uploads/2025/12/QHSJ135-bgbranco.webp
E028,Alongamento Tornozelo,alongamento-tornozelo,Mergulho e Barra Assistida,mergulho-e-barra-assistida,Acessórios - Série E,acessorios-serie-e,Alongamento de Tornozelo - Código: E-028,https://commanderbrasil.com.br/wp-content/uploads/2025/12/E028-e-1.jpeg
VS21,Alto Puxada em Pé,alto-puxada-em-pe,Outras Máquinas,outras-maquinas,Equipamentos - Série VS,equipamentos-serie-vs,,https://commanderbrasil.com.br/wp-content/uploads/2025/12/CMD-VS21-1.png
F047,Alvo de Cintura,alvo-de-cintura,Acessórios de Treino,acessorios-de-treino,Acessórios - Série F,acessorios-serie-f,Alvo de Cintura - Código: F-047,https://commanderbrasil.com.br/wp-content/uploads/2025/12/F047-f-1.jpeg
F049,Alvo de Coxa,alvo-de-coxa,Acessórios de Treino,acessorios-de-treino,Acessórios - Série F,acessorios-serie-f,Alvo de Coxa - Código: F-049,https://commanderbrasil.com.br/wp-content/uploads/2025/12/F049-f-1.jpeg
F016,Alvo de Mão,alvo-de-mao,Acessórios de Treino,acessorios-de-treino,Acessórios - Série F,acessorios-serie-f,Alvo de Mão - Código: F-016,https://commanderbrasil.com.br/wp-content/uploads/2025/12/F016-f-1.jpeg
F051,Alvo de Panturrilha,alvo-de-panturrilha,Máquinas de Panturrilha,maquinas-de-panturrilha,Acessórios - Série F,acessorios-serie-f,Alvo de Calf Raise - Código: F-051,https://commanderbrasil.com.br/wp-content/uploads/2025/12/F051-f-1.jpeg
F015,Alvo de Pé,alvo-de-pe,Acessórios de Treino,acessorios-de-treino,Acessórios - Série F,acessorios-serie-f,Alvo de Pé - Código: F-015,https://commanderbrasil.com.br/wp-content/uploads/2025/12/F015-f-1.jpeg
F050,Alvo de Peito,alvo-de-peito,Acessórios de Treino,acessorios-de-treino,Acessórios - Série F,acessorios-serie-f,Alvo de Peito - Código: F-050,https://commanderbrasil.com.br/wp-content/uploads/2025/12/F050-f-1.jpeg
XMJ003,Alvo Duplo com Som,alvo-duplo-com-som,Acessórios de Treino,acessorios-de-treino,Acessórios - Série XM-J,acessorios-serie-xm-j,Sound Double Target - Código: XM-J003,https://commanderbrasil.com.br/wp-content/uploads/2025/12/XM-J003-xm-j-1.jpeg
XMJ004,Alvo Duplo Padrão,alvo-duplo-padrao,Acessórios de Treino,acessorios-de-treino,Acessórios - Série XM-J,acessorios-serie-xm-j,Standard Double Target - Código: XM-J004,https://commanderbrasil.com.br/wp-content/uploads/2025/12/XM-J004-xm-j-1.jpeg
XMJ007,Alvo Duplo Padrão,alvo-duplo-padrao,Acessórios de Treino,acessorios-de-treino,Acessórios - Série XM-J,acessorios-serie-xm-j,Standard Double Target - Código: XM-J007,https://commanderbrasil.com.br/wp-content/uploads/2025/12/XM-J007-xm-j-1.jpeg
XMJ006,Alvo Grande Chute Posterior,alvo-grande-chute-posterior,Acessórios de Treino,acessorios-de-treino,Acessórios - Série XM-J,acessorios-serie-xm-j,Large Rear Kick Target - Código: XM-J006,https://commanderbrasil.com.br/wp-content/uploads/2025/12/XM-J006-xm-j-1.jpeg
XMJ005,Alvo Iraniano Grande,alvo-iraniano-grande,Acessórios de Treino,acessorios-de-treino,Acessórios - Série XM-J,acessorios-serie-xm-j,Large Iranian Target - Código: XM-J005,https://commanderbrasil.com.br/wp-content/uploads/2025/12/XM-J005-xm-j-1.jpeg
QHSJ181,Analisador Corporal BIA,analisador-corporal-bia,-,,Acessórios - QHSJ Yoga,acessorios-qhsj-yoga,,https://commanderbrasil.com.br/wp-content/uploads/2025/12/QH-SJ181-bgbranco.webp
D045,Analisador Corporal GS15.0.1 com Impressora,analisador-corporal-gs1501-com-impressora,Acessórios de Treino,acessorios-de-treino,Acessórios - Série D,acessorios-serie-d,Analisador Corporal GS15.0.1 com Impressora - Código: D-045,https://commanderbrasil.com.br/wp-content/uploads/2025/12/D045-d-2.jpeg
D046,Analisador Corporal GS15.0.1 Premium,analisador-corporal-gs1501-premium,Acessórios de Treino,acessorios-de-treino,Acessórios - Série D,acessorios-serie-d,Analisador Corporal GS15.0.1 Premium - Código: D-046,https://commanderbrasil.com.br/wp-content/uploads/2025/12/D046-d-2.jpeg
QHSJ180,Analisador de Composição Corporal,analisador-de-composicao-corporal,-,,Acessórios - QHSJ Yoga,acessorios-qhsj-yoga,,https://commanderbrasil.com.br/wp-content/uploads/2025/12/QH-SJ180-bgbranco.webp
QHSJ201,Âncora para Corda,ancora-para-corda,Cordas de Pular,cordas-de-pular,Acessórios - QHSJ Treino,acessorios-qhsj-treino,,https://commanderbrasil.com.br/wp-content/uploads/2025/12/QH-SJ201-bgbranco.webp
QHSJ143,Anel de Pilates,anel-de-pilates,Puxada Alta,puxada-alta,Acessórios - QHSJ Yoga,acessorios-qhsj-yoga,,https://commanderbrasil.com.br/wp-content/uploads/2025/12/QH-SJ143-bgbranco.webp
QHSJ76,Anilha Borracha,anilha-borracha,-,,Acessórios - QHSJ Pesos,acessorios-qhsj-pesos,,https://commanderbrasil.com.br/wp-content/uploads/2025/12/QHSJ76-bgbranco.webp
QHSJ77,Anilha Borracha Precor,anilha-borracha-precor,-,,Acessórios - QHSJ Pesos,acessorios-qhsj-pesos,,https://commanderbrasil.com.br/wp-content/uploads/2025/12/QHSJ77-bgbranco.webp
QHSJ27,Anilha Borracha Technogym,anilha-borracha-technogym,-,,Acessórios - QHSJ Pesos,acessorios-qhsj-pesos,,https://commanderbrasil.com.br/wp-content/uploads/2025/12/QH-SJ27-bgbranco.webp
QHSJ40,Anilha Bumper Colorida,anilha-bumper-colorida,-,,Acessórios - QHSJ Pesos,acessorios-qhsj-pesos,,https://commanderbrasil.com.br/wp-content/uploads/2025/12/QH-SJ40-bgbranco.webp
QHSJ39,Anilha Bumper Preta,anilha-bumper-preta,-,,Acessórios - QHSJ Pesos,acessorios-qhsj-pesos,,https://commanderbrasil.com.br/wp-content/uploads/2025/12/QH-SJ39-bgbranco.webp
QHSJ41,Anilha de Competição,anilha-de-competicao,-,,Acessórios - QHSJ Pesos,acessorios-qhsj-pesos,,https://commanderbrasil.com.br/wp-content/uploads/2025/12/QHSJ41-bgbranco.webp
QHSJ32,Anilha de Peso,anilha-de-peso,-,,Acessórios - QHSJ Pesos,acessorios-qhsj-pesos,,https://commanderbrasil.com.br/wp-content/uploads/2025/12/QH-SJ32-bgbranco.webp
QHSJ33,Anilha de Peso,anilha-de-peso,-,,Acessórios - QHSJ Pesos,acessorios-qhsj-pesos,,https://commanderbrasil.com.br/wp-content/uploads/2025/12/QH-SJ33-bgbranco.webp
QHSJ34,Anilha de Peso,anilha-de-peso,-,,Acessórios - QHSJ Pesos,acessorios-qhsj-pesos,,https://commanderbrasil.com.br/wp-content/uploads/2025/12/QH-SJ34-bgbranco.webp
QHSJ35,Anilha de Peso,anilha-de-peso,-,,Acessórios - QHSJ Pesos,acessorios-qhsj-pesos,,https://commanderbrasil.com.br/wp-content/uploads/2025/12/QH-SJ35-bgbranco.webp
QHSJ36,Anilha de Peso,anilha-de-peso,-,,Acessórios - QHSJ Pesos,acessorios-qhsj-pesos,,https://commanderbrasil.com.br/wp-content/uploads/2025/12/QH-SJ36-bgbranco.webp
QHSJ37,Anilha de Peso,anilha-de-peso,-,,Acessórios - QHSJ Pesos,acessorios-qhsj-pesos,,https://commanderbrasil.com.br/wp-content/uploads/2025/12/QH-SJ37-bgbranco.webp
QHSJ38,Anilha de Peso,anilha-de-peso,-,,Acessórios - QHSJ Pesos,acessorios-qhsj-pesos,,https://commanderbrasil.com.br/wp-content/uploads/2025/12/QH-SJ38-bgbranco.webp
QHSJ49,Anilha PU,anilha-pu,-,,Acessórios - QHSJ Pesos,acessorios-qhsj-pesos,,https://commanderbrasil.com.br/wp-content/uploads/2025/12/QH-SJ49-bgbranco.webp
QHSJ09,Anilha PU Capitão América,anilha-pu-capitao-america,-,,Acessórios - QHSJ Pesos,acessorios-qhsj-pesos,,https://commanderbrasil.com.br/wp-content/uploads/2025/12/QH-SJ09-bgbranco.webp
QHSJ11,Anilha PU Colorida,anilha-pu-colorida,-,,Acessórios - QHSJ Pesos,acessorios-qhsj-pesos,,https://commanderbrasil.com.br/wp-content/uploads/2025/12/QH-SJ11-bgbranco.webp
QHSJ15,Anilha PU Fitness,anilha-pu-fitness,-,,Acessórios - QHSJ Pesos,acessorios-qhsj-pesos,,https://commanderbrasil.com.br/wp-content/uploads/2025/12/QH-SJ15-bgbranco.webp
QHSJ10,Anilha PU Preta,anilha-pu-preta,-,,Acessórios - QHSJ Pesos,acessorios-qhsj-pesos,,https://commanderbrasil.com.br/wp-content/uploads/2025/12/QH-SJ10-bgbranco.webp
QHSJ25,Anilha PU Technogym,anilha-pu-technogym,-,,Acessórios - QHSJ Pesos,acessorios-qhsj-pesos,,https://commanderbrasil.com.br/wp-content/uploads/2025/12/QHSJ25-bgbranco.webp
QHSJ16,Anilha TPU Fitness,anilha-tpu-fitness,-,,Acessórios - QHSJ Pesos,acessorios-qhsj-pesos,,https://commanderbrasil.com.br/wp-content/uploads/2025/12/QH-SJ16-bgbranco.webp
QHSJ02,Anilha Três Furos Borracha,anilha-tres-furos-borracha,-,,Acessórios - QHSJ Pesos,acessorios-qhsj-pesos,,https://commanderbrasil.com.br/wp-content/uploads/2025/12/QH-SJ02-bgbranco.webp
QHSJ03,Anilha Três Furos Colorida Borracha,anilha-tres-furos-colorida-borracha,-,,Acessórios - QHSJ Pesos,acessorios-qhsj-pesos,,https://commanderbrasil.com.br/wp-content/uploads/2025/12/QH-SJ03-bgbranco.webp
QHSJ12,Anilha Três Furos Voador,anilha-tres-furos-voador,Voador e Deltoide Posterior,voador-e-deltoide-posterior,Acessórios - QHSJ Pesos,acessorios-qhsj-pesos,,https://commanderbrasil.com.br/wp-content/uploads/2025/12/QH-SJ12-bgbranco.webp
A037,Anilhas 12 Lados Cinco Furos,anilhas-12-lados-cinco-furos,-,,Acessórios - Série A,acessorios-serie-a,Preço por kg (USD),https://commanderbrasil.com.br/wp-content/uploads/2025/12/A037-bgbranco-v2.webp
A040,Anilhas Bumper Coloridas,anilhas-bumper-coloridas,-,,Acessórios - Série A,acessorios-serie-a,Preço por kg (USD),https://commanderbrasil.com.br/wp-content/uploads/2025/12/A040-bgbranco-v2.webp
A039,Anilhas Bumper Pretas,anilhas-bumper-pretas,-,,Acessórios - Série A,acessorios-serie-a,Preço por kg (USD),https://commanderbrasil.com.br/wp-content/uploads/2025/12/A039-bgbranco-v2.webp
A041,Anilhas de Competição,anilhas-de-competicao,-,,Acessórios - Série A,acessorios-serie-a,Preço por kg (USD),https://commanderbrasil.com.br/wp-content/uploads/2025/12/A041-bgbranco-v2.webp
A032,Anilhas Ling,anilhas-ling,-,,Acessórios - Série A,acessorios-serie-a,Preço por kg (USD),https://commanderbrasil.com.br/wp-content/uploads/2025/12/A032-bgbranco-v2.webp
A033,Anilhas Ling Modelo 2,anilhas-ling-modelo-2,-,,Acessórios - Série A,acessorios-serie-a,Preço por kg (USD),https://commanderbrasil.com.br/wp-content/uploads/2025/12/A033-bgbranco-v2.webp
A034,Anilhas Ling Modelo 3,anilhas-ling-modelo-3,-,,Acessórios - Série A,acessorios-serie-a,Preço por kg (USD),https://commanderbrasil.com.br/wp-content/uploads/2025/12/A034-bgbranco-v2.webp
A038,Anilhas Ling Modelo 4,anilhas-ling-modelo-4,-,,Acessórios - Série A,acessorios-serie-a,Preço por kg (USD),https://commanderbrasil.com.br/wp-content/uploads/2025/12/A038-bgbranco-v2.webp
A049,Anilhas PU,anilhas-pu,-,,Acessórios - Série A,acessorios-serie-a,Preço por kg (USD),https://commanderbrasil.com.br/wp-content/uploads/2025/12/A049-bgbranco-v2.webp
A009,Anilhas PU Capitão América,anilhas-pu-capitao-america,-,,Acessórios - Série A,acessorios-serie-a,Preço por kg (USD),https://commanderbrasil.com.br/wp-content/uploads/2025/12/A009-bgbranco-v2.webp
A011,Anilhas PU Coloridas,anilhas-pu-coloridas,-,,Acessórios - Série A,acessorios-serie-a,Preço por kg (USD),https://commanderbrasil.com.br/wp-content/uploads/2025/12/A011-bgbranco-v2.webp
A015,Anilhas PU Life Fitness,anilhas-pu-life-fitness,-,,Acessórios - Série A,acessorios-serie-a,Preço por kg (USD),https://commanderbrasil.com.br/wp-content/uploads/2025/12/A015-bgbranco-v2.webp
A010,Anilhas PU Pretas,anilhas-pu-pretas,-,,Acessórios - Série A,acessorios-serie-a,Preço por kg (USD),https://commanderbrasil.com.br/wp-content/uploads/2025/12/A010-bgbranco-v2.webp
A051,Anilhas PU Rogue,anilhas-pu-rogue,-,,Acessórios - Série A,acessorios-serie-a,Preço por kg (USD),https://commanderbrasil.com.br/wp-content/uploads/2025/12/A051-bgbranco-v2.webp
A052,Anilhas PU Rogue (LB),anilhas-pu-rogue-lb,-,,Acessórios - Série A,acessorios-serie-a,Preço por kg (USD),https://commanderbrasil.com.br/wp-content/uploads/2025/12/A052-bgbranco-v2.webp
A025,Anilhas PU Technogym,anilhas-pu-technogym,-,,Acessórios - Série A,acessorios-serie-a,Preço por kg (USD),https://commanderbrasil.com.br/wp-content/uploads/2025/12/A025-bgbranco-v2.webp
A036,Anilhas Quatro Furos Revestidas de Borracha,anilhas-quatro-furos-revestidas-de-borracha,-,,Acessórios - Série A,acessorios-serie-a,Preço por kg (USD),https://commanderbrasil.com.br/wp-content/uploads/2025/12/A036-bgbranco-v2.webp
A035,Anilhas Quatro Furos Tieniu,anilhas-quatro-furos-tieniu,-,,Acessórios - Série A,acessorios-serie-a,Preço por kg (USD),https://commanderbrasil.com.br/wp-content/uploads/2025/12/A035-bgbranco-v2.webp
A076,Anilhas Revestidas de Borracha,anilhas-revestidas-de-borracha,-,,Acessórios - Série A,acessorios-serie-a,Preço por kg (USD),https://commanderbrasil.com.br/wp-content/uploads/2025/12/A076-bgbranco-v2.webp
A077,Anilhas Revestidas de Borracha Modelo 2,anilhas-revestidas-de-borracha-modelo-2,-,,Acessórios - Série A,acessorios-serie-a,Preço por kg (USD),https://commanderbrasil.com.br/wp-content/uploads/2025/12/A077-bgbranco-v2.webp
A042,Anilhas Seis Furos Revestidas de Borracha,anilhas-seis-furos-revestidas-de-borracha,-,,Acessórios - Série A,acessorios-serie-a,Preço por kg (USD),https://commanderbrasil.com.br/wp-content/uploads/2025/12/A042-bgbranco-v2.webp
A027,Anilhas Technogym Revestidas de Borracha,anilhas-technogym-revestidas-de-borracha,-,,Acessórios - Série A,acessorios-serie-a,Preço por kg (USD),https://commanderbrasil.com.br/wp-content/uploads/2025/12/A027-bgbranco-v2.webp
A050,Anilhas TPU,anilhas-tpu,-,,Acessórios - Série A,acessorios-serie-a,Preço por kg (USD),https://commanderbrasil.com.br/wp-content/uploads/2025/12/A050-bgbranco-v2.webp
A016,Anilhas TPU Life Fitness,anilhas-tpu-life-fitness,-,,Acessórios - Série A,acessorios-serie-a,Preço por kg (USD),https://commanderbrasil.com.br/wp-content/uploads/2025/12/A016-bgbranco-v2.webp
A003,Anilhas Três Furos Filme Colorido,anilhas-tres-furos-filme-colorido,-,,Acessórios - Série A,acessorios-serie-a,Preço por kg (USD),https://commanderbrasil.com.br/wp-content/uploads/2025/12/A003-bgbranco-v2.webp
A012,Anilhas Três Furos Flying Bell,anilhas-tres-furos-flying-bell,-,,Acessórios - Série A,acessorios-serie-a,Preço por kg (USD),https://commanderbrasil.com.br/wp-content/uploads/2025/12/A012-bgbranco-v2.webp
A002,Anilhas Três Furos Revestidas de Borracha,anilhas-tres-furos-revestidas-de-borracha,-,,Acessórios - Série A,acessorios-serie-a,Preço por kg (USD),https://commanderbrasil.com.br/wp-content/uploads/2025/12/A002-bgbranco-v2.webp
1206A,Antebraço,antebraco,Outras Máquinas,outras-maquinas,,,,
QHSJ230,Argola de Agilidade,argola-de-agilidade,Acessórios de Treino,acessorios-de-treino,Acessórios - QHSJ Agilidade,acessorios-qhsj-agilidade,,https://commanderbrasil.com.br/wp-content/uploads/2025/12/QHSJ230-bgbranco.webp
D011,Argola de Levantamento ABS,argola-de-levantamento-abs,Acessórios de Treino,acessorios-de-treino,Acessórios - Série D,acessorios-serie-d,Argola de Levantamento ABS - Código: D-011,https://commanderbrasil.com.br/wp-content/uploads/2025/12/D011-d-2.jpeg
QHSJ193,Argolas de Ginástica ABS,argolas-de-ginastica-abs,-,,Acessórios - QHSJ Treino,acessorios-qhsj-treino,,https://commanderbrasil.com.br/wp-content/uploads/2025/12/QH-SJ193-bgbranco.webp
QHSJ192,Argolas de Ginástica Madeira,argolas-de-ginastica-madeira,-,,Acessórios - QHSJ Treino,acessorios-qhsj-treino,,https://commanderbrasil.com.br/wp-content/uploads/2025/12/QH-SJ192-bgbranco.webp
D010,Argolas Ginástica,argolas-ginastica,Acessórios de Treino,acessorios-de-treino,Acessórios - Série D,acessorios-serie-d,Argolas de Ginástica - Código: D-010,https://commanderbrasil.com.br/wp-content/uploads/2025/12/D010-d-2.jpeg
QHSJ252,Armazenamento de Anilhas,armazenamento-de-anilhas,-,,Acessórios - QHSJ Racks,acessorios-qhsj-racks,,https://commanderbrasil.com.br/wp-content/uploads/2025/12/QH-SJ252-bgbranco.webp
QHSJ251,Árvore de Anilhas,arvore-de-anilhas,-,,Acessórios - QHSJ Racks,acessorios-qhsj-racks,,https://commanderbrasil.com.br/wp-content/uploads/2025/12/QH-SJ251-bgbranco.webp
F014,Ataduras Boxe,ataduras-boxe,Acessórios de Treino,acessorios-de-treino,Acessórios - Série F,acessorios-serie-f,Ataduras de Boxe - Código: F-014,https://commanderbrasil.com.br/wp-content/uploads/2025/12/F014-f-1.jpeg
C078,Baby Dolphin,baby-dolphin,Acessórios de Treino,acessorios-de-treino,Acessórios - Série C,acessorios-serie-c,Baby Dolphin - Código: C-078,https://commanderbrasil.com.br/wp-content/uploads/2025/12/C-078-c-2.jpeg
LBE38,Balanço,balanco,Outros Cardio,outros-cardio,Equipamentos - Série LB-E,equipamentos-serie-lb-e,,https://commanderbrasil.com.br/wp-content/uploads/2025/12/LB-E38-bgbranco-1.webp
LBE28,Balanço,balanco,Outros Cardio,outros-cardio,Equipamentos - Série LB-E,equipamentos-serie-lb-e,,https://commanderbrasil.com.br/wp-content/uploads/2025/12/LB-E28-bgbranco-1.webp
LBF20,Balanço de Pernas,balanco-de-pernas,Outras Anilhadas,outras-anilhadas,Equipamentos - Série LB-F,equipamentos-serie-lb-f,,https://commanderbrasil.com.br/wp-content/uploads/2025/12/LB-F20-bgbranco-2.webp
SH84,Banco Abdominal,banco-abdominal,Outras Anilhadas,outras-anilhadas,Equipamentos - Série SH,equipamentos-serie-sh,,https://commanderbrasil.com.br/wp-content/uploads/2025/12/SH84-bgbranco-2.webp
B1070,Banco Abdominal,banco-abdominal,Banco Abdominal,banco-abdominal,Equipamentos - Série B,equipamentos-serie-b,,https://commanderbrasil.com.br/wp-content/uploads/2025/12/B1070-1-2.webp
SH55,Banco Abdominal Ajustável,banco-abdominal-ajustavel,Outras Anilhadas,outras-anilhadas,Equipamentos - Série SH,equipamentos-serie-sh,,https://commanderbrasil.com.br/wp-content/uploads/2025/12/SH55-bgbranco-2.webp
SH103,Banco Abdominal Ajustável,banco-abdominal-ajustavel,Outras Anilhadas,outras-anilhadas,Equipamentos - Série SH,equipamentos-serie-sh,,https://commanderbrasil.com.br/wp-content/uploads/2025/12/SH103-bgbranco-2.webp
SH45,Banco Abdominal Ajustável,banco-abdominal-ajustavel,Outras Anilhadas,outras-anilhadas,Equipamentos - Série SH,equipamentos-serie-sh,,https://commanderbrasil.com.br/wp-content/uploads/2025/12/SH45-bgbranco-2.webp
CBP046,Banco Abdominal Multifuncional,banco-abdominal-multifuncional,Outros Bancos,outros-bancos,Equipamentos - Série CBP,equipamentos-serie-cbp,,https://commanderbrasil.com.br/wp-content/uploads/2025/12/CBP046-bgbranco-bgbranco-1.webp
SH86,Banco Ajustável,banco-ajustavel,Outras Anilhadas,outras-anilhadas,Equipamentos - Série SH,equipamentos-serie-sh,,https://commanderbrasil.com.br/wp-content/uploads/2025/12/SH86-bgbranco-2.webp
1215,Banco Ajustável,banco-ajustavel,Bancos Ajustáveis,bancos-ajustaveis,,,,
G004,Banco Ajustável,banco-ajustavel,Bancos Ajustáveis,bancos-ajustaveis,Acessórios - Série G,acessorios-serie-g,Banco Adjustable - Código: G-004,https://commanderbrasil.com.br/wp-content/uploads/2025/12/G004-g-1.png
SH40,Banco Ajustável,banco-ajustavel,Outras Anilhadas,outras-anilhadas,Equipamentos - Série SH,equipamentos-serie-sh,,https://commanderbrasil.com.br/wp-content/uploads/2025/12/SH40-bgbranco-2.webp
GM95,Banco de Peito Ajustável,banco-de-peito-ajustavel,Bancos Ajustáveis,bancos-ajustaveis,Equipamentos - Série GM,equipamentos-serie-gm,,https://commanderbrasil.com.br/wp-content/uploads/2025/12/GM95-bgbranco-2.webp
CBP035,Banco De Rosca Em Pé,banco-de-rosca-em-pe,Outros Bancos,outros-bancos,Equipamentos - Série CBP,equipamentos-serie-cbp,,https://commanderbrasil.com.br/wp-content/uploads/2025/12/CBP035-bgbranco-bgbranco-1.webp
CBP034,Banco De Rosca Em Pé Ajustável,banco-de-rosca-em-pe-ajustavel,Outros Bancos,outros-bancos,Equipamentos - Série CBP,equipamentos-serie-cbp,,https://commanderbrasil.com.br/wp-content/uploads/2025/12/CBP034-bgbranco-bgbranco-1.webp
CBP031,Banco De Tríceps,banco-de-triceps,Outros Bancos,outros-bancos,Equipamentos - Série CBP,equipamentos-serie-cbp,,https://commanderbrasil.com.br/wp-content/uploads/2025/12/CBP031-bgbranco-bgbranco-1.webp
B1037,Banco Declinado,banco-declinado,Bancos Declinados,bancos-declinados,Equipamentos - Série B,equipamentos-serie-b,,https://commanderbrasil.com.br/wp-content/uploads/2025/12/B1037-1-2.webp
GM32,Banco Declinado,banco-declinado,Bancos Declinados,bancos-declinados,Equipamentos - Série GM,equipamentos-serie-gm,,https://commanderbrasil.com.br/wp-content/uploads/2025/12/GM32-bgbranco-2.webp
LB655,Banco Declinado,banco-declinado,Bancos Declinados,bancos-declinados,Equipamentos - Série LB,equipamentos-serie-lb,,https://commanderbrasil.com.br/wp-content/uploads/2025/12/LB655-bgbranco-2.webp
SH73,Banco Declinado Olímpico,banco-declinado-olimpico,Outras Anilhadas,outras-anilhadas,Equipamentos - Série SH,equipamentos-serie-sh,,https://commanderbrasil.com.br/wp-content/uploads/2025/12/SH73-bgbranco-2.webp
SH88,Banco Extensor De Lombar,banco-extensor-de-lombar,Outras Anilhadas,outras-anilhadas,Equipamentos - Série SH,equipamentos-serie-sh,,https://commanderbrasil.com.br/wp-content/uploads/2025/12/SH88-bgbranco-2.webp
SH51,Banco Inclinado 75°,banco-inclinado-75,Outras Anilhadas,outras-anilhadas,Equipamentos - Série SH,equipamentos-serie-sh,,https://commanderbrasil.com.br/wp-content/uploads/2025/12/SH51-bgbranco-2.webp
SH42,Banco Inclinado Olímpico,banco-inclinado-olimpico,Outras Anilhadas,outras-anilhadas,Equipamentos - Série SH,equipamentos-serie-sh,,https://commanderbrasil.com.br/wp-content/uploads/2025/12/SH42-bgbranco-2.webp
B1038,Banco Inclinável Ajustável,banco-inclinavel-ajustavel,Bancos Ajustáveis,bancos-ajustaveis,Equipamentos - Série B,equipamentos-serie-b,,https://commanderbrasil.com.br/wp-content/uploads/2025/12/B1038-1-2.webp
GM31,Banco Inclinável Ajustável,banco-inclinavel-ajustavel,Bancos Ajustáveis,bancos-ajustaveis,Equipamentos - Série GM,equipamentos-serie-gm,,https://commanderbrasil.com.br/wp-content/uploads/2025/12/GM31-bgbranco-2.webp
GM100,Banco Inclinável Ajustável,banco-inclinavel-ajustavel,Bancos Ajustáveis,bancos-ajustaveis,Equipamentos - Série GM,equipamentos-serie-gm,,https://commanderbrasil.com.br/wp-content/uploads/2025/12/GM100-bgbranco-1.webp
SH10,Banco Militar Olímpico,banco-militar-olimpico,Outras Anilhadas,outras-anilhadas,Equipamentos - Série SH,equipamentos-serie-sh,,https://commanderbrasil.com.br/wp-content/uploads/2025/12/SH10-bgbranco-2.webp
CBP036,Banco Multi Movimento,banco-multi-movimento,Outros Bancos,outros-bancos,Equipamentos - Série CBP,equipamentos-serie-cbp,,https://commanderbrasil.com.br/wp-content/uploads/2025/12/CBP036-bgbranco-bgbranco-1.webp
LB652,Banco Multi Posições,banco-multi-posicoes,Bancos Ajustáveis,bancos-ajustaveis,Equipamentos - Série LB,equipamentos-serie-lb,,https://commanderbrasil.com.br/wp-content/uploads/2025/12/LB-F20-cmd-lb-f-series-1-1.png
B1039,Banco Multi-Posições,banco-multi-posicoes,Bancos Ajustáveis,bancos-ajustaveis,Equipamentos - Série B,equipamentos-serie-b,,https://commanderbrasil.com.br/wp-content/uploads/2025/12/B1039-1-2.webp
GM33,Banco Multi-Posições,banco-multi-posicoes,Bancos Ajustáveis,bancos-ajustaveis,Equipamentos - Série GM,equipamentos-serie-gm,,https://commanderbrasil.com.br/wp-content/uploads/2025/12/GM33-bgbranco-2.webp
LB650,Banco Multi-Posições,banco-multi-posicoes,Bancos Ajustáveis,bancos-ajustaveis,Equipamentos - Série LB,equipamentos-serie-lb,,https://commanderbrasil.com.br/wp-content/uploads/2025/12/LB650-bgbranco-2.webp
LB653,Banco Multi-Posições,banco-multi-posicoes,Bancos Ajustáveis,bancos-ajustaveis,Equipamentos - Série LB,equipamentos-serie-lb,,https://commanderbrasil.com.br/wp-content/uploads/2025/12/LB653-bgbranco-2.webp
SH46,Banco Multifuncional,banco-multifuncional,Outras Anilhadas,outras-anilhadas,Equipamentos - Série SH,equipamentos-serie-sh,,https://commanderbrasil.com.br/wp-content/uploads/2025/12/SH46-bgbranco-2.webp
CBP026,Banco Olímpico De Ombros,banco-olimpico-de-ombros,Outros Bancos,outros-bancos,Equipamentos - Série CBP,equipamentos-serie-cbp,,https://commanderbrasil.com.br/wp-content/uploads/2025/12/CBP026-bgbranco-bgbranco-1.webp
CBP025,Banco Olímpico De Ombros Super,banco-olimpico-de-ombros-super,Outros Bancos,outros-bancos,Equipamentos - Série CBP,equipamentos-serie-cbp,,https://commanderbrasil.com.br/wp-content/uploads/2025/12/CBP025-bgbranco-bgbranco-1.webp
B1046,Banco Olímpico Desenvolvimento de Ombros,banco-olimpico-desenvolvimento-de-ombros,Bancos Olímpicos,bancos-olimpicos,Equipamentos - Série B,equipamentos-serie-b,,https://commanderbrasil.com.br/wp-content/uploads/2025/12/B1046-1-2.webp
CBP023,Banco Olímpico Inclinado,banco-olimpico-inclinado,Outros Bancos,outros-bancos,Equipamentos - Série CBP,equipamentos-serie-cbp,,https://commanderbrasil.com.br/wp-content/uploads/2025/12/CBP023-bgbranco-bgbranco-1.webp
CBP022,Banco Olímpico Inclinado Super,banco-olimpico-inclinado-super,Outros Bancos,outros-bancos,Equipamentos - Série CBP,equipamentos-serie-cbp,,https://commanderbrasil.com.br/wp-content/uploads/2025/12/CBP022-bgbranco-bgbranco-1.webp
CBP024,Banco Olímpico Multiuso,banco-olimpico-multiuso,Outros Bancos,outros-bancos,Equipamentos - Série CBP,equipamentos-serie-cbp,,https://commanderbrasil.com.br/wp-content/uploads/2025/12/CBP024-bgbranco-bgbranco-1.webp
CBP021,Banco Olímpico Reto,banco-olimpico-reto,Outros Bancos,outros-bancos,Equipamentos - Série CBP,equipamentos-serie-cbp,,https://commanderbrasil.com.br/wp-content/uploads/2025/12/CBP021-bgbranco-bgbranco-1.webp
CBP020,Banco Olímpico Reto Super,banco-olimpico-reto-super,Outros Bancos,outros-bancos,Equipamentos - Série CBP,equipamentos-serie-cbp,,https://commanderbrasil.com.br/wp-content/uploads/2025/12/CBP020-bgbranco-bgbranco-1.webp
GM117,Banco Olímpico Supino Ajustável,banco-olimpico-supino-ajustavel,Bancos Ajustáveis,bancos-ajustaveis,Equipamentos - Série GM,equipamentos-serie-gm,,https://commanderbrasil.com.br/wp-content/uploads/2025/12/GM117-bgbranco-2.webp
B1041,Banco Olímpico Supino Declinado,banco-olimpico-supino-declinado,Bancos Ajustáveis,bancos-ajustaveis,Equipamentos - Série B,equipamentos-serie-b,,https://commanderbrasil.com.br/wp-content/uploads/2025/12/B1041-bgbranco-1.webp
GM36,Banco Olímpico Supino Declinado,banco-olimpico-supino-declinado,Bancos Declinados,bancos-declinados,Equipamentos - Série GM,equipamentos-serie-gm,,https://commanderbrasil.com.br/wp-content/uploads/2025/12/GM36-bgbranco-2.webp
LB646,Banco Olímpico Supino Declinado,banco-olimpico-supino-declinado,Bancos Declinados,bancos-declinados,Equipamentos - Série LB,equipamentos-serie-lb,,https://commanderbrasil.com.br/wp-content/uploads/2025/12/LB646-bgbranco-2.webp
B1042,Banco Olímpico Supino Inclinado,banco-olimpico-supino-inclinado,Bancos Inclinados,bancos-inclinados,Equipamentos - Série B,equipamentos-serie-b,,https://commanderbrasil.com.br/wp-content/uploads/2025/12/B1042-1-2.webp
GM116,Banco Olímpico Supino Inclinado,banco-olimpico-supino-inclinado,Bancos Inclinados,bancos-inclinados,Equipamentos - Série GM,equipamentos-serie-gm,,https://commanderbrasil.com.br/wp-content/uploads/2025/12/GM116-bgbranco-2.webp
GM35,Banco Olímpico Supino Inclinado,banco-olimpico-supino-inclinado,Bancos Inclinados,bancos-inclinados,Equipamentos - Série GM,equipamentos-serie-gm,,https://commanderbrasil.com.br/wp-content/uploads/2025/12/GM35-bgbranco-2.webp
LB644,Banco Olímpico Supino Inclinado,banco-olimpico-supino-inclinado,Bancos Inclinados,bancos-inclinados,Equipamentos - Série LB,equipamentos-serie-lb,,https://commanderbrasil.com.br/wp-content/uploads/2025/12/LB644-bgbranco-2.webp
B1043,Banco Olímpico Supino Reto,banco-olimpico-supino-reto,Bancos Retos,bancos-retos,Equipamentos - Série B,equipamentos-serie-b,,https://commanderbrasil.com.br/wp-content/uploads/2025/12/B1043-1-2.webp
GM115,Banco Olímpico Supino Reto,banco-olimpico-supino-reto,Bancos Retos,bancos-retos,Equipamentos - Série GM,equipamentos-serie-gm,,https://commanderbrasil.com.br/wp-content/uploads/2025/12/GM115-bgbranco-2.webp
GM34,Banco Olímpico Supino Reto,banco-olimpico-supino-reto,Bancos Retos,bancos-retos,Equipamentos - Série GM,equipamentos-serie-gm,,https://commanderbrasil.com.br/wp-content/uploads/2025/12/GM34-bgbranco-2.webp
LB645,Banco Olímpico Supino Reto,banco-olimpico-supino-reto,Bancos Retos,bancos-retos,Equipamentos - Série LB,equipamentos-serie-lb,,https://commanderbrasil.com.br/wp-content/uploads/2025/12/LB645-bgbranco-2.webp
G003,Banco para Ombros,banco-para-ombros,Outros Bancos,outros-bancos,Acessórios - Série G,acessorios-serie-g,Banco para Ombros - Código: G-003,https://commanderbrasil.com.br/wp-content/uploads/2025/12/G003-g-1.jpeg
CBP130,Banco para Remada Seal,banco-para-remada-seal,Outros Bancos,outros-bancos,Equipamentos - Série CBP,equipamentos-serie-cbp,,https://commanderbrasil.com.br/wp-content/uploads/2025/12/CBP130-bgbranco-2.webp
G001,Banco Plano,banco-plano,Outros Bancos,outros-bancos,Acessórios - Série G,acessorios-serie-g,Banco Plano - Código: G-001,
SH52,Banco Reto,banco-reto,Outras Anilhadas,outras-anilhadas,Equipamentos - Série SH,equipamentos-serie-sh,,https://commanderbrasil.com.br/wp-content/uploads/2025/12/SH52-bgbranco-2.webp
B1036,Banco Reto,banco-reto,Bancos Retos,bancos-retos,Equipamentos - Série B,equipamentos-serie-b,,https://commanderbrasil.com.br/wp-content/uploads/2025/12/B1036-1-2.webp
GM81,Banco Reto,banco-reto,Bancos Retos,bancos-retos,Equipamentos - Série GM,equipamentos-serie-gm,,https://commanderbrasil.com.br/wp-content/uploads/2025/12/GM81-bgbranco-2.webp
GM38,Banco Reto,banco-reto,Bancos Retos,bancos-retos,Equipamentos - Série GM,equipamentos-serie-gm,,https://commanderbrasil.com.br/wp-content/uploads/2025/12/GM38-bgbranco-2.webp
LB651,Banco Reto,banco-reto,Bancos Retos,bancos-retos,Equipamentos - Série LB,equipamentos-serie-lb,,https://commanderbrasil.com.br/wp-content/uploads/2025/12/LB651-bgbranco-2.webp
SH34,Banco Reto,banco-reto,Outras Anilhadas,outras-anilhadas,Equipamentos - Série SH,equipamentos-serie-sh,,https://commanderbrasil.com.br/wp-content/uploads/2025/12/SH34-bgbranco-2.webp
LB647,Banco Reto Supino,banco-reto-supino,Bancos Retos,bancos-retos,Equipamentos - Série LB,equipamentos-serie-lb,,https://commanderbrasil.com.br/wp-content/uploads/2025/12/LB647-bgbranco-2.webp
SH28,Banco Reto Supino ISO-Lateral,banco-reto-supino-iso-lateral,Supino,supino,Equipamentos - Série SH,equipamentos-serie-sh,,https://commanderbrasil.com.br/wp-content/uploads/2025/12/SH28-bgbranco-2.webp
B1008,Banco Reto Supino Máquina,banco-reto-supino-maquina,Bancos Retos,bancos-retos,Equipamentos - Série B,equipamentos-serie-b,,https://commanderbrasil.com.br/wp-content/uploads/2025/12/B1008-1-1.webp
CMDFL04,Banco Reto Supino Máquina,banco-reto-supino-maquina,Bancos Retos,bancos-retos,Equipamentos - Série 360,equipamentos-serie-360,,https://commanderbrasil.com.br/wp-content/uploads/2025/12/CMD-FL04-bgbranco-1.webp
GM60A,Banco Romano,banco-romano,Outros Bancos,outros-bancos,Equipamentos - Série GM,equipamentos-serie-gm,,https://commanderbrasil.com.br/wp-content/uploads/2025/12/GM60A-bgbranco-2.webp
GM60B,Banco Romano,banco-romano,Outros Bancos,outros-bancos,Equipamentos - Série GM,equipamentos-serie-gm,,https://commanderbrasil.com.br/wp-content/uploads/2025/12/GM60B-bgbranco-2.webp
B1045,Banco Romano,banco-romano,Extensão de Costas,extensao-de-costas,Equipamentos - Série B,equipamentos-serie-b,,https://commanderbrasil.com.br/wp-content/uploads/2025/12/B1045-bgbranco.webp
LB654,Banco Romano,banco-romano,Outros Bancos,outros-bancos,Equipamentos - Série LB,equipamentos-serie-lb,,https://commanderbrasil.com.br/wp-content/uploads/2025/12/LB654-bgbranco-2.webp
GM70A,Banco Scott,banco-scott,Bancos Scott,bancos-scott,Equipamentos - Série GM,equipamentos-serie-gm,,https://commanderbrasil.com.br/wp-content/uploads/2025/12/GM70A-bgbranco-2.webp
B1044,Banco Scott,banco-scott,Bancos Scott,bancos-scott,Equipamentos - Série B,equipamentos-serie-b,,https://commanderbrasil.com.br/wp-content/uploads/2025/12/B1044-bgbranco.webp
SH20,Banco Scott (Bíceps),banco-scott-biceps,Bancos Ajustáveis,bancos-ajustaveis,Equipamentos - Série SH,equipamentos-serie-sh,,https://commanderbrasil.com.br/wp-content/uploads/2025/12/SH20-bgbranco-2.webp
CBP128,Banco Scott (para bíceps),banco-scott-para-biceps,Outros Bancos,outros-bancos,Equipamentos - Série CBP,equipamentos-serie-cbp,,https://commanderbrasil.com.br/wp-content/uploads/2025/12/CBP128-bgbranco-2.webp
CBP008,Banco Totalmente Ajustável,banco-totalmente-ajustavel,Outros Bancos,outros-bancos,Equipamentos - Série CBP,equipamentos-serie-cbp,,https://commanderbrasil.com.br/wp-content/uploads/2025/12/CBP008-bgbranco-2.webp
QHSJ240,Bandagens de Boxe,bandagens-de-boxe,-,,Acessórios - QHSJ Agilidade,acessorios-qhsj-agilidade,,https://commanderbrasil.com.br/wp-content/uploads/2025/12/QH-SJ240-bgbranco.webp
VS16,Barra Assistida,barra-assistida,Mergulho e Barra Assistida,mergulho-e-barra-assistida,Equipamentos - Série VS,equipamentos-serie-vs,,https://commanderbrasil.com.br/wp-content/uploads/2025/12/CMD-VS16-1.png
B1009,Barra Assistida,barra-assistida,Mergulho e Barra Assistida,mergulho-e-barra-assistida,Equipamentos - Série B,equipamentos-serie-b,,https://commanderbrasil.com.br/wp-content/uploads/2025/12/B1009-1-1.webp
GM59,Barra Assistida,barra-assistida,Mergulho e Barra Assistida,mergulho-e-barra-assistida,Equipamentos - Série GM,equipamentos-serie-gm,,https://commanderbrasil.com.br/wp-content/uploads/2025/12/GM59-bgbranco-2.webp
LB615,Barra Assistida,barra-assistida,Mergulho e Barra Assistida,mergulho-e-barra-assistida,Equipamentos - Série LB,equipamentos-serie-lb,,https://commanderbrasil.com.br/wp-content/uploads/2025/12/LB615-bgbranco-2.webp
LBF11,Barra Assistida,barra-assistida,Outras Anilhadas,outras-anilhadas,Equipamentos - Série LB-F,equipamentos-serie-lb-f,,https://commanderbrasil.com.br/wp-content/uploads/2025/12/LB-F11-bgbranco-2.webp
QHSJ92,Barra B29,barra-b29,-,,Acessórios - QHSJ Barras,acessorios-qhsj-barras,,https://commanderbrasil.com.br/wp-content/uploads/2025/12/QHSJ92-bgbranco.webp
QHSJ214,Barra Corporal,barra-corporal,-,,Acessórios - QHSJ Treino,acessorios-qhsj-treino,,https://commanderbrasil.com.br/wp-content/uploads/2025/12/QHSJ214-bgbranco.webp
E007,Barra Corporal 2kg,barra-corporal-2kg,Acessórios de Treino,acessorios-de-treino,Acessórios - Série E,acessorios-serie-e,Barra Corporal 2kg - Código: E-007,https://commanderbrasil.com.br/wp-content/uploads/2025/12/E007-e-2.jpeg
QHSJ05,Barra Curva Pequena,barra-curva-pequena,-,,Acessórios - QHSJ Pesos,acessorios-qhsj-pesos,,https://commanderbrasil.com.br/wp-content/uploads/2025/12/QH-SJ05-bgbranco.webp
A005,Barra Curva Pequena Fixa,barra-curva-pequena-fixa,-,,Acessórios - Série A,acessorios-serie-a,Preço por kg (USD),https://commanderbrasil.com.br/wp-content/uploads/2025/12/A005-bgbranco-v2.webp
A007,Barra Curva Pequena PU Capitão América,barra-curva-pequena-pu-capitao-america,-,,Acessórios - Série A,acessorios-serie-a,Preço por kg (USD),
QHSJ07,Barra Curva PU Capitão América,barra-curva-pu-capitao-america,-,,Acessórios - QHSJ Pesos,acessorios-qhsj-pesos,,
QHSJ94,Barra de Segurança para Agachamento,barra-de-seguranca-para-agachamento,Máquinas de Agachamento,maquinas-de-agachamento,Acessórios - QHSJ Barras,acessorios-qhsj-barras,,https://commanderbrasil.com.br/wp-content/uploads/2025/12/QHSJ94-bgbranco.webp
CBP042,Barra Dorsal,barra-dorsal,Puxada Alta,puxada-alta,Equipamentos - Série CBP,equipamentos-serie-cbp,,https://commanderbrasil.com.br/wp-content/uploads/2025/12/CBP042-bgbranco-bgbranco-1.webp
CBP043,Barra Dorsal Super,barra-dorsal-super,Puxada Alta,puxada-alta,Equipamentos - Série CBP,equipamentos-serie-cbp,,https://commanderbrasil.com.br/wp-content/uploads/2025/12/CBP043-bgbranco-bgbranco-1.webp
QHSJ43,Barra Fixa 12 Lados Borracha,barra-fixa-12-lados-borracha,-,,Acessórios - QHSJ Pesos,acessorios-qhsj-pesos,,https://commanderbrasil.com.br/wp-content/uploads/2025/12/QH-SJ43-bgbranco.webp
A043,Barra Fixa 12 Lados Revestida de Borracha,barra-fixa-12-lados-revestida-de-borracha,-,,Acessórios - Série A,acessorios-serie-a,Preço por kg (USD),https://commanderbrasil.com.br/wp-content/uploads/2025/12/A043-bgbranco-v2.webp
QHSJ80,Barra Fixa Precor Borracha Curva,barra-fixa-precor-borracha-curva,-,,Acessórios - QHSJ Pesos,acessorios-qhsj-pesos,,https://commanderbrasil.com.br/wp-content/uploads/2025/12/QHSJ80-bgbranco.webp
QHSJ79,Barra Fixa Precor Borracha Reta,barra-fixa-precor-borracha-reta,-,,Acessórios - QHSJ Pesos,acessorios-qhsj-pesos,,https://commanderbrasil.com.br/wp-content/uploads/2025/12/QHSJ79-bgbranco.webp
A079,Barra Fixa Precor Revestida de Borracha,barra-fixa-precor-revestida-de-borracha,-,,Acessórios - Série A,acessorios-serie-a,Preço por kg (USD),https://commanderbrasil.com.br/wp-content/uploads/2025/12/A079-bgbranco-v2.webp
A080,Barra Fixa Precor Revestida de Borracha Modelo 2,barra-fixa-precor-revestida-de-borracha-modelo-2,-,,Acessórios - Série A,acessorios-serie-a,Preço por kg (USD),https://commanderbrasil.com.br/wp-content/uploads/2025/12/A080-bgbranco-v2.webp
QHSJ17,Barra Fixa PU,barra-fixa-pu,-,,Acessórios - QHSJ Pesos,acessorios-qhsj-pesos,,https://commanderbrasil.com.br/wp-content/uploads/2025/12/QH-SJ17-bgbranco.webp
A017,Barra Fixa PU,barra-fixa-pu,-,,Acessórios - Série A,acessorios-serie-a,Preço por kg (USD),https://commanderbrasil.com.br/wp-content/uploads/2025/12/A017-bgbranco-v2.webp
A053,Barra Fixa PU Modelo 2,barra-fixa-pu-modelo-2,-,,Acessórios - Série A,acessorios-serie-a,Preço por kg (USD),https://commanderbrasil.com.br/wp-content/uploads/2025/12/A053-bgbranco-v2.webp
QHSJ93,Barra Funcional Multi-Ângulo,barra-funcional-multi-angulo,Treinadores Funcionais,treinadores-funcionais,Acessórios - QHSJ Barras,acessorios-qhsj-barras,,https://commanderbrasil.com.br/wp-content/uploads/2025/12/QHSJ93-bgbranco.webp
QHSJ89,Barra Hex Treinamento,barra-hex-treinamento,-,,Acessórios - QHSJ Barras,acessorios-qhsj-barras,,https://commanderbrasil.com.br/wp-content/uploads/2025/12/QHSJ89-bgbranco.webp
QHSJ57,Barra Les Mills,barra-les-mills,-,,Acessórios - QHSJ Pesos,acessorios-qhsj-pesos,,
QHSJ56,Barra Les Mills Borracha,barra-les-mills-borracha,-,,Acessórios - QHSJ Pesos,acessorios-qhsj-pesos,,
QHSJ54,Barra Les Mills PU,barra-les-mills-pu,-,,Acessórios - QHSJ Pesos,acessorios-qhsj-pesos,,https://commanderbrasil.com.br/wp-content/uploads/2025/12/QH-SJ54-bgbranco.webp
QHSJ55,Barra Les Mills PU Crocodilo,barra-les-mills-pu-crocodilo,-,,Acessórios - QHSJ Pesos,acessorios-qhsj-pesos,,https://commanderbrasil.com.br/wp-content/uploads/2025/12/QH-SJ55-bgbranco.webp
LB657,Barra Multi Posições,barra-multi-posicoes,Outras Máquinas,outras-maquinas,Equipamentos - Série LB,equipamentos-serie-lb,,https://commanderbrasil.com.br/wp-content/uploads/2025/12/LB657-bgbranco-2.webp
QHSJ88,Barra OB-20,barra-ob-20,-,,Acessórios - QHSJ Barras,acessorios-qhsj-barras,,https://commanderbrasil.com.br/wp-content/uploads/2025/12/QHSJ88-bgbranco.webp
QHSJ90,Barra OB-34,barra-ob-34,-,,Acessórios - QHSJ Barras,acessorios-qhsj-barras,,https://commanderbrasil.com.br/wp-content/uploads/2025/12/QHSJ90-bgbranco.webp
QHSJ85,Barra Olímpica Feminina Alumínio 1.8m,barra-olimpica-feminina-aluminio-18m,-,,Acessórios - QHSJ Barras,acessorios-qhsj-barras,,https://commanderbrasil.com.br/wp-content/uploads/2025/12/QHSJ85-bgbranco.webp
QHSJ81,Barra Olímpica Masculina Cromada 1500lbs,barra-olimpica-masculina-cromada-1500lbs,-,,Acessórios - QHSJ Barras,acessorios-qhsj-barras,,https://commanderbrasil.com.br/wp-content/uploads/2025/12/QHSJ81-bgbranco.webp
QHSJ84,Barra Olímpica Masculina Cromada 500lbs,barra-olimpica-masculina-cromada-500lbs,-,,Acessórios - QHSJ Barras,acessorios-qhsj-barras,,https://commanderbrasil.com.br/wp-content/uploads/2025/12/QHSJ84-bgbranco.webp
QHSJ83,Barra Olímpica Masculina Cromada 700lbs,barra-olimpica-masculina-cromada-700lbs,-,,Acessórios - QHSJ Barras,acessorios-qhsj-barras,,https://commanderbrasil.com.br/wp-content/uploads/2025/12/QHSJ83-bgbranco.webp
QHSJ82,Barra Olímpica Masculina Preta 1000lbs,barra-olimpica-masculina-preta-1000lbs,-,,Acessórios - QHSJ Barras,acessorios-qhsj-barras,,https://commanderbrasil.com.br/wp-content/uploads/2025/12/QHSJ82-bgbranco.webp
CBP087,Barra para Levantamento Terra Frontal,barra-para-levantamento-terra-frontal,Remadas,remadas,Equipamentos - Série CBP,equipamentos-serie-cbp,,https://commanderbrasil.com.br/wp-content/uploads/2025/12/CBP087-bgbranco-2.webp
CBP086,Barra para Levantamento Terra Super,barra-para-levantamento-terra-super,Remadas,remadas,Equipamentos - Série CBP,equipamentos-serie-cbp,,https://commanderbrasil.com.br/wp-content/uploads/2025/12/CBP086-bgbranco-2.webp
QHSJ28,Barra Pequena Borracha Technogym,barra-pequena-borracha-technogym,-,,Acessórios - QHSJ Pesos,acessorios-qhsj-pesos,,https://commanderbrasil.com.br/wp-content/uploads/2025/12/QH-SJ28-bgbranco.webp
QHSJ87,Barra Pequena Curva 1.2m,barra-pequena-curva-12m,-,,Acessórios - QHSJ Barras,acessorios-qhsj-barras,,https://commanderbrasil.com.br/wp-content/uploads/2025/12/QHSJ87-bgbranco.webp
A019,Barra Pequena Inteira Reta/Curva,barra-pequena-inteira-retacurva,-,,Acessórios - Série A,acessorios-serie-a,Preço por kg (USD),https://commanderbrasil.com.br/wp-content/uploads/2025/12/A019-bgbranco-v2.webp
A021,Barra Pequena Inteira Reta/Curva Modelo 2,barra-pequena-inteira-retacurva-modelo-2,-,,Acessórios - Série A,acessorios-serie-a,Preço por kg (USD),https://commanderbrasil.com.br/wp-content/uploads/2025/12/A021-bgbranco-v2.webp
A023,Barra Pequena Inteira Reta/Curva Modelo 3,barra-pequena-inteira-retacurva-modelo-3,-,,Acessórios - Série A,acessorios-serie-a,Preço por kg (USD),https://commanderbrasil.com.br/wp-content/uploads/2025/12/A023-bgbranco-v2.webp
QHSJ86,Barra Pequena Reta 1.2m,barra-pequena-reta-12m,-,,Acessórios - QHSJ Barras,acessorios-qhsj-barras,,https://commanderbrasil.com.br/wp-content/uploads/2025/12/QHSJ86-bgbranco.webp
QHSJ19,Barra Pequena Sólida Reta/Curva,barra-pequena-solida-retacurva,-,,Acessórios - QHSJ Pesos,acessorios-qhsj-pesos,,https://commanderbrasil.com.br/wp-content/uploads/2025/12/QH-SJ19-bgbranco.webp
QHSJ21,Barra Pequena Sólida Reta/Curva,barra-pequena-solida-retacurva,-,,Acessórios - QHSJ Pesos,acessorios-qhsj-pesos,,https://commanderbrasil.com.br/wp-content/uploads/2025/12/QH-SJ21-bgbranco.webp
QHSJ23,Barra Pequena Sólida Reta/Curva,barra-pequena-solida-retacurva,-,,Acessórios - QHSJ Pesos,acessorios-qhsj-pesos,,https://commanderbrasil.com.br/wp-content/uploads/2025/12/QH-SJ23-bgbranco.webp
A028,Barra Pequena Technogym Revestida de Borracha,barra-pequena-technogym-revestida-de-borracha,-,,Acessórios - Série A,acessorios-serie-a,Preço por kg (USD),https://commanderbrasil.com.br/wp-content/uploads/2025/12/A028-bgbranco-v2.webp
A004,Barra Reta Fixa,barra-reta-fixa,-,,Acessórios - Série A,acessorios-serie-a,Preço por kg (USD),https://commanderbrasil.com.br/wp-content/uploads/2025/12/A004-bgbranco-v2.webp
QHSJ04,Barra Reta Pequena,barra-reta-pequena,-,,Acessórios - QHSJ Pesos,acessorios-qhsj-pesos,,https://commanderbrasil.com.br/wp-content/uploads/2025/12/QH-SJ04-bgbranco.webp
A006,Barra Reta PU Capitão América,barra-reta-pu-capitao-america,-,,Acessórios - Série A,acessorios-serie-a,Preço por kg (USD),https://commanderbrasil.com.br/wp-content/uploads/2025/12/A006-bgbranco-v2.webp
QHSJ06,Barra Reta PU Capitão América,barra-reta-pu-capitao-america,-,,Acessórios - QHSJ Pesos,acessorios-qhsj-pesos,,
QHSJ91,Barra Trap,barra-trap,-,,Acessórios - QHSJ Barras,acessorios-qhsj-barras,,https://commanderbrasil.com.br/wp-content/uploads/2025/12/QHSJ91-bgbranco.webp
QHSJ207,Barras Paralelas,barras-paralelas,-,,Acessórios - QHSJ Treino,acessorios-qhsj-treino,,https://commanderbrasil.com.br/wp-content/uploads/2025/12/QH-SJ207-bgbranco.webp
D041,Barras Paralelas Divididas,barras-paralelas-divididas,Acessórios de Treino,acessorios-de-treino,Acessórios - Série D,acessorios-serie-d,Barras Paralelas Divididas - Código: D-041,https://commanderbrasil.com.br/wp-content/uploads/2025/12/D041-d-2.jpeg
B1047,Barras Paralelas/Máquina Abdominal,barras-paralelasmaquina-abdominal,Máquinas Abdominais,maquinas-abdominais,Equipamentos - Série B,equipamentos-serie-b,,https://commanderbrasil.com.br/wp-content/uploads/2025/12/B1047-1-2.webp
QHSJ229,Barreira de Agilidade,barreira-de-agilidade,Acessórios de Treino,acessorios-de-treino,Acessórios - QHSJ Agilidade,acessorios-qhsj-agilidade,,https://commanderbrasil.com.br/wp-content/uploads/2025/12/QH-SJ229-bgbranco.webp
E006,Barril Energia 2kg,barril-energia-2kg,Acessórios de Treino,acessorios-de-treino,Acessórios - Série E,acessorios-serie-e,Barril de Energia 2kg - Código: E-006,https://commanderbrasil.com.br/wp-content/uploads/2025/12/E006-e-2.jpeg
CBP003,Base De Meio Suporte,base-de-meio-suporte,Outros Racks,outros-racks,Equipamentos - Série CBP,equipamentos-serie-cbp,,https://commanderbrasil.com.br/wp-content/uploads/2025/12/CBP003-bgbranco-2.webp
G029,Base Nove Furos para Barras,base-nove-furos-para-barras,Acessórios de Treino,acessorios-de-treino,Acessórios - Série G,acessorios-serie-g,Base de Nove Furos para Barras - Código: G-029,https://commanderbrasil.com.br/wp-content/uploads/2025/12/G029-g-1.jpeg
H012,Base para Step,base-para-step,Acessórios de Treino,acessorios-de-treino,Acessórios - Série H,acessorios-serie-h,Base para Step - Código: H-012,https://commanderbrasil.com.br/wp-content/uploads/2025/12/H012-h-1.jpeg
QHSJ182,Bastão de Avaliação Corporal,bastao-de-avaliacao-corporal,-,,Acessórios - QHSJ Yoga,acessorios-qhsj-yoga,,https://commanderbrasil.com.br/wp-content/uploads/2025/12/QH-SJ182-bgbranco.webp
QHSJ183,Bastão de Avaliação Corporal,bastao-de-avaliacao-corporal,-,,Acessórios - QHSJ Yoga,acessorios-qhsj-yoga,,https://commanderbrasil.com.br/wp-content/uploads/2025/12/QHSJ183-bgbranco.webp
C055,Bastão de Massagem,bastao-de-massagem,Acessórios de Treino,acessorios-de-treino,Acessórios - Série C,acessorios-serie-c,Bastão de Massagem - Código: C-055,https://commanderbrasil.com.br/wp-content/uploads/2025/12/C-055-c-2.jpeg
QHSJ168,Bastão de Massagem Profunda,bastao-de-massagem-profunda,-,,Acessórios - QHSJ Yoga,acessorios-qhsj-yoga,,https://commanderbrasil.com.br/wp-content/uploads/2025/12/QH-SJ168-bgbranco.webp
QHSJ146,Bastão de Massagem Sólido,bastao-de-massagem-solido,-,,Acessórios - QHSJ Yoga,acessorios-qhsj-yoga,,https://commanderbrasil.com.br/wp-content/uploads/2025/12/QHSJ146-bgbranco.webp
D020,Bastão Felix (Baixa Resistência),bastao-felix-baixa-resistencia,Acessórios de Treino,acessorios-de-treino,Acessórios - Série D,acessorios-serie-d,Bastão Felix (Baixa Endurance) - Código: D-020,
D021,Bastão Felix Removível (Alta Resistência),bastao-felix-removivel-alta-resistencia,Acessórios de Treino,acessorios-de-treino,Acessórios - Série D,acessorios-serie-d,Bastão Felix Removível (Alta Endurance) - Código: D-021,https://commanderbrasil.com.br/wp-content/uploads/2025/12/D021-d-2.jpeg
QHSJ199,Bastão Flexível Baixa Intensidade,bastao-flexivel-baixa-intensidade,-,,Acessórios - QHSJ Treino,acessorios-qhsj-treino,,https://commanderbrasil.com.br/wp-content/uploads/2025/12/QH-SJ199-bgbranco.webp
C061,Bastão para Abertura das Costas,bastao-para-abertura-das-costas,Acessórios de Treino,acessorios-de-treino,Acessórios - Série C,acessorios-serie-c,Bastão para Abertura das Costas - Código: C-061,https://commanderbrasil.com.br/wp-content/uploads/2025/12/C-061-c-2.jpeg
C062,Bastão Treino para Iniciantes,bastao-treino-para-iniciantes,Acessórios de Treino,acessorios-de-treino,Acessórios - Série C,acessorios-serie-c,Bastão de Treinamento para Iniciantes - Código: C-062,https://commanderbrasil.com.br/wp-content/uploads/2025/12/C-062-c-2.jpeg
D023,Battle Corda 25mm x 12m,battle-corda-25mm-x-12m,Acessórios de Treino,acessorios-de-treino,Acessórios - Série D,acessorios-serie-d,Battle Rope 25mm x 12m - Código: D-023,https://commanderbrasil.com.br/wp-content/uploads/2025/12/D023-d-2.jpeg
D022,Battle Corda 25mm x 9m,battle-corda-25mm-x-9m,Acessórios de Treino,acessorios-de-treino,Acessórios - Série D,acessorios-serie-d,Battle Rope 25mm x 9m - Código: D-022,https://commanderbrasil.com.br/wp-content/uploads/2025/12/D022-d-2.jpeg
D025,Battle Corda 38mm x 12m,battle-corda-38mm-x-12m,Acessórios de Treino,acessorios-de-treino,Acessórios - Série D,acessorios-serie-d,Battle Rope 38mm x 12m - Código: D-025,https://commanderbrasil.com.br/wp-content/uploads/2025/12/D025-d-2.jpeg
D026,Battle Corda 38mm x 15m,battle-corda-38mm-x-15m,Acessórios de Treino,acessorios-de-treino,Acessórios - Série D,acessorios-serie-d,Battle Rope 38mm x 15m - Código: D-026,https://commanderbrasil.com.br/wp-content/uploads/2025/12/D026-d-2.jpeg
D024,Battle Corda 38mm x 9m,battle-corda-38mm-x-9m,Acessórios de Treino,acessorios-de-treino,Acessórios - Série D,acessorios-serie-d,Battle Rope 38mm x 9m - Código: D-024,https://commanderbrasil.com.br/wp-content/uploads/2025/12/D024-d-2.jpeg
D027,Battle Corda 50mm x 15m,battle-corda-50mm-x-15m,Acessórios de Treino,acessorios-de-treino,Acessórios - Série D,acessorios-serie-d,Battle Rope 50mm x 15m - Código: D-027,https://commanderbrasil.com.br/wp-content/uploads/2025/12/D027-d-2.jpeg
D029,Battle Corda Vermelha 25mm x 12m,battle-corda-vermelha-25mm-x-12m,Acessórios de Treino,acessorios-de-treino,Acessórios - Série D,acessorios-serie-d,Battle Rope Vermelha 25mm x 12m - Código: D-029,https://commanderbrasil.com.br/wp-content/uploads/2025/12/D029-d-2.jpeg
D028,Battle Corda Vermelha 25mm x 9m,battle-corda-vermelha-25mm-x-9m,Acessórios de Treino,acessorios-de-treino,Acessórios - Série D,acessorios-serie-d,Battle Rope Vermelha 25mm x 9m - Código: D-028,https://commanderbrasil.com.br/wp-content/uploads/2025/12/D028-d-2.jpeg
D031,Battle Corda Vermelha 38mm x 12m,battle-corda-vermelha-38mm-x-12m,Acessórios de Treino,acessorios-de-treino,Acessórios - Série D,acessorios-serie-d,Battle Rope Vermelha 38mm x 12m - Código: D-031,https://commanderbrasil.com.br/wp-content/uploads/2025/12/D031-d-2.jpeg
D032,Battle Corda Vermelha 38mm x 15m,battle-corda-vermelha-38mm-x-15m,Acessórios de Treino,acessorios-de-treino,Acessórios - Série D,acessorios-serie-d,Battle Rope Vermelha 38mm x 15m - Código: D-032,https://commanderbrasil.com.br/wp-content/uploads/2025/12/D032-d-2.jpeg
D030,Battle Corda Vermelha 38mm x 9m,battle-corda-vermelha-38mm-x-9m,Acessórios de Treino,acessorios-de-treino,Acessórios - Série D,acessorios-serie-d,Battle Rope Vermelha 38mm x 9m - Código: D-030,https://commanderbrasil.com.br/wp-content/uploads/2025/12/D030-d-2.jpeg
D033,Battle Corda Vermelha 50mm x 15m,battle-corda-vermelha-50mm-x-15m,Acessórios de Treino,acessorios-de-treino,Acessórios - Série D,acessorios-serie-d,Battle Rope Vermelha 50mm x 15m - Código: D-033,https://commanderbrasil.com.br/wp-content/uploads/2025/12/D033-d-2.jpeg
D970,Bíceps,biceps,Bíceps,biceps,Equipamentos - Série D,equipamentos-serie-d,,https://commanderbrasil.com.br/wp-content/uploads/2025/12/CMD-D970-cmd-d-series-2.png
LBF09,Bíceps,biceps,Bíceps,biceps,Equipamentos - Série LB-F,equipamentos-serie-lb-f,,https://commanderbrasil.com.br/wp-content/uploads/2025/12/LB-F09-bgbranco-2.webp
LBF27,Bíceps e Tríceps,biceps-e-triceps,Outras Anilhadas,outras-anilhadas,Equipamentos - Série LB-F,equipamentos-serie-lb-f,,https://commanderbrasil.com.br/wp-content/uploads/2025/12/LB-F27-bgbranco.webp
SH112A,Bíceps Sentado,biceps-sentado,Outras Anilhadas,outras-anilhadas,Equipamentos - Série SH,equipamentos-serie-sh,,https://commanderbrasil.com.br/wp-content/uploads/2025/12/SH112A-bgbranco-2.webp
SH29,Bíceps Sentado,biceps-sentado,Outras Anilhadas,outras-anilhadas,Equipamentos - Série SH,equipamentos-serie-sh,,https://commanderbrasil.com.br/wp-content/uploads/2025/12/SH29-bgbranco-2.webp
B1112,Bíceps/Máquina de Tríceps,bicepsmaquina-de-triceps,Tríceps,triceps,Equipamentos - Série B,equipamentos-serie-b,,https://commanderbrasil.com.br/wp-content/uploads/2025/12/B1112-1-2.webp
LBE16,Bike Reclinada,bike-reclinada,Bikes e Spinning,bikes-e-spinning,Equipamentos - Série LB-E,equipamentos-serie-lb-e,,https://commanderbrasil.com.br/wp-content/uploads/2025/12/LB-E16-bgbranco-1.webp
LBE20,Bike Reclinada,bike-reclinada,Bikes e Spinning,bikes-e-spinning,Equipamentos - Série LB-E,equipamentos-serie-lb-e,,https://commanderbrasil.com.br/wp-content/uploads/2025/12/LB-E20-bgbranco-1.webp
LBE15A,Bike Roaging,bike-roaging,Bikes e Spinning,bikes-e-spinning,Equipamentos - Série LB-E,equipamentos-serie-lb-e,,https://commanderbrasil.com.br/wp-content/uploads/2025/12/LB-F20-cmd-lb-f-series-2.png
LBE12,Bike Spinning,bike-spinning,Bikes e Spinning,bikes-e-spinning,Equipamentos - Série LB-E,equipamentos-serie-lb-e,,https://commanderbrasil.com.br/wp-content/uploads/2025/12/LB-E12-bgbranco-1.webp
LBE13,Bike Spinning,bike-spinning,Bikes e Spinning,bikes-e-spinning,Equipamentos - Série LB-E,equipamentos-serie-lb-e,,https://commanderbrasil.com.br/wp-content/uploads/2025/12/LB-E13-bgbranco-1.webp
LBE14,Bike Spinning,bike-spinning,Bikes e Spinning,bikes-e-spinning,Equipamentos - Série LB-E,equipamentos-serie-lb-e,,https://commanderbrasil.com.br/wp-content/uploads/2025/12/LB-E14-bgbranco-1.webp
LBE15,Bike Spinning,bike-spinning,Bikes e Spinning,bikes-e-spinning,Equipamentos - Série LB-E,equipamentos-serie-lb-e,,https://commanderbrasil.com.br/wp-content/uploads/2025/12/LB-E15-bgbranco-1.webp
LBE10,Bike Spinning Magnética,bike-spinning-magnetica,Bikes e Spinning,bikes-e-spinning,Equipamentos - Série LB-E,equipamentos-serie-lb-e,,https://commanderbrasil.com.br/wp-content/uploads/2025/12/LB-E10-bgbranco-1.webp
LBE11,Bike Spinning Magnética,bike-spinning-magnetica,Bikes e Spinning,bikes-e-spinning,Equipamentos - Série LB-E,equipamentos-serie-lb-e,,https://commanderbrasil.com.br/wp-content/uploads/2025/12/LB-E11-bgbranco-1.webp
LBE33,Bike Ventilador,bike-ventilador,Bikes e Spinning,bikes-e-spinning,Equipamentos - Série LB-E,equipamentos-serie-lb-e,,https://commanderbrasil.com.br/wp-content/uploads/2025/12/LB-E33-bgbranco-1.webp
LBE34A,Bike Ventilador,bike-ventilador,Bikes e Spinning,bikes-e-spinning,Equipamentos - Série LB-E,equipamentos-serie-lb-e,,https://commanderbrasil.com.br/wp-content/uploads/2025/12/LB-E34A-bgbranco-1.webp
LBE32,Bike Ventilador,bike-ventilador,Bikes e Spinning,bikes-e-spinning,Equipamentos - Série LB-E,equipamentos-serie-lb-e,,https://commanderbrasil.com.br/wp-content/uploads/2025/12/LB-E32-bgbranco-1.webp
LBE34,Bike Ventilador,bike-ventilador,Bikes e Spinning,bikes-e-spinning,Equipamentos - Série LB-E,equipamentos-serie-lb-e,,https://commanderbrasil.com.br/wp-content/uploads/2025/12/LB-E34-bgbranco-1.webp
LBE17,Bike Vertical,bike-vertical,Bikes e Spinning,bikes-e-spinning,Equipamentos - Série LB-E,equipamentos-serie-lb-e,,https://commanderbrasil.com.br/wp-content/uploads/2025/12/LB-E17-bgbranco-1.webp
LBE19,Bike Vertical,bike-vertical,Bikes e Spinning,bikes-e-spinning,Equipamentos - Série LB-E,equipamentos-serie-lb-e,,https://commanderbrasil.com.br/wp-content/uploads/2025/12/LB-E19-bgbranco-1.webp
QHSJ145,Bloco de Yoga Bicolor,bloco-de-yoga-bicolor,Tapetes e Yoga,tapetes-e-yoga,Acessórios - QHSJ Yoga,acessorios-qhsj-yoga,,https://commanderbrasil.com.br/wp-content/uploads/2025/12/QH-SJ145-bgbranco.webp
QHSJ144,Bloco de Yoga Sólido,bloco-de-yoga-solido,Tapetes e Yoga,tapetes-e-yoga,Acessórios - QHSJ Yoga,acessorios-qhsj-yoga,,https://commanderbrasil.com.br/wp-content/uploads/2025/12/QH-SJ144-bgbranco.webp
C005,Blocos de Cortiça,blocos-de-cortica,Tapetes e Yoga,tapetes-e-yoga,Acessórios - Série C,acessorios-serie-c,Blocos de Cortiça - Código: C-005,https://commanderbrasil.com.br/wp-content/uploads/2025/12/C-005-c-1.jpeg
C007,Blocos de Cortiça com Logo,blocos-de-cortica-com-logo,Tapetes e Yoga,tapetes-e-yoga,Acessórios - Série C,acessorios-serie-c,Blocos de Cortiça com Logo - Código: C-007,https://commanderbrasil.com.br/wp-content/uploads/2025/12/C-007-c-1.jpeg
C008,Blocos de Yoga EVA,blocos-de-yoga-eva,Tapetes e Yoga,tapetes-e-yoga,Acessórios - Série C,acessorios-serie-c,Blocos de Yoga EVA - Código: C-008,https://commanderbrasil.com.br/wp-content/uploads/2025/12/C-008-c-1.jpeg
C006,Blocos Triangulares de Cortiça,blocos-triangulares-de-cortica,Tapetes e Yoga,tapetes-e-yoga,Acessórios - Série C,acessorios-serie-c,Blocos Triangulares de Cortiça - Código: C-006,https://commanderbrasil.com.br/wp-content/uploads/2025/12/C-006-c-1.jpeg
XMH004,Bobina 1mm,bobina-1mm,Acessórios de Treino,acessorios-de-treino,Acessórios - Série XM-H,acessorios-serie-xm-h,Bobina 1mm - Código: XM-H004,https://commanderbrasil.com.br/wp-content/uploads/2025/12/XM-H004-xm-1.jpeg
QHSJ163,Bola Amendoim Anti-Explosão,bola-amendoim-anti-explosao,Medicine Balls,medicine-balls,Acessórios - QHSJ Yoga,acessorios-qhsj-yoga,,https://commanderbrasil.com.br/wp-content/uploads/2025/12/QH-SJ163-bgbranco.webp
C049,Bola Amendoim Anti-explosão,bola-amendoim-anti-explosao,Acessórios de Treino,acessorios-de-treino,Acessórios - Série C,acessorios-serie-c,Bola Amendoim Anti-explosão - Código: C-049,https://commanderbrasil.com.br/wp-content/uploads/2025/12/C-049-c-2.jpeg
QHSJ203,Bola Bosu,bola-bosu,Medicine Balls,medicine-balls,Acessórios - QHSJ Treino,acessorios-qhsj-treino,,https://commanderbrasil.com.br/wp-content/uploads/2025/12/QHSJ203-bgbranco.webp
QHSJ73,Bola de Areia Borracha,bola-de-areia-borracha,Medicine Balls,medicine-balls,Acessórios - QHSJ Pesos,acessorios-qhsj-pesos,,https://commanderbrasil.com.br/wp-content/uploads/2025/12/QHSJ73-bgbranco.webp
E001,Bola de Areia Fitness 3kg,bola-de-areia-fitness-3kg,Acessórios de Treino,acessorios-de-treino,Acessórios - Série E,acessorios-serie-e,Bola de Areia para Fitness 3kg - Código: E-001,https://commanderbrasil.com.br/wp-content/uploads/2025/12/E0010-e-2.jpeg
C059,Bola de Massagem Amendoim,bola-de-massagem-amendoim,Acessórios de Treino,acessorios-de-treino,Acessórios - Série C,acessorios-serie-c,Bola de Massagem Amendoim - Código: C-059,https://commanderbrasil.com.br/wp-content/uploads/2025/12/C-059-c-2.jpeg
C048,Bola de Massagem com Textura 65cm,bola-de-massagem-com-textura-65cm,Acessórios de Treino,acessorios-de-treino,Acessórios - Série C,acessorios-serie-c,Bola de Massagem com Textura 65cm - Código: C-048,https://commanderbrasil.com.br/wp-content/uploads/2025/12/C-048-c-2.jpeg
QHSJ170,Bola de Massagem Profissional,bola-de-massagem-profissional,Medicine Balls,medicine-balls,Acessórios - QHSJ Yoga,acessorios-qhsj-yoga,,https://commanderbrasil.com.br/wp-content/uploads/2025/12/QHSJ170-bgbranco.webp
QHSJ208,Bola de Parede,bola-de-parede,Medicine Balls,medicine-balls,Acessórios - QHSJ Treino,acessorios-qhsj-treino,,https://commanderbrasil.com.br/wp-content/uploads/2025/12/QHSJ208-bgbranco.webp
E002,Bola de Parede Fitness 1kg,bola-de-parede-fitness-1kg,Acessórios de Treino,acessorios-de-treino,Acessórios - Série E,acessorios-serie-e,Bola de Parede para Fitness 1kg - Código: E-002,https://commanderbrasil.com.br/wp-content/uploads/2025/12/E002-e-2.jpeg
QHSJ233,Bola de Reação,bola-de-reacao,Medicine Balls,medicine-balls,Acessórios - QHSJ Agilidade,acessorios-qhsj-agilidade,,https://commanderbrasil.com.br/wp-content/uploads/2025/12/QH-SJ233-bgbranco.webp
QHSJ159,Bola de Yoga Premium Anti-Explosão,bola-de-yoga-premium-anti-explosao,Tapetes e Yoga,tapetes-e-yoga,Acessórios - QHSJ Yoga,acessorios-qhsj-yoga,,https://commanderbrasil.com.br/wp-content/uploads/2025/12/QH-SJ159-bgbranco.webp
C056,Bola Durian Dupla,bola-durian-dupla,Acessórios de Treino,acessorios-de-treino,Acessórios - Série C,acessorios-serie-c,Bola Durian Dupla - Código: C-056,https://commanderbrasil.com.br/wp-content/uploads/2025/12/C-056-c-2.jpeg
C060,Bola Fascial,bola-fascial,Acessórios de Treino,acessorios-de-treino,Acessórios - Série C,acessorios-serie-c,Bola Fascial - Código: C-060,https://commanderbrasil.com.br/wp-content/uploads/2025/12/C-060-c-2.jpeg
F008,Bola Reação Hexagonal,bola-reacao-hexagonal,Acessórios de Treino,acessorios-de-treino,Acessórios - Série F,acessorios-serie-f,Bola de Reação Hexagonal - Código: F-008,https://commanderbrasil.com.br/wp-content/uploads/2025/12/F008-f-1.jpeg
QHSJ171,Bola Simples,bola-simples,Medicine Balls,medicine-balls,Acessórios - QHSJ Yoga,acessorios-qhsj-yoga,,https://commanderbrasil.com.br/wp-content/uploads/2025/12/QH-SJ171-bgbranco.webp
C045,Bola Yoga Anti-explosão 55cm,bola-yoga-anti-explosao-55cm,Tapetes e Yoga,tapetes-e-yoga,Acessórios - Série C,acessorios-serie-c,Bola de Yoga Anti-explosão 55cm - Código: C-045,https://commanderbrasil.com.br/wp-content/uploads/2025/12/C-045-c-2.jpeg
C046,Bola Yoga Anti-explosão 65cm,bola-yoga-anti-explosao-65cm,Tapetes e Yoga,tapetes-e-yoga,Acessórios - Série C,acessorios-serie-c,Bola de Yoga Anti-explosão 65cm - Código: C-046,https://commanderbrasil.com.br/wp-content/uploads/2025/12/C-046-c-2.jpeg
C047,Bola Yoga Anti-explosão 75cm,bola-yoga-anti-explosao-75cm,Tapetes e Yoga,tapetes-e-yoga,Acessórios - Série C,acessorios-serie-c,Bola de Yoga Anti-explosão 75cm - Código: C-047,https://commanderbrasil.com.br/wp-content/uploads/2025/12/C-047-c-2.jpeg
A073,Bolas de Areia,bolas-de-areia,-,,Acessórios - Série A,acessorios-serie-a,Preço por kg (USD),https://commanderbrasil.com.br/wp-content/uploads/2025/12/A073-bgbranco-v2.webp
F019,Boneco Humano,boneco-humano,Acessórios de Treino,acessorios-de-treino,Acessórios - Série F,acessorios-serie-f,Boneco Humano - Código: F-019,https://commanderbrasil.com.br/wp-content/uploads/2025/12/F019-f-1.jpeg
F024,Boneco Inflável,boneco-inflavel,Acessórios de Treino,acessorios-de-treino,Acessórios - Série F,acessorios-serie-f,Boneco Inflável - Código: F-024,https://commanderbrasil.com.br/wp-content/uploads/2025/12/F024-f-1.jpeg
PM07,Cadeira Extensora,cadeira-extensora,Extensora de Pernas,extensora-de-pernas,Equipamentos - Série PM,equipamentos-serie-pm,,https://commanderbrasil.com.br/wp-content/uploads/2025/12/PM07-bgbranco.webp
D965,Cadeira Extensora,cadeira-extensora,Extensora de Pernas,extensora-de-pernas,Equipamentos - Série D,equipamentos-serie-d,,https://commanderbrasil.com.br/wp-content/uploads/2025/12/CMD-D965-cmd-d-series-1.png
VS17,Cadeira Extensora/Flexora,cadeira-extensoraflexora,Extensora de Pernas,extensora-de-pernas,Equipamentos - Série VS,equipamentos-serie-vs,,https://commanderbrasil.com.br/wp-content/uploads/2025/12/CMD-VS17-1.png
VS03,Cadeira Flexora,cadeira-flexora,Flexora de Pernas,flexora-de-pernas,Equipamentos - Série VS,equipamentos-serie-vs,,https://commanderbrasil.com.br/wp-content/uploads/2025/12/CMD-VS03-1.png
B1023,Cadeira Flexora,cadeira-flexora,Flexora de Pernas,flexora-de-pernas,Equipamentos - Série B,equipamentos-serie-b,,https://commanderbrasil.com.br/wp-content/uploads/2025/12/B1023-1-1.webp
GM45,Cadeira Flexora,cadeira-flexora,Flexora de Pernas,flexora-de-pernas,Equipamentos - Série GM,equipamentos-serie-gm,,https://commanderbrasil.com.br/wp-content/uploads/2025/12/GM45-bgbranco-2.webp
LB605,Cadeira Flexora,cadeira-flexora,Flexora de Pernas,flexora-de-pernas,Equipamentos - Série LB,equipamentos-serie-lb,,https://commanderbrasil.com.br/wp-content/uploads/2025/12/LB605-bgbranco-2.webp
LBF14,Cadeira Flexora,cadeira-flexora,Extensora e Flexora,extensora-e-flexora,Equipamentos - Série LB-F,equipamentos-serie-lb-f,,https://commanderbrasil.com.br/wp-content/uploads/2025/12/LB-F14-bgbranco-2.webp
LB628,Cadeira Flexora Anilhada,cadeira-flexora-anilhada,Extensora e Flexora,extensora-e-flexora,Equipamentos - Série LB,equipamentos-serie-lb,,https://commanderbrasil.com.br/wp-content/uploads/2025/12/LB628-bgbranco-2.webp
C066,Cadeira Yoga Dobrável,cadeira-yoga-dobravel,Tapetes e Yoga,tapetes-e-yoga,Acessórios - Série C,acessorios-serie-c,Cadeira de Yoga Dobrável - Código: C-066,https://commanderbrasil.com.br/wp-content/uploads/2025/12/C-066-c-2.jpeg
D005+,Caixa Impulso Quadril,caixa-impulso-quadril,Acessórios de Treino,acessorios-de-treino,,,,https://commanderbrasil.com.br/wp-content/uploads/2025/12/D005-d-2.png
QHSJ189,Caixa Plyo 3 em 1 Macia,caixa-plyo-3-em-1-macia,-,,Acessórios - QHSJ Treino,acessorios-qhsj-treino,,https://commanderbrasil.com.br/wp-content/uploads/2025/12/QH-SJ189-bgbranco.webp
QHSJ188,Caixa Plyo 3 em 1 Madeira,caixa-plyo-3-em-1-madeira,-,,Acessórios - QHSJ Treino,acessorios-qhsj-treino,,https://commanderbrasil.com.br/wp-content/uploads/2025/12/QH-SJ188-bgbranco.webp
QHSJ190,Caixa Plyo 4 Níveis,caixa-plyo-4-niveis,-,,Acessórios - QHSJ Treino,acessorios-qhsj-treino,,https://commanderbrasil.com.br/wp-content/uploads/2025/12/QHSJ190-bgbranco.webp
D005,Caixa Salto Macia 3-em-1,caixa-salto-macia-3-em-1,Acessórios de Treino,acessorios-de-treino,Acessórios - Série D,acessorios-serie-d,Caixa de Salto Macia 3 em 1 - Código: D-005,https://commanderbrasil.com.br/wp-content/uploads/2025/12/D005-d-2.png
D004,Caixa Salto Madeira 3-em-1,caixa-salto-madeira-3-em-1,Acessórios de Treino,acessorios-de-treino,Acessórios - Série D,acessorios-serie-d,Caixa de Salto de Madeira 3 em 1 - Código: D-004,https://commanderbrasil.com.br/wp-content/uploads/2025/12/D004-d-2.jpeg
VS15,Cama Extensora,cama-extensora,Extensora de Pernas,extensora-de-pernas,Equipamentos - Série VS,equipamentos-serie-vs,,https://commanderbrasil.com.br/wp-content/uploads/2025/12/CMD-VS15-1.png
F011,Capacete Sanda,capacete-sanda,Acessórios de Treino,acessorios-de-treino,Acessórios - Série F,acessorios-serie-f,Capacete de Sanda - Código: F-011,https://commanderbrasil.com.br/wp-content/uploads/2025/12/F011-f-1.jpeg
C070,Cilindro Equilíbrio para Pilates,cilindro-equilibrio-para-pilates,Acessórios de Treino,acessorios-de-treino,Acessórios - Série C,acessorios-serie-c,Cilindro de Balance para Pilates - Código: C-070,https://commanderbrasil.com.br/wp-content/uploads/2025/12/C-070-c-2.jpeg
C002,Cinta de Alongamento de Yoga,cinta-de-alongamento-de-yoga,Tapetes e Yoga,tapetes-e-yoga,Acessórios - Série C,acessorios-serie-c,Cinta de Alongamento de Yoga - Código: C-002,https://commanderbrasil.com.br/wp-content/uploads/2025/12/C-002-c-1.jpeg
QHSJ142,Cinta de Alongamento Yoga,cinta-de-alongamento-yoga,Tapetes e Yoga,tapetes-e-yoga,Acessórios - QHSJ Yoga,acessorios-qhsj-yoga,,https://commanderbrasil.com.br/wp-content/uploads/2025/12/QH-SJ142-bgbranco.webp
C082,Cinta Elástica Alongamento,cinta-elastica-alongamento,Mergulho e Barra Assistida,mergulho-e-barra-assistida,Acessórios - Série C,acessorios-serie-c,Cinta Elástica de Alongamento - Código: C-082,https://commanderbrasil.com.br/wp-content/uploads/2025/12/C-082-c-2.jpeg
QHSJ206,Cintas Abdominais,cintas-abdominais,Máquinas Abdominais,maquinas-abdominais,Acessórios - QHSJ Treino,acessorios-qhsj-treino,,https://commanderbrasil.com.br/wp-content/uploads/2025/12/QH-SJ206-bgbranco.webp
E012,Cintas Treino TRX,cintas-treino-trx,Acessórios de Treino,acessorios-de-treino,Acessórios - Série E,acessorios-serie-e,Cintas de Treinamento TRX - Código: E-012,https://commanderbrasil.com.br/wp-content/uploads/2025/12/E012-e-2.jpeg
QHSJ99,Cinto de Levantamento,cinto-de-levantamento,-,,Acessórios - QHSJ Barras,acessorios-qhsj-barras,,https://commanderbrasil.com.br/wp-content/uploads/2025/12/QHSJ99-bgbranco.webp
QHSJ216,Cinto de Resistência Dupla,cinto-de-resistencia-dupla,Faixas de Resistência,faixas-de-resistencia,Acessórios - QHSJ Treino,acessorios-qhsj-treino,,https://commanderbrasil.com.br/wp-content/uploads/2025/12/QH-SJ216-bgbranco.webp
C071,Cinto Quadril - Kit Tamanhos,cinto-quadril-kit-tamanhos,Acessórios de Treino,acessorios-de-treino,Acessórios - Série C,acessorios-serie-c,Cinto de Quadril - Kit Tamanhos - Código: C-071,https://commanderbrasil.com.br/wp-content/uploads/2025/12/C-071-c-2.jpeg
E009,Cinto Resistência Dupla,cinto-resistencia-dupla,Acessórios de Treino,acessorios-de-treino,Acessórios - Série E,acessorios-serie-e,Cinto de Endurance Dupla - Código: E-009,https://commanderbrasil.com.br/wp-content/uploads/2025/12/E009-e-2.jpeg
E011,Cinto Treino Máquina Abdominal,cinto-treino-maquina-abdominal,Máquinas Abdominais,maquinas-abdominais,Acessórios - Série E,acessorios-serie-e,Cinto de Treinamento Máquina Abdominal - Código: E-011,https://commanderbrasil.com.br/wp-content/uploads/2025/12/E011-e-2.jpeg
C067,Cinto Vitalidade,cinto-vitalidade,Acessórios de Treino,acessorios-de-treino,Acessórios - Série C,acessorios-serie-c,Cinto de Vitalidade - Código: C-067,https://commanderbrasil.com.br/wp-content/uploads/2025/12/C-067-c-2.jpeg
F004,Círculo Agilidade - 12 Peças,circulo-agilidade-12-pecas,Acessórios de Treino,acessorios-de-treino,Acessórios - Série F,acessorios-serie-f,Círculo de Agility - 12 Peças - Código: F-004,https://commanderbrasil.com.br/wp-content/uploads/2025/12/F004-f-1.jpeg
F005,Círculo Agilidade Hexagonal - 6 Peças,circulo-agilidade-hexagonal-6-pecas,Acessórios de Treino,acessorios-de-treino,Acessórios - Série F,acessorios-serie-f,Círculo de Agility Hexagonal - 6 Peças - Código: F-005,https://commanderbrasil.com.br/wp-content/uploads/2025/12/F005-f-1.jpeg
C003,Círculo de Pilates,circulo-de-pilates,Puxada Alta,puxada-alta,Acessórios - Série C,acessorios-serie-c,Círculo de Pilates - Código: C-003,https://commanderbrasil.com.br/wp-content/uploads/2025/12/C-003-c-1.jpeg
E035,Colete com Peso 5kg,colete-com-peso-5kg,Acessórios de Treino,acessorios-de-treino,Acessórios - Série E,acessorios-serie-e,Colete com Peso 5kg - Código: E-035,https://commanderbrasil.com.br/wp-content/uploads/2025/12/E035-e-1.jpeg
QHSJ232,Cone de Treino,cone-de-treino,Acessórios de Treino,acessorios-de-treino,Acessórios - QHSJ Agilidade,acessorios-qhsj-agilidade,,https://commanderbrasil.com.br/wp-content/uploads/2025/12/QH-SJ232-bgbranco.webp
QHSJ231,Cone Marcador,cone-marcador,Acessórios de Treino,acessorios-de-treino,Acessórios - QHSJ Agilidade,acessorios-qhsj-agilidade,,https://commanderbrasil.com.br/wp-content/uploads/2025/12/QH-SJ231-bgbranco.webp
XMI001,Conjunto 1 - Kit Completo Les Mills,conjunto-1-kit-completo-les-mills,Acessórios de Treino,acessorios-de-treino,Acessórios - Série XM-I,acessorios-serie-xm-i,Conjunto 1 - Kit Completo Les Mills - Código: XM-I001,https://commanderbrasil.com.br/wp-content/uploads/2025/12/XM-i001-xm-i-1.jpeg
XMI002,Conjunto 2 - Kit Premium Les Mills,conjunto-2-kit-premium-les-mills,Acessórios de Treino,acessorios-de-treino,Acessórios - Série XM-I,acessorios-serie-xm-i,Conjunto 2 - Kit Premium Les Mills - Código: XM-I002,https://commanderbrasil.com.br/wp-content/uploads/2025/12/XM-i002-xm-i-1.jpeg
XMI003,Conjunto 3 - Kit Básico Les Mills,conjunto-3-kit-basico-les-mills,Acessórios de Treino,acessorios-de-treino,Acessórios - Série XM-I,acessorios-serie-xm-i,Conjunto 3 - Kit Básico Les Mills - Código: XM-I003,https://commanderbrasil.com.br/wp-content/uploads/2025/12/XM-i003-xm-i-1.jpeg
XMI004,Conjunto 4 - Kit Combinação,conjunto-4-kit-combinacao,Acessórios de Treino,acessorios-de-treino,Acessórios - Série XM-I,acessorios-serie-xm-i,Conjunto 4 - Kit Combinação - Código: XM-I004,https://commanderbrasil.com.br/wp-content/uploads/2025/12/XM-i004-xm-i-1.jpeg
D034,Corda Balanço Base,corda-balanco-base,Acessórios de Treino,acessorios-de-treino,Acessórios - Série D,acessorios-serie-d,Base para Balanço de Corda - Código: D-034,https://commanderbrasil.com.br/wp-content/uploads/2025/12/D034-d-2.jpeg
QHSJ200,Corda de Batalha,corda-de-batalha,Cordas de Pular,cordas-de-pular,Acessórios - QHSJ Treino,acessorios-qhsj-treino,,https://commanderbrasil.com.br/wp-content/uploads/2025/12/QH-SJ200-bgbranco.webp
QHSJ202,Corda de Escalada,corda-de-escalada,Cordas de Pular,cordas-de-pular,Acessórios - QHSJ Treino,acessorios-qhsj-treino,,https://commanderbrasil.com.br/wp-content/uploads/2025/12/QH-SJ202-bgbranco.webp
D035,Corda de Escalada Profissional,corda-de-escalada-profissional,Acessórios de Treino,acessorios-de-treino,Acessórios - Série D,acessorios-serie-d,Corda de Escalada Professional - Código: D-035,https://commanderbrasil.com.br/wp-content/uploads/2025/12/D035-d-2.jpeg
QHSJ237,Corda de Pular Padrão,corda-de-pular-padrao,Cordas de Pular,cordas-de-pular,Acessórios - QHSJ Agilidade,acessorios-qhsj-agilidade,,https://commanderbrasil.com.br/wp-content/uploads/2025/12/QH-SJ237-bgbranco.webp
QHSJ235,Corda de Pular Velocidade,corda-de-pular-velocidade,Cordas de Pular,cordas-de-pular,Acessórios - QHSJ Agilidade,acessorios-qhsj-agilidade,,https://commanderbrasil.com.br/wp-content/uploads/2025/12/QH-SJ235-bgbranco.webp
QHSJ236,Corda de Velocidade sem Rolamento,corda-de-velocidade-sem-rolamento,Cordas de Pular,cordas-de-pular,Acessórios - QHSJ Agilidade,acessorios-qhsj-agilidade,,https://commanderbrasil.com.br/wp-content/uploads/2025/12/QH-SJ236-bgbranco.webp
QHSJ139,Corrente,corrente,-,,Acessórios - QHSJ Barras,acessorios-qhsj-barras,,https://commanderbrasil.com.br/wp-content/uploads/2025/12/QHSJ139-bgbranco.webp
C084,Corretor de Postura,corretor-de-postura,Acessórios de Treino,acessorios-de-treino,Acessórios - Série C,acessorios-serie-c,Posture Corrector - Código: C-084,https://commanderbrasil.com.br/wp-content/uploads/2025/12/C-084-c-2.jpeg
ME004,Croissant 5kg,croissant-5kg,Acessórios de Treino,acessorios-de-treino,Acessórios - Série E,acessorios-serie-e,Croissant 5kg - Código: ME-004,https://commanderbrasil.com.br/wp-content/uploads/2025/12/woocommerce-placeholder-2.webp
F046,Cronômetro,cronometro,Acessórios de Treino,acessorios-de-treino,Acessórios - Série F,acessorios-serie-f,Cronômetro - Código: F-046,https://commanderbrasil.com.br/wp-content/uploads/2025/12/F046-f-1.jpeg
G031,Cronômetro Digital,cronometro-digital,Acessórios de Treino,acessorios-de-treino,Acessórios - Série G,acessorios-serie-g,Timer Digital - Código: G-031,https://commanderbrasil.com.br/wp-content/uploads/2025/12/G031-g-1.jpeg
B1016,Crossover de Cabo,crossover-de-cabo,Máquinas de Cabo,maquinas-de-cabo,Equipamentos - Série B,equipamentos-serie-b,,https://commanderbrasil.com.br/wp-content/uploads/2025/12/B1016-1-1.webp
GM20,Crossover de Cabo,crossover-de-cabo,Máquinas de Cabo,maquinas-de-cabo,Equipamentos - Série GM,equipamentos-serie-gm,,https://commanderbrasil.com.br/wp-content/uploads/2025/12/GM20-bgbranco-2.webp
LB635,Crossover de Cabo,crossover-de-cabo,Máquinas de Cabo,maquinas-de-cabo,Equipamentos - Série LB,equipamentos-serie-lb,,https://commanderbrasil.com.br/wp-content/uploads/2025/12/LB635-bgbranco-2.webp
CBP030,Deltoide Posterior,deltoide-posterior,Desenvolvimento de Ombros,desenvolvimento-de-ombros,Equipamentos - Série CBP,equipamentos-serie-cbp,,https://commanderbrasil.com.br/wp-content/uploads/2025/12/CBP030-bgbranco-bgbranco-1.webp
CBP001,Desenvolvimento de Ombros,desenvolvimento-de-ombros,Desenvolvimento de Ombros,desenvolvimento-de-ombros,Equipamentos - Série CBP,equipamentos-serie-cbp,,https://commanderbrasil.com.br/wp-content/uploads/2025/12/CBP001-bgbranco-2.webp
VS05,Desenvolvimento de Ombros,desenvolvimento-de-ombros,Desenvolvimento de Ombros,desenvolvimento-de-ombros,Equipamentos - Série VS,equipamentos-serie-vs,,https://commanderbrasil.com.br/wp-content/uploads/2025/12/CMD-VS05-1.png
SH114,Desenvolvimento de Ombros,desenvolvimento-de-ombros,Desenvolvimento de Ombros,desenvolvimento-de-ombros,Equipamentos - Série SH,equipamentos-serie-sh,,https://commanderbrasil.com.br/wp-content/uploads/2025/12/SH114-bgbranco-2.webp
SH116,Desenvolvimento de Ombros,desenvolvimento-de-ombros,Desenvolvimento de Ombros,desenvolvimento-de-ombros,Equipamentos - Série SH,equipamentos-serie-sh,,https://commanderbrasil.com.br/wp-content/uploads/2025/12/SH116-bgbranco-2.webp
PL01,Desenvolvimento de Ombros,desenvolvimento-de-ombros,Desenvolvimento de Ombros,desenvolvimento-de-ombros,Equipamentos - Série GM,equipamentos-serie-gm,,https://commanderbrasil.com.br/wp-content/uploads/2025/12/PL01-bgbranco-2.webp
GM40,Desenvolvimento de Ombros,desenvolvimento-de-ombros,Desenvolvimento de Ombros,desenvolvimento-de-ombros,Equipamentos - Série GM,equipamentos-serie-gm,,https://commanderbrasil.com.br/wp-content/uploads/2025/12/GM40-bgbranco-2.webp
GK01,Desenvolvimento de Ombros,desenvolvimento-de-ombros,Desenvolvimento de Ombros,desenvolvimento-de-ombros,Equipamentos - Série B,equipamentos-serie-b,,https://commanderbrasil.com.br/wp-content/uploads/2025/12/GK01-bgbranco-2.webp
LB603,Desenvolvimento de Ombros,desenvolvimento-de-ombros,Desenvolvimento de Ombros,desenvolvimento-de-ombros,Equipamentos - Série LB,equipamentos-serie-lb,,https://commanderbrasil.com.br/wp-content/uploads/2025/12/LB603-bgbranco-2.webp
D935,Desenvolvimento de Ombros,desenvolvimento-de-ombros,Desenvolvimento de Ombros,desenvolvimento-de-ombros,Equipamentos - Série D,equipamentos-serie-d,,https://commanderbrasil.com.br/wp-content/uploads/2025/12/CMD-D935-cmd-d-series-2.png
PM13,Desenvolvimento de Ombros,desenvolvimento-de-ombros,Desenvolvimento de Ombros,desenvolvimento-de-ombros,Equipamentos - Série PM,equipamentos-serie-pm,,https://commanderbrasil.com.br/wp-content/uploads/2025/12/PM13-bgbranco.webp
LBF04,Desenvolvimento de Ombros,desenvolvimento-de-ombros,Desenvolvimento de Ombros,desenvolvimento-de-ombros,Equipamentos - Série LB-F,equipamentos-serie-lb-f,,https://commanderbrasil.com.br/wp-content/uploads/2025/12/LB-F04-bgbranco-2.webp
LB625,Desenvolvimento de Ombros Anilhado,desenvolvimento-de-ombros-anilhado,Desenvolvimento de Ombros,desenvolvimento-de-ombros,Equipamentos - Série LB,equipamentos-serie-lb,,https://commanderbrasil.com.br/wp-content/uploads/2025/12/LB625-bgbranco-2.webp
SH30,Desenvolvimento de Ombros em Pé,desenvolvimento-de-ombros-em-pe,Desenvolvimento de Ombros,desenvolvimento-de-ombros,Equipamentos - Série SH,equipamentos-serie-sh,,https://commanderbrasil.com.br/wp-content/uploads/2025/12/SH30-bgbranco-2.webp
SH21,Desenvolvimento De Ombros ISO-Lateral,desenvolvimento-de-ombros-iso-lateral,Puxada Alta,puxada-alta,Equipamentos - Série SH,equipamentos-serie-sh,,https://commanderbrasil.com.br/wp-content/uploads/2025/12/SH21-bgbranco-2.webp
LBF05,Desenvolvimento Ombros,desenvolvimento-ombros,Desenvolvimento de Ombros,desenvolvimento-de-ombros,Equipamentos - Série LB-F,equipamentos-serie-lb-f,,https://commanderbrasil.com.br/wp-content/uploads/2025/12/LB-F05-bgbranco-2.webp
F006,Disco com Logo - 25 Peças,disco-com-logo-25-pecas,Acessórios de Treino,acessorios-de-treino,Acessórios - Série F,acessorios-serie-f,Disco com Logo - 25 Peças - Código: F-006,https://commanderbrasil.com.br/wp-content/uploads/2025/12/F006-f-1.jpeg
D042,Disco Deslizante,disco-deslizante,Acessórios de Treino,acessorios-de-treino,Acessórios - Série D,acessorios-serie-d,Disco Deslizante - Código: D-042,https://commanderbrasil.com.br/wp-content/uploads/2025/12/D042-d-2.jpeg
QHSJ234,Disco Deslizante,disco-deslizante,-,,Acessórios - QHSJ Agilidade,acessorios-qhsj-agilidade,,https://commanderbrasil.com.br/wp-content/uploads/2025/12/QH-SJ234-bgbranco.webp
QHSJ198,Disco Deslizante Core,disco-deslizante-core,-,,Acessórios - QHSJ Treino,acessorios-qhsj-treino,,https://commanderbrasil.com.br/wp-content/uploads/2025/12/QH-SJ198-bgbranco.webp
C081,Dispositivo Fortalecimento dos Glúteos,dispositivo-fortalecimento-dos-gluteos,Quadril e Glúteos,quadril-e-gluteos,Acessórios - Série C,acessorios-serie-c,Dispositivo de Fortalecimento dos Glúteos - Código: C-081,https://commanderbrasil.com.br/wp-content/uploads/2025/12/C-081-c-2.jpeg
C079,Donut Exercício,donut-exercicio,Acessórios de Treino,acessorios-de-treino,Acessórios - Série C,acessorios-serie-c,Donut de Exercise - Código: C-079,https://commanderbrasil.com.br/wp-content/uploads/2025/12/C-079-c-2.jpeg
VS07,Dorsal Puxada,dorsal-puxada,Puxada Alta,puxada-alta,Equipamentos - Série VS,equipamentos-serie-vs,,https://commanderbrasil.com.br/wp-content/uploads/2025/12/CMD-VS07-1.png
1207,Dorsal Puxada/Remada Baixa,dorsal-puxadaremada-baixa,Puxada Alta,puxada-alta,,,,
1207B,Dorsal Puxada/Remada Baixa,dorsal-puxadaremada-baixa,Puxada Alta,puxada-alta,,,,
C038,Elastic com Corda - Completo Kit,elastic-com-corda-completo-kit,Acessórios de Treino,acessorios-de-treino,Acessórios - Série C,acessorios-serie-c,Elástico com Corda - Kit Completo - Código: C-038,https://commanderbrasil.com.br/wp-content/uploads/2025/12/C-038-c-2.jpeg
C039,Elastic com Corda 30lb,elastic-com-corda-30lb,Acessórios de Treino,acessorios-de-treino,Acessórios - Série C,acessorios-serie-c,Elástico com Corda 30lb - Código: C-039,https://commanderbrasil.com.br/wp-content/uploads/2025/12/C-039-c-2.jpeg
GM106,Elevação de Quadril,elevacao-de-quadril,Quadril e Glúteos,quadril-e-gluteos,Equipamentos - Série GM,equipamentos-serie-gm,,https://commanderbrasil.com.br/wp-content/uploads/2025/12/GM106-bgbranco-2.webp
GM86,Elevação de Quadril,elevacao-de-quadril,Quadril e Glúteos,quadril-e-gluteos,Equipamentos - Série GM,equipamentos-serie-gm,,https://commanderbrasil.com.br/wp-content/uploads/2025/12/GM86-bgbranco-2.webp
LBF29,Elevação de Quadril,elevacao-de-quadril,Quadril e Glúteos,quadril-e-gluteos,Equipamentos - Série LB-F,equipamentos-serie-lb-f,,https://commanderbrasil.com.br/wp-content/uploads/2025/12/LB-F29-bgbranco-1.webp
CBP119,Elevação de Quadril Deitado,elevacao-de-quadril-deitado,Quadril e Glúteos,quadril-e-gluteos,Equipamentos - Série CBP,equipamentos-serie-cbp,,https://commanderbrasil.com.br/wp-content/uploads/2025/12/CBP119-bgbranco-2.webp
SH58,Elevação Lateral,elevacao-lateral,Outras Anilhadas,outras-anilhadas,Equipamentos - Série SH,equipamentos-serie-sh,,https://commanderbrasil.com.br/wp-content/uploads/2025/12/SH58-bgbranco-2.webp
B1005,Elevação Lateral,elevacao-lateral,Elevação Lateral,elevacao-lateral,Equipamentos - Série B,equipamentos-serie-b,,https://commanderbrasil.com.br/wp-content/uploads/2025/12/B1005-1-1.webp
CBS007,Elevação Lateral,elevacao-lateral,Elevação Lateral,elevacao-lateral,Equipamentos - Série CBS,equipamentos-serie-cbs,,https://commanderbrasil.com.br/wp-content/uploads/2025/12/CBS007-bgbranco-2.webp
GM58,Elevação Lateral,elevacao-lateral,Elevação Lateral,elevacao-lateral,Equipamentos - Série GM,equipamentos-serie-gm,,https://commanderbrasil.com.br/wp-content/uploads/2025/12/GM58-bgbranco-2.webp
GT01,Elevação Lateral,elevacao-lateral,Outros Cardio,outros-cardio,Equipamentos - Série GT,equipamentos-serie-gt,,https://commanderbrasil.com.br/wp-content/uploads/2025/12/GT01-bgbranco-2.webp
LB617,Elevação Lateral,elevacao-lateral,Elevação Lateral,elevacao-lateral,Equipamentos - Série LB,equipamentos-serie-lb,,https://commanderbrasil.com.br/wp-content/uploads/2025/12/LB617-bgbranco-2.webp
GM93,Elevação Lateral,elevacao-lateral,Elevação Lateral,elevacao-lateral,Equipamentos - Série GM,equipamentos-serie-gm,,https://commanderbrasil.com.br/wp-content/uploads/2025/12/GM93-bgbranco-2.webp
LBF28,Elevação Lateral de Ombros,elevacao-lateral-de-ombros,Puxada Alta,puxada-alta,Equipamentos - Série LB-F,equipamentos-serie-lb-f,,https://commanderbrasil.com.br/wp-content/uploads/2025/12/LB-F28-bgbranco-2.webp
CBS014,Elevação Lateral Em Pé e Voador,elevacao-lateral-em-pe-e-voador,Elevação Lateral,elevacao-lateral,Equipamentos - Série CBS,equipamentos-serie-cbs,,https://commanderbrasil.com.br/wp-content/uploads/2025/12/CBS014-bgbranco-2.webp
D940,Elevação Posterior,elevacao-posterior,Outras Máquinas,outras-maquinas,Equipamentos - Série D,equipamentos-serie-d,,https://commanderbrasil.com.br/wp-content/uploads/2025/12/CMD-D940-cmd-d-series-2.png
LBE41,Elíptico,eliptico,Elípticos,elipticos,Equipamentos - Série LB-E,equipamentos-serie-lb-e,,https://commanderbrasil.com.br/wp-content/uploads/2025/12/LB-E41-bgbranco-1.webp
LBE22,Elíptico,eliptico,Elípticos,elipticos,Equipamentos - Série LB-E,equipamentos-serie-lb-e,,https://commanderbrasil.com.br/wp-content/uploads/2025/12/LB-E22-bgbranco-1.webp
LBE18,Elíptico,eliptico,Elípticos,elipticos,Equipamentos - Série LB-E,equipamentos-serie-lb-e,,https://commanderbrasil.com.br/wp-content/uploads/2025/12/LB-E18-bgbranco-1.webp
LBE21,Elíptico,eliptico,Elípticos,elipticos,Equipamentos - Série LB-E,equipamentos-serie-lb-e,,https://commanderbrasil.com.br/wp-content/uploads/2025/12/LB-E-21-bgbranco-1.webp
LBE23,Elíptico,eliptico,Elípticos,elipticos,Equipamentos - Série LB-E,equipamentos-serie-lb-e,,https://commanderbrasil.com.br/wp-content/uploads/2025/12/LB-E23-bgbranco-1.webp
LBE24,Elíptico,eliptico,Elípticos,elipticos,Equipamentos - Série LB-E,equipamentos-serie-lb-e,,https://commanderbrasil.com.br/wp-content/uploads/2025/12/LB-E24-bgbranco-1.webp
LBE25,Elíptico,eliptico,Elípticos,elipticos,Equipamentos - Série LB-E,equipamentos-serie-lb-e,,https://commanderbrasil.com.br/wp-content/uploads/2025/12/LB-E25-bgbranco-1.webp
LBE24A,Elíptico com Inclinação,eliptico-com-inclinacao,Elípticos,elipticos,Equipamentos - Série LB-E,equipamentos-serie-lb-e,,https://commanderbrasil.com.br/wp-content/uploads/2025/12/LB-E24A-bgbranco-1.webp
D980,Em Pé Adutora de Quadril,em-pe-adutora-de-quadril,Adutora de Quadril,adutora-de-quadril,Equipamentos - Série D,equipamentos-serie-d,,https://commanderbrasil.com.br/wp-content/uploads/2025/12/CMD-D980-cmd-d-series-2.png
D955,Em Pé Flexora de Pernas,em-pe-flexora-de-pernas,Flexora de Pernas,flexora-de-pernas,Equipamentos - Série D,equipamentos-serie-d,,https://commanderbrasil.com.br/wp-content/uploads/2025/12/CMD-D955-cmd-d-series-2.png
CBP088,Encolhimento Ombros Super,encolhimento-ombros-super,Desenvolvimento de Ombros,desenvolvimento-de-ombros,Equipamentos - Série CBP,equipamentos-serie-cbp,,https://commanderbrasil.com.br/wp-content/uploads/2025/12/CBP088-bgbranco-2.webp
G034,Equipamento Agachamento,equipamento-agachamento,Acessórios de Treino,acessorios-de-treino,Acessórios - Série G,acessorios-serie-g,Equipamento de Squat - Código: G-034,https://commanderbrasil.com.br/wp-content/uploads/2025/12/G034-g-1.jpeg
F002,Escada Agilidade 10 metros,escada-agilidade-10-metros,Acessórios de Treino,acessorios-de-treino,Acessórios - Série F,acessorios-serie-f,Escada de Agility 10 metros - Código: F-002,https://commanderbrasil.com.br/wp-content/uploads/2025/12/F002-f-1.jpeg
F001,Escada Agilidade 6 metros,escada-agilidade-6-metros,Acessórios de Treino,acessorios-de-treino,Acessórios - Série F,acessorios-serie-f,Escada de Agility 6 metros - Código: F-001,https://commanderbrasil.com.br/wp-content/uploads/2025/12/F001-f-1.jpeg
QHSJ227,Escada de Agilidade 10m,escada-de-agilidade-10m,Acessórios de Treino,acessorios-de-treino,Acessórios - QHSJ Agilidade,acessorios-qhsj-agilidade,,https://commanderbrasil.com.br/wp-content/uploads/2025/12/QHSJ227-bgbranco.webp
QHSJ226,Escada de Agilidade 6m,escada-de-agilidade-6m,Acessórios de Treino,acessorios-de-treino,Acessórios - QHSJ Agilidade,acessorios-qhsj-agilidade,,https://commanderbrasil.com.br/wp-content/uploads/2025/12/QHSJ226-bgbranco.webp
QHSJ228,Escada de Agilidade Dupla,escada-de-agilidade-dupla,Acessórios de Treino,acessorios-de-treino,Acessórios - QHSJ Agilidade,acessorios-qhsj-agilidade,,https://commanderbrasil.com.br/wp-content/uploads/2025/12/QH-SJ228-bgbranco.webp
LBE37,Escada Jacó,escada-jaco,Outros Cardio,outros-cardio,Equipamentos - Série LB-E,equipamentos-serie-lb-e,,https://commanderbrasil.com.br/wp-content/uploads/2025/12/LB-E37-bgbranco-1.webp
C016,Espuma Rolo PE 45cm,espuma-rolo-pe-45cm,Rolos de Espuma,rolos-de-espuma,Acessórios - Série C,acessorios-serie-c,Foam Roller PE 45cm - Código: C-016,https://commanderbrasil.com.br/wp-content/uploads/2025/12/C-016-c-2.jpeg
C017,Espuma Rolo PE 60cm,espuma-rolo-pe-60cm,Rolos de Espuma,rolos-de-espuma,Acessórios - Série C,acessorios-serie-c,Foam Roller PE 60cm - Código: C-017,https://commanderbrasil.com.br/wp-content/uploads/2025/12/C-017-c-2.jpeg
C018,Espuma Rolo PE 90cm,espuma-rolo-pe-90cm,Rolos de Espuma,rolos-de-espuma,Acessórios - Série C,acessorios-serie-c,Foam Roller PE 90cm - Código: C-018,https://commanderbrasil.com.br/wp-content/uploads/2025/12/C-018-c-2.jpeg
C024,Espuma Rolo PE Premium 45cm,espuma-rolo-pe-premium-45cm,Rolos de Espuma,rolos-de-espuma,Acessórios - Série C,acessorios-serie-c,Foam Roller PE Premium 45cm - Código: C-024,https://commanderbrasil.com.br/wp-content/uploads/2025/12/C-024-c-2.jpeg
C025,Espuma Rolo PE Resistant 60cm,espuma-rolo-pe-resistant-60cm,Rolos de Espuma,rolos-de-espuma,Acessórios - Série C,acessorios-serie-c,Foam Roller PE Resistant 60cm - Código: C-025,https://commanderbrasil.com.br/wp-content/uploads/2025/12/C-025-c-2.jpeg
C026,Espuma Rolo PE Resistant 90cm,espuma-rolo-pe-resistant-90cm,Rolos de Espuma,rolos-de-espuma,Acessórios - Série C,acessorios-serie-c,Foam Roller PE Resistant 90cm - Código: C-026,https://commanderbrasil.com.br/wp-content/uploads/2025/12/C-026-c-2.jpeg
LB360A,Estação 3 Posições,estacao-3-posicoes,Multi-Estações,multi-estacoes,Equipamentos - Série 360,equipamentos-serie-360,,https://commanderbrasil.com.br/wp-content/uploads/2025/12/LB-360A-bgbranco-1.webp
GM84,Estação 4 Posições,estacao-4-posicoes,Multi-Estações,multi-estacoes,Equipamentos - Série 360,equipamentos-serie-360,,https://commanderbrasil.com.br/wp-content/uploads/2025/12/GM84-bgbranco.webp
B1098,Estação 4 Posições,estacao-4-posicoes,Multi-Estações,multi-estacoes,Equipamentos - Série 360,equipamentos-serie-360,,https://commanderbrasil.com.br/wp-content/uploads/2025/12/B1098-1-2.webp
B14002,Estação 4 Posições,estacao-4-posicoes,Multi-Estações,multi-estacoes,Equipamentos - Série 360,equipamentos-serie-360,,https://commanderbrasil.com.br/wp-content/uploads/2025/12/B14002-1-2.webp
LB360B,Estação 4 Posições,estacao-4-posicoes,Multi-Estações,multi-estacoes,Equipamentos - Série 360,equipamentos-serie-360,,https://commanderbrasil.com.br/wp-content/uploads/2025/12/LB-360B-bgbranco-1.webp
B14001,Estação 5 Posições,estacao-5-posicoes,Multi-Estações,multi-estacoes,Equipamentos - Série 360,equipamentos-serie-360,,https://commanderbrasil.com.br/wp-content/uploads/2025/12/B14001-1-2.webp
GM83,Estação 5 Posições,estacao-5-posicoes,Multi-Estações,multi-estacoes,Equipamentos - Série 360,equipamentos-serie-360,,https://commanderbrasil.com.br/wp-content/uploads/2025/12/GM83-bgbranco-2.webp
LB360C,Estação 6 Posições,estacao-6-posicoes,Multi-Estações,multi-estacoes,Equipamentos - Série 360,equipamentos-serie-360,,https://commanderbrasil.com.br/wp-content/uploads/2025/12/LB-360C-bgbranco-1.webp
B14003,Estação 8 Posições,estacao-8-posicoes,Multi-Estações,multi-estacoes,Equipamentos - Série 360,equipamentos-serie-360,,https://commanderbrasil.com.br/wp-content/uploads/2025/12/B14003-1-2.webp
GM77,Estação 8 Posições,estacao-8-posicoes,Multi-Estações,multi-estacoes,Equipamentos - Série 360,equipamentos-serie-360,,https://commanderbrasil.com.br/wp-content/uploads/2025/12/GM77-bgbranco-2.webp
LB360D,Estação 8 Posições,estacao-8-posicoes,Multi-Estações,multi-estacoes,Equipamentos - Série 360,equipamentos-serie-360,,https://commanderbrasil.com.br/wp-content/uploads/2025/12/LB-360D-bgbranco-1.webp
SH99,"Estação De Barra Fixa, Parallel e Elevação De Pernas",estacao-de-barra-fixa-parallel-e-elevacao-de-pernas,Outras Anilhadas,outras-anilhadas,Equipamentos - Série SH,equipamentos-serie-sh,,https://commanderbrasil.com.br/wp-content/uploads/2025/12/SH99-bgbranco-2.webp
1216B,Estação Multi Treinador Em Pé,estacao-multi-treinador-em-pe,Multi-Estações,multi-estacoes,Equipamentos - Série B,equipamentos-serie-b,,
B1108,Estação Multifuncional,estacao-multifuncional,Multi-Estações,multi-estacoes,Equipamentos - Série B,equipamentos-serie-b,,https://commanderbrasil.com.br/wp-content/uploads/2025/12/B1108-1-2.webp
GM99,Estação Multifuncional com Smith,estacao-multifuncional-com-smith,Máquinas Smith,maquinas-smith,Equipamentos - Série GM,equipamentos-serie-gm,,https://commanderbrasil.com.br/wp-content/uploads/2025/12/GM99-bgbranco-2.webp
SH65,Estação Multifuncional Declinada,estacao-multifuncional-declinada,Outras Anilhadas,outras-anilhadas,Equipamentos - Série SH,equipamentos-serie-sh,,https://commanderbrasil.com.br/wp-content/uploads/2025/12/SH65-bgbranco-2.webp
SH64,Estação Multifuncional Inclinada,estacao-multifuncional-inclinada,Outras Anilhadas,outras-anilhadas,Equipamentos - Série SH,equipamentos-serie-sh,,https://commanderbrasil.com.br/wp-content/uploads/2025/12/SH64-bgbranco-2.webp
CBP129,Estação para Treino Bíceps,estacao-para-treino-biceps,Multi-Estações,multi-estacoes,Equipamentos - Série CBP,equipamentos-serie-cbp,,https://commanderbrasil.com.br/wp-content/uploads/2025/12/CBP129-bgbranco-2.webp
CBP010,Estação Rotação Combinada,estacao-rotacao-combinada,Multi-Estações,multi-estacoes,Equipamentos - Série CBP,equipamentos-serie-cbp,,https://commanderbrasil.com.br/wp-content/uploads/2025/12/CBP010-bgbranco-2.webp
LBE01,Esteira Comercial LED,esteira-comercial-led,Esteiras,esteiras,Equipamentos - Série LB-E,equipamentos-serie-lb-e,,https://commanderbrasil.com.br/wp-content/uploads/2025/12/LB-E01-bgbranco-1.webp
LBE05,Esteira Comercial LED,esteira-comercial-led,Esteiras,esteiras,Equipamentos - Série LB-E,equipamentos-serie-lb-e,,https://commanderbrasil.com.br/wp-content/uploads/2025/12/LB-E05-bgbranco-1.webp
LBE02,Esteira Comercial LED,esteira-comercial-led,Esteiras,esteiras,Equipamentos - Série LB-E,equipamentos-serie-lb-e,,https://commanderbrasil.com.br/wp-content/uploads/2025/12/LB-F20-cmd-lb-f-series-2.png
LBE03,Esteira Comercial LED,esteira-comercial-led,Esteiras,esteiras,Equipamentos - Série LB-E,equipamentos-serie-lb-e,,https://commanderbrasil.com.br/wp-content/uploads/2025/12/LB-E03-bgbranco-1.webp
LBE02B,Esteira Comercial Life Fitness,esteira-comercial-life-fitness,Esteiras,esteiras,Equipamentos - Série LB-E,equipamentos-serie-lb-e,,https://commanderbrasil.com.br/wp-content/uploads/2025/12/LB-E02B-bgbranco-1.webp
LBE02D,Esteira Comercial TFT,esteira-comercial-tft,Esteiras,esteiras,Equipamentos - Série LB-E,equipamentos-serie-lb-e,,https://commanderbrasil.com.br/wp-content/uploads/2025/12/LB-E02D-bgbranco.webp
LBE01A,Esteira Comercial TFT,esteira-comercial-tft,Esteiras,esteiras,Equipamentos - Série LB-E,equipamentos-serie-lb-e,,https://commanderbrasil.com.br/wp-content/uploads/2025/12/LB-E01A-bgbranco-1.webp
LBE05A,Esteira Comercial TFT,esteira-comercial-tft,Esteiras,esteiras,Equipamentos - Série LB-E,equipamentos-serie-lb-e,,https://commanderbrasil.com.br/wp-content/uploads/2025/12/LB-E05A-bgbranco-1.webp
LBE03A,Esteira Comercial TFT,esteira-comercial-tft,Esteiras,esteiras,Equipamentos - Série LB-E,equipamentos-serie-lb-e,,https://commanderbrasil.com.br/wp-content/uploads/2025/12/LB-E03A-bgbranco-1.webp
LBE07,Esteira Curva Sem Motor,esteira-curva-sem-motor,Esteiras,esteiras,Equipamentos - Série LB-E,equipamentos-serie-lb-e,,https://commanderbrasil.com.br/wp-content/uploads/2025/12/LB-E07-bgbranco-1.webp
LBE06,Esteira Curva Sem Motor,esteira-curva-sem-motor,Esteiras,esteiras,Equipamentos - Série LB-E,equipamentos-serie-lb-e,,https://commanderbrasil.com.br/wp-content/uploads/2025/12/LB-E06-bgbranco-1.webp
LBE04,Esteira de Mesa,esteira-de-mesa,Esteiras,esteiras,Equipamentos - Série LB-E,equipamentos-serie-lb-e,,https://commanderbrasil.com.br/wp-content/uploads/2025/12/LB-E04-bgbranco-1.webp
LBE39,Esteira Não Motorizada,esteira-nao-motorizada,Esteiras,esteiras,Equipamentos - Série LB-E,equipamentos-serie-lb-e,,https://commanderbrasil.com.br/wp-content/uploads/2025/12/LB-E39-bgbranco-1.webp
LBE40,Esteira Não Motorizada,esteira-nao-motorizada,Esteiras,esteiras,Equipamentos - Série LB-E,equipamentos-serie-lb-e,,https://commanderbrasil.com.br/wp-content/uploads/2025/12/LB-E40-bgbranco-1.webp
VS13,Extensão de Costas,extensao-de-costas,Extensão de Costas,extensao-de-costas,Equipamentos - Série VS,equipamentos-serie-vs,,https://commanderbrasil.com.br/wp-content/uploads/2025/12/CMD-VS13-1.png
B1031,Extensão de Costas,extensao-de-costas,Extensão de Costas,extensao-de-costas,Equipamentos - Série B,equipamentos-serie-b,,https://commanderbrasil.com.br/wp-content/uploads/2025/12/B1031-bgbranco.webp
LB614,Extensão de Costas,extensao-de-costas,Extensão de Costas,extensao-de-costas,Equipamentos - Série LB,equipamentos-serie-lb,,https://commanderbrasil.com.br/wp-content/uploads/2025/12/LB614-bgbranco-2.webp
GM53,Extensão de Costas,extensao-de-costas,Extensão de Costas,extensao-de-costas,Equipamentos - Série GM,equipamentos-serie-gm,,https://commanderbrasil.com.br/wp-content/uploads/2025/12/GM53-bgbranco-2.webp
LBF21,Extensão de Costas,extensao-de-costas,Extensão de Costas,extensao-de-costas,Equipamentos - Série LB-F,equipamentos-serie-lb-f,,https://commanderbrasil.com.br/wp-content/uploads/2025/12/LB-F21-bgbranco-2.webp
SH83,Extensão De Tríceps Sentado,extensao-de-triceps-sentado,Outras Anilhadas,outras-anilhadas,Equipamentos - Série SH,equipamentos-serie-sh,,https://commanderbrasil.com.br/wp-content/uploads/2025/12/SH83-bgbranco-2.webp
CBP099,Extensão Horizontal Duplo Sistema Super,extensao-horizontal-duplo-sistema-super,Extensão de Costas,extensao-de-costas,Equipamentos - Série CBP,equipamentos-serie-cbp,,https://commanderbrasil.com.br/wp-content/uploads/2025/12/CBP099-bgbranco-2.webp
CBP101,Extensão Linear Duplo Sistema Super,extensao-linear-duplo-sistema-super,Extensão de Costas,extensao-de-costas,Equipamentos - Série CBP,equipamentos-serie-cbp,,https://commanderbrasil.com.br/wp-content/uploads/2025/12/CBP101-bgbranco-2.webp
CBP100,Extensão Linear Pernas,extensao-linear-pernas,Extensão de Costas,extensao-de-costas,Equipamentos - Série CBP,equipamentos-serie-cbp,,https://commanderbrasil.com.br/wp-content/uploads/2025/12/CBP100-bgbranco-2.webp
PM10,Extensão Lombar,extensao-lombar,Extensão de Costas,extensao-de-costas,Equipamentos - Série PM,equipamentos-serie-pm,,https://commanderbrasil.com.br/wp-content/uploads/2025/12/PM10-bgbranco.webp
GM57,Extensão Panturrilha Elevação,extensao-panturrilha-elevacao,Máquinas de Panturrilha,maquinas-de-panturrilha,Equipamentos - Série GM,equipamentos-serie-gm,,https://commanderbrasil.com.br/wp-content/uploads/2025/12/GM57-bgbranco-2.webp
CBS056,Extensão Pernas Alternada,extensao-pernas-alternada,Extensora de Pernas,extensora-de-pernas,Equipamentos - Série CBS,equipamentos-serie-cbs,,https://commanderbrasil.com.br/wp-content/uploads/2025/12/CBS056-bgbranco-2.webp
CBS016,Extensão Pernas Potência Clássica,extensao-pernas-potencia-classica,Extensora de Pernas,extensora-de-pernas,Equipamentos - Série CBS,equipamentos-serie-cbs,,https://commanderbrasil.com.br/wp-content/uploads/2025/12/CBS016-bgbranco-2.webp
CBP098,Extensão Pernas Super,extensao-pernas-super,Extensora de Pernas,extensora-de-pernas,Equipamentos - Série CBP,equipamentos-serie-cbp,,https://commanderbrasil.com.br/wp-content/uploads/2025/12/CBP098-bgbranco-2.webp
CBP075,Extensão Tríceps,extensao-triceps,Tríceps,triceps,Equipamentos - Série CBP,equipamentos-serie-cbp,,https://commanderbrasil.com.br/wp-content/uploads/2025/12/CBP075-bgbranco-2.webp
CBP077,Extensão Tríceps,extensao-triceps,Tríceps,triceps,Equipamentos - Série CBP,equipamentos-serie-cbp,,https://commanderbrasil.com.br/wp-content/uploads/2025/12/CBP077-bgbranco-2.webp
CBS009,Extensão Tríceps Deitado Ajustável,extensao-triceps-deitado-ajustavel,Tríceps,triceps,Equipamentos - Série CBS,equipamentos-serie-cbs,,https://commanderbrasil.com.br/wp-content/uploads/2025/12/CBS009-bgbranco-2.webp
CBP074,Extensão Tríceps Dupla Estação,extensao-triceps-dupla-estacao,Multi-Estações,multi-estacoes,Equipamentos - Série CBP,equipamentos-serie-cbp,,https://commanderbrasil.com.br/wp-content/uploads/2025/12/CBP074-bgbranco-2.webp
CBP092,Extensão Tríceps Francesa Super,extensao-triceps-francesa-super,Tríceps,triceps,Equipamentos - Série CBP,equipamentos-serie-cbp,,https://commanderbrasil.com.br/wp-content/uploads/2025/12/CBP092-bgbranco-2.webp
CBS008,Extensão Tríceps Sentado ISO,extensao-triceps-sentado-iso,Tríceps,triceps,Equipamentos - Série CBS,equipamentos-serie-cbs,,https://commanderbrasil.com.br/wp-content/uploads/2025/12/CBS008-bgbranco-2.webp
CBP076,Extensão Tríceps Super,extensao-triceps-super,Tríceps,triceps,Equipamentos - Série CBP,equipamentos-serie-cbp,,https://commanderbrasil.com.br/wp-content/uploads/2025/12/CBP076-bgbranco-2.webp
CBP103,Extensão Vertical,extensao-vertical,Extensão de Costas,extensao-de-costas,Equipamentos - Série CBP,equipamentos-serie-cbp,,https://commanderbrasil.com.br/wp-content/uploads/2025/12/CBP103-bgbranco-2.webp
CBP102,Extensão Vertical Super,extensao-vertical-super,Extensão de Costas,extensao-de-costas,Equipamentos - Série CBP,equipamentos-serie-cbp,,https://commanderbrasil.com.br/wp-content/uploads/2025/12/CBP102-bgbranco-2.webp
VS04,Extensora de Pernas,extensora-de-pernas,Extensora de Pernas,extensora-de-pernas,Equipamentos - Série VS,equipamentos-serie-vs,,https://commanderbrasil.com.br/wp-content/uploads/2025/12/CMD-VS04-1.png
B1002,Extensora de Pernas,extensora-de-pernas,Extensora de Pernas,extensora-de-pernas,Equipamentos - Série B,equipamentos-serie-b,,https://commanderbrasil.com.br/wp-content/uploads/2025/12/b1002-1-1.webp
GM44,Extensora de Pernas,extensora-de-pernas,Extensora de Pernas,extensora-de-pernas,Equipamentos - Série GM,equipamentos-serie-gm,,https://commanderbrasil.com.br/wp-content/uploads/2025/12/GM44-bgbranco-2.webp
LB606,Extensora de Pernas,extensora-de-pernas,Extensora de Pernas,extensora-de-pernas,Equipamentos - Série LB,equipamentos-serie-lb,,https://commanderbrasil.com.br/wp-content/uploads/2025/12/LB606-bgbranco-2.webp
LBF13,Extensora de Pernas,extensora-de-pernas,Extensora e Flexora,extensora-e-flexora,Equipamentos - Série LB-F,equipamentos-serie-lb-f,,https://commanderbrasil.com.br/wp-content/uploads/2025/12/LB-F13-bgbranco-1.webp
SH37,Extensora de Pernas,extensora-de-pernas,Extensora e Flexora,extensora-e-flexora,Equipamentos - Série SH,equipamentos-serie-sh,,https://commanderbrasil.com.br/wp-content/uploads/2025/12/SH37-bgbranco-2.webp
LB627,Extensora de Pernas Anilhada,extensora-de-pernas-anilhada,Extensora e Flexora,extensora-e-flexora,Equipamentos - Série LB,equipamentos-serie-lb,,https://commanderbrasil.com.br/wp-content/uploads/2025/12/LB627-bgbranco-2.webp
GT05,Extensora de Pernas Em Pé,extensora-de-pernas-em-pe,Outros Cardio,outros-cardio,Equipamentos - Série GT,equipamentos-serie-gt,,https://commanderbrasil.com.br/wp-content/uploads/2025/12/GT05-bgbranco-2.webp
SH17,Extensora de Pernas ISO-Lateral,extensora-de-pernas-iso-lateral,Extensora e Flexora,extensora-e-flexora,Equipamentos - Série SH,equipamentos-serie-sh,,https://commanderbrasil.com.br/wp-content/uploads/2025/12/SH17-bgbranco-2.webp
B1114,Extensora de Pernas/Rosca,extensora-de-pernasrosca,Extensora de Pernas,extensora-de-pernas,Equipamentos - Série B,equipamentos-serie-b,,https://commanderbrasil.com.br/wp-content/uploads/2025/12/B1114-1-2.webp
LBF25,Extensora de Pernas/Rosca,extensora-de-pernasrosca,Extensora e Flexora,extensora-e-flexora,Equipamentos - Série LB-F,equipamentos-serie-lb-f,,https://commanderbrasil.com.br/wp-content/uploads/2025/12/LB-F25-bgbranco-1.webp
PM08,Extensora e Flexora,extensora-e-flexora,Extensora e Flexora,extensora-e-flexora,Equipamentos - Série PM,equipamentos-serie-pm,,https://commanderbrasil.com.br/wp-content/uploads/2025/12/PM08-bgbranco.webp
QHSJ176,Faixa de Resistência,faixa-de-resistencia,Faixas de Resistência,faixas-de-resistencia,Acessórios - QHSJ Yoga,acessorios-qhsj-yoga,,https://commanderbrasil.com.br/wp-content/uploads/2025/12/QHSJ176-bgbranco.webp
QHSJ177,Faixa Elástica,faixa-elastica,Faixas de Resistência,faixas-de-resistencia,Acessórios - QHSJ Yoga,acessorios-qhsj-yoga,,https://commanderbrasil.com.br/wp-content/uploads/2025/12/QHSJ177-bgbranco.webp
F017,Fivela de Saco de Pancada 6mm,fivela-de-saco-de-pancada-6mm,Mergulho e Barra Assistida,mergulho-e-barra-assistida,Acessórios - Série F,acessorios-serie-f,Fivela de Punching Bag 6mm - Código: F-017,https://commanderbrasil.com.br/wp-content/uploads/2025/12/F017-f-1.jpeg
F018,Fivela de Saco de Pancada 8mm,fivela-de-saco-de-pancada-8mm,Mergulho e Barra Assistida,mergulho-e-barra-assistida,Acessórios - Série F,acessorios-serie-f,Fivela de Punching Bag 8mm - Código: F-018,https://commanderbrasil.com.br/wp-content/uploads/2025/12/F018-f-1.jpeg
E014,Fivela Parede,fivela-parede,Acessórios de Treino,acessorios-de-treino,Acessórios - Série E,acessorios-serie-e,Fivela de Parede - Código: E-014,https://commanderbrasil.com.br/wp-content/uploads/2025/12/E014-e-2.jpeg
CBS057,Flexão Pernas Alternada,flexao-pernas-alternada,Flexora de Pernas,flexora-de-pernas,Equipamentos - Série CBS,equipamentos-serie-cbs,,https://commanderbrasil.com.br/wp-content/uploads/2025/12/CBS057-bgbranco-2.webp
CBS017,Flexão Pernas Multi Em Pé ISO,flexao-pernas-multi-em-pe-iso,Flexora de Pernas,flexora-de-pernas,Equipamentos - Série CBS,equipamentos-serie-cbs,,https://commanderbrasil.com.br/wp-content/uploads/2025/12/CBS017-bgbranco-2.webp
C019,Floating Espuma Rolo 30cm,floating-espuma-rolo-30cm,Rolos de Espuma,rolos-de-espuma,Acessórios - Série C,acessorios-serie-c,Rolo Flutuante de Espuma 30cm - Código: C-019,https://commanderbrasil.com.br/wp-content/uploads/2025/12/C-019-c-2.jpeg
C013,Floating Espuma Rolo 45cm,floating-espuma-rolo-45cm,Rolos de Espuma,rolos-de-espuma,Acessórios - Série C,acessorios-serie-c,Rolo Flutuante de Espuma 45cm - Código: C-013,https://commanderbrasil.com.br/wp-content/uploads/2025/12/C-013-c-2.jpeg
C020,Floating Espuma Rolo 45cm Blue,floating-espuma-rolo-45cm-blue,Rolos de Espuma,rolos-de-espuma,Acessórios - Série C,acessorios-serie-c,Rolo Flutuante de Espuma 45cm Azul - Código: C-020,https://commanderbrasil.com.br/wp-content/uploads/2025/12/C-020-c-2.jpeg
C014,Floating Espuma Rolo 60cm,floating-espuma-rolo-60cm,Rolos de Espuma,rolos-de-espuma,Acessórios - Série C,acessorios-serie-c,Rolo Flutuante de Espuma 60cm - Código: C-014,https://commanderbrasil.com.br/wp-content/uploads/2025/12/C-014-c-2.jpeg
C021,Floating Espuma Rolo 60cm Blue,floating-espuma-rolo-60cm-blue,Rolos de Espuma,rolos-de-espuma,Acessórios - Série C,acessorios-serie-c,Rolo Flutuante de Espuma 60cm Azul - Código: C-021,https://commanderbrasil.com.br/wp-content/uploads/2025/12/C-021-c-2.jpeg
C015,Floating Espuma Rolo 90cm,floating-espuma-rolo-90cm,Rolos de Espuma,rolos-de-espuma,Acessórios - Série C,acessorios-serie-c,Rolo Flutuante de Espuma 90cm - Código: C-015,https://commanderbrasil.com.br/wp-content/uploads/2025/12/C-015-c-2.jpeg
C022,Floating Espuma Rolo 90cm Blue,floating-espuma-rolo-90cm-blue,Rolos de Espuma,rolos-de-espuma,Acessórios - Série C,acessorios-serie-c,Rolo Flutuante de Espuma 90cm Azul - Código: C-022,https://commanderbrasil.com.br/wp-content/uploads/2025/12/C-022-c-2.jpeg
C069,Formulário Avaliação Postural,formulario-avaliacao-postural,Acessórios de Treino,acessorios-de-treino,Acessórios - Série C,acessorios-serie-c,Formulário de Avaliação Postural - Código: C-069,https://commanderbrasil.com.br/wp-content/uploads/2025/12/C-069-c-2.jpeg
F029,Gaiola Octogonal 4x4,gaiola-octogonal-4x4,Power Cages,power-cages,Acessórios - Série F,acessorios-serie-f,Octagonal Cage 4x4 - Código: F-029,https://commanderbrasil.com.br/wp-content/uploads/2025/12/F029-f-1.jpeg
F030,Gaiola Octogonal 5x5,gaiola-octogonal-5x5,Power Cages,power-cages,Acessórios - Série F,acessorios-serie-f,Octagonal Cage 5x5 - Código: F-030,https://commanderbrasil.com.br/wp-content/uploads/2025/12/F030-f-1.jpeg
F031,Gaiola Octogonal 6x6,gaiola-octogonal-6x6,Power Cages,power-cages,Acessórios - Série F,acessorios-serie-f,Octagonal Cage 6x6 - Código: F-031,https://commanderbrasil.com.br/wp-content/uploads/2025/12/F031-f-1.jpeg
F032,Gaiola Octogonal 7x7,gaiola-octogonal-7x7,Power Cages,power-cages,Acessórios - Série F,acessorios-serie-f,Octagonal Cage 7x7 - Código: F-032,https://commanderbrasil.com.br/wp-content/uploads/2025/12/F032-f-1.jpeg
F033,Gaiola Octogonal Plataforma Alta 4x4,gaiola-octogonal-plataforma-alta-4x4,Power Cages,power-cages,Acessórios - Série F,acessorios-serie-f,Octagonal Cage High Platform 4x4 - Código: F-033,https://commanderbrasil.com.br/wp-content/uploads/2025/12/F033-f-1.jpeg
F034,Gaiola Octogonal Plataforma Alta 5x5,gaiola-octogonal-plataforma-alta-5x5,Power Cages,power-cages,Acessórios - Série F,acessorios-serie-f,Octagonal Cage High Platform 5x5 - Código: F-034,https://commanderbrasil.com.br/wp-content/uploads/2025/12/F034-f-1.jpeg
F035,Gaiola Octogonal Plataforma Alta 6x6,gaiola-octogonal-plataforma-alta-6x6,Power Cages,power-cages,Acessórios - Série F,acessorios-serie-f,Octagonal Cage High Platform 6x6 - Código: F-035,https://commanderbrasil.com.br/wp-content/uploads/2025/12/F035-f-1.jpeg
F036,Gaiola Octogonal Plataforma Alta 7x7,gaiola-octogonal-plataforma-alta-7x7,Power Cages,power-cages,Acessórios - Série F,acessorios-serie-f,Octagonal Cage High Platform 7x7 - Código: F-036,https://commanderbrasil.com.br/wp-content/uploads/2025/12/F036-f-1.jpeg
B1011,Glúteo 4 em 1,gluteo-4-em-1,Quadril e Glúteos,quadril-e-gluteos,Equipamentos - Série B,equipamentos-serie-b,,https://commanderbrasil.com.br/wp-content/uploads/2025/12/B1011-1-1.webp
B1024,Glúteo Isolado,gluteo-isolado,Quadril e Glúteos,quadril-e-gluteos,Equipamentos - Série B,equipamentos-serie-b,,https://commanderbrasil.com.br/wp-content/uploads/2025/12/B1024-1-1.webp
XMH010,Grama Sintética 2mm Altura 1.5cm,grama-sintetica-2mm-altura-15cm,Acessórios de Treino,acessorios-de-treino,Acessórios - Série XM-H,acessorios-serie-xm-h,Custom Grass 2mm Altura 1.5cm - Código: XM-H010,https://commanderbrasil.com.br/wp-content/uploads/2025/12/XM-H010-xm-1.jpeg
QHSJ71,Halter Ajustável,halter-ajustavel,-,,Acessórios - QHSJ Pesos,acessorios-qhsj-pesos,,https://commanderbrasil.com.br/wp-content/uploads/2025/12/QHSJ71-bgbranco.webp
QHSJ29,Halter Borracha,halter-borracha,-,,Acessórios - QHSJ Pesos,acessorios-qhsj-pesos,,https://commanderbrasil.com.br/wp-content/uploads/2025/12/QH-SJ29-bgbranco.webp
QHSJ26,Halter Borracha Technogym,halter-borracha-technogym,-,,Acessórios - QHSJ Pesos,acessorios-qhsj-pesos,,https://commanderbrasil.com.br/wp-content/uploads/2025/12/QHSJ26-bgbranco.webp
QHSJ72,Halter CPU Cabeça Grande,halter-cpu-cabeca-grande,-,,Acessórios - QHSJ Pesos,acessorios-qhsj-pesos,,https://commanderbrasil.com.br/wp-content/uploads/2025/12/QHSJ72-bgbranco.webp
QHSJ67,Halter Dedo Curvado,halter-dedo-curvado,-,,Acessórios - QHSJ Pesos,acessorios-qhsj-pesos,,https://commanderbrasil.com.br/wp-content/uploads/2025/12/QHSJ67-bgbranco.webp
QHSJ70,Halter Ecológico,halter-ecologico,-,,Acessórios - QHSJ Pesos,acessorios-qhsj-pesos,,https://commanderbrasil.com.br/wp-content/uploads/2025/12/QHSJ70-bgbranco.webp
QHSJ68,Halter Osso,halter-osso,-,,Acessórios - QHSJ Pesos,acessorios-qhsj-pesos,,https://commanderbrasil.com.br/wp-content/uploads/2025/12/QHSJ68-bgbranco.webp
QHSJ66,Halter Pequeno com Pegada,halter-pequeno-com-pegada,-,,Acessórios - QHSJ Pesos,acessorios-qhsj-pesos,,https://commanderbrasil.com.br/wp-content/uploads/2025/12/QHSJ66-bgbranco.webp
QHSJ58,Halter Pequeno Cromado,halter-pequeno-cromado,-,,Acessórios - QHSJ Pesos,acessorios-qhsj-pesos,,https://commanderbrasil.com.br/wp-content/uploads/2025/12/QHSJ58-bgbranco.webp
QHSJ65,Halter Pequeno Texturizado,halter-pequeno-texturizado,-,,Acessórios - QHSJ Pesos,acessorios-qhsj-pesos,,https://commanderbrasil.com.br/wp-content/uploads/2025/12/QHSJ65-bgbranco.webp
QHSJ64,Halter Pequeno Vinil Liso,halter-pequeno-vinil-liso,-,,Acessórios - QHSJ Pesos,acessorios-qhsj-pesos,,https://commanderbrasil.com.br/wp-content/uploads/2025/12/QHSJ64-bgbranco.webp
QHSJ08,Halter PU Capitão América,halter-pu-capitao-america,-,,Acessórios - QHSJ Pesos,acessorios-qhsj-pesos,,https://commanderbrasil.com.br/wp-content/uploads/2025/12/QH-SJ08-bgbranco.webp
QHSJ13,Halter PU Fitness,halter-pu-fitness,-,,Acessórios - QHSJ Pesos,acessorios-qhsj-pesos,,https://commanderbrasil.com.br/wp-content/uploads/2025/12/QH-SJ13-bgbranco.webp
QHSJ24,Halter PU Technogym,halter-pu-technogym,-,,Acessórios - QHSJ Pesos,acessorios-qhsj-pesos,,https://commanderbrasil.com.br/wp-content/uploads/2025/12/QH-SJ24-bgbranco.webp
QHSJ01,Halter Redondo Revestido de Borracha,halter-redondo-revestido-de-borracha,-,,Acessórios - QHSJ Pesos,acessorios-qhsj-pesos,,https://commanderbrasil.com.br/wp-content/uploads/2025/12/QH-SJ01-bgbranco.webp
QHSJ18,Halter Sólido,halter-solido,-,,Acessórios - QHSJ Pesos,acessorios-qhsj-pesos,,https://commanderbrasil.com.br/wp-content/uploads/2025/12/QH-SJ18-bgbranco.webp
QHSJ20,Halter Sólido,halter-solido,-,,Acessórios - QHSJ Pesos,acessorios-qhsj-pesos,,https://commanderbrasil.com.br/wp-content/uploads/2025/12/QH-SJ20-bgbranco.webp
QHSJ22,Halter Sólido,halter-solido,-,,Acessórios - QHSJ Pesos,acessorios-qhsj-pesos,,https://commanderbrasil.com.br/wp-content/uploads/2025/12/QH-SJ22-bgbranco.webp
QHSJ14,Halter Sólido Fitness,halter-solido-fitness,-,,Acessórios - QHSJ Pesos,acessorios-qhsj-pesos,,https://commanderbrasil.com.br/wp-content/uploads/2025/12/QH-SJ14-bgbranco.webp
GM108,Halter Suporte 2 Prateleiras,halter-suporte-2-prateleiras,Suportes de Halteres,suportes-de-halteres,Equipamentos - Série GM,equipamentos-serie-gm,,https://commanderbrasil.com.br/wp-content/uploads/2025/12/GM108-bgbranco-2.webp
QHSJ69,Halter Vinil Colorido,halter-vinil-colorido,-,,Acessórios - QHSJ Pesos,acessorios-qhsj-pesos,,https://commanderbrasil.com.br/wp-content/uploads/2025/12/QHSJ69-bgbranco.webp
A031,Halteres 12 Lados Borracha Ecológica,halteres-12-lados-borracha-ecologica,-,,Acessórios - Série A,acessorios-serie-a,Preço por kg (USD),https://commanderbrasil.com.br/wp-content/uploads/2025/12/A031-bgbranco-v2.webp
A071,Halteres Ajustáveis,halteres-ajustaveis,-,,Acessórios - Série A,acessorios-serie-a,Preço por kg (USD),https://commanderbrasil.com.br/wp-content/uploads/2025/12/A071-bgbranco-v2.webp
A072,Halteres CPU Cabeça Grande,halteres-cpu-cabeca-grande,-,,Acessórios - Série A,acessorios-serie-a,Preço por kg (USD),https://commanderbrasil.com.br/wp-content/uploads/2025/12/A072-bgbranco-v2.webp
A070,Halteres Ecológicos,halteres-ecologicos,-,,Acessórios - Série A,acessorios-serie-a,Preço por kg (USD),
A069,Halteres Emborrachados Coloridos,halteres-emborrachados-coloridos,-,,Acessórios - Série A,acessorios-serie-a,Preço por kg (USD),https://commanderbrasil.com.br/wp-content/uploads/2025/12/A069-bgbranco-v2.webp
A018,Halteres Inteiros,halteres-inteiros,-,,Acessórios - Série A,acessorios-serie-a,Preço por kg (USD),https://commanderbrasil.com.br/wp-content/uploads/2025/12/A018-bgbranco-v2.webp
A020,Halteres Inteiros Modelo 2,halteres-inteiros-modelo-2,-,,Acessórios - Série A,acessorios-serie-a,Preço por kg (USD),https://commanderbrasil.com.br/wp-content/uploads/2025/12/A020-bgbranco-v2.webp
A022,Halteres Inteiros Modelo 3,halteres-inteiros-modelo-3,-,,Acessórios - Série A,acessorios-serie-a,Preço por kg (USD),https://commanderbrasil.com.br/wp-content/uploads/2025/12/A022-bgbranco-v2.webp
A078,Halteres Must Be Sure,halteres-must-be-sure,-,,Acessórios - Série A,acessorios-serie-a,Preço por kg (USD),https://commanderbrasil.com.br/wp-content/uploads/2025/12/A078-bgbranco-v2.webp
A068,Halteres Osso,halteres-osso,-,,Acessórios - Série A,acessorios-serie-a,Preço por kg (USD),https://commanderbrasil.com.br/wp-content/uploads/2025/12/A068-bgbranco-v2.webp
A014,Halteres Overall Fitness,halteres-overall-fitness,-,,Acessórios - Série A,acessorios-serie-a,Preço por kg (USD),https://commanderbrasil.com.br/wp-content/uploads/2025/12/A014-bgbranco-v2.webp
A058,Halteres Pequenos Cromados,halteres-pequenos-cromados,-,,Acessórios - Série A,acessorios-serie-a,Preço por kg (USD),https://commanderbrasil.com.br/wp-content/uploads/2025/12/A058-bgbranco-v2.webp
A067,Halteres Pequenos Dedos Curvados,halteres-pequenos-dedos-curvados,-,,Acessórios - Série A,acessorios-serie-a,Preço por kg (USD),https://commanderbrasil.com.br/wp-content/uploads/2025/12/A067-bgbranco-v2.webp
A064,Halteres Pequenos Emborrachados Lisos,halteres-pequenos-emborrachados-lisos,-,,Acessórios - Série A,acessorios-serie-a,Preço por kg (USD),https://commanderbrasil.com.br/wp-content/uploads/2025/12/A064-bgbranco-v2.webp
A065,Halteres Pequenos Superfície Texturizada,halteres-pequenos-superficie-texturizada,-,,Acessórios - Série A,acessorios-serie-a,Preço por kg (USD),https://commanderbrasil.com.br/wp-content/uploads/2025/12/A065-bgbranco-v2.webp
A066,Halteres Portáteis,halteres-portateis,-,,Acessórios - Série A,acessorios-serie-a,Preço por kg (USD),https://commanderbrasil.com.br/wp-content/uploads/2025/12/A066-bgbranco-v2.webp
A008,Halteres PU Capitão América,halteres-pu-capitao-america,-,,Acessórios - Série A,acessorios-serie-a,Preço por kg (USD),https://commanderbrasil.com.br/wp-content/uploads/2025/12/A008-bgbranco-v2.webp
A013,Halteres PU Life Fitness,halteres-pu-life-fitness,-,,Acessórios - Série A,acessorios-serie-a,Preço por kg (USD),https://commanderbrasil.com.br/wp-content/uploads/2025/12/A013-bgbranco-v2.webp
A044,Halteres PU Modelo 1,halteres-pu-modelo-1,-,,Acessórios - Série A,acessorios-serie-a,Preço por kg (USD),https://commanderbrasil.com.br/wp-content/uploads/2025/12/A044-bgbranco-v2.webp
A045,Halteres PU Modelo 2,halteres-pu-modelo-2,-,,Acessórios - Série A,acessorios-serie-a,Preço por kg (USD),https://commanderbrasil.com.br/wp-content/uploads/2025/12/A045-bgbranco-v2.webp
A046,Halteres PU Modelo 3,halteres-pu-modelo-3,-,,Acessórios - Série A,acessorios-serie-a,Preço por kg (USD),https://commanderbrasil.com.br/wp-content/uploads/2025/12/A046-bgbranco-v2.webp
A047,Halteres PU Modelo 4,halteres-pu-modelo-4,-,,Acessórios - Série A,acessorios-serie-a,Preço por kg (USD),https://commanderbrasil.com.br/wp-content/uploads/2025/12/A047-bgbranco-v2.webp
A048,Halteres PU Modelo 5,halteres-pu-modelo-5,-,,Acessórios - Série A,acessorios-serie-a,Preço por kg (USD),https://commanderbrasil.com.br/wp-content/uploads/2025/12/A048-bgbranco-v2.webp
A024,Halteres PU Technogym,halteres-pu-technogym,-,,Acessórios - Série A,acessorios-serie-a,Preço por kg (USD),
A001,Halteres Redondos Revestidos de Borracha,halteres-redondos-revestidos-de-borracha,-,,Acessórios - Série A,acessorios-serie-a,Preço por kg (USD),https://commanderbrasil.com.br/wp-content/uploads/2025/12/A001-bgbranco-v2.webp
A029,Halteres Revestidos de Borracha,halteres-revestidos-de-borracha,-,,Acessórios - Série A,acessorios-serie-a,Preço por kg (USD),https://commanderbrasil.com.br/wp-content/uploads/2025/12/A029-bgbranco-v2.webp
A030,Halteres Revestidos de Borracha Modelo 2,halteres-revestidos-de-borracha-modelo-2,-,,Acessórios - Série A,acessorios-serie-a,Preço por kg (USD),https://commanderbrasil.com.br/wp-content/uploads/2025/12/A030-bgbranco-v2.webp
A026,Halteres Technogym Revestidos de Borracha,halteres-technogym-revestidos-de-borracha,-,,Acessórios - Série A,acessorios-serie-a,Preço por kg (USD),https://commanderbrasil.com.br/wp-content/uploads/2025/12/A026-bgbranco-v2.webp
QHSJ179,Isolador de Bíceps,isolador-de-biceps,-,,Acessórios - QHSJ Yoga,acessorios-qhsj-yoga,,https://commanderbrasil.com.br/wp-content/uploads/2025/12/QH-SJ179-bgbranco.webp
E034,Jaqueta Peso Ajustável 10kg,jaqueta-peso-ajustavel-10kg,Acessórios de Treino,acessorios-de-treino,Acessórios - Série E,acessorios-serie-e,Jaqueta de Peso Adjustable 10kg - Código: E-034,https://commanderbrasil.com.br/wp-content/uploads/2025/12/E034-e-1.jpeg
A074,Kettlebell,kettlebell,-,,Acessórios - Série A,acessorios-serie-a,Preço por kg (USD),https://commanderbrasil.com.br/wp-content/uploads/2025/12/A074-bgbranco-v2.webp
QHSJ74,Kettlebell com Água,kettlebell-com-agua,Kettlebells,kettlebells,Acessórios - QHSJ Pesos,acessorios-qhsj-pesos,,https://commanderbrasil.com.br/wp-content/uploads/2025/12/QHSJ74-bgbranco.webp
QHSJ62,Kettlebell Competição,kettlebell-competicao,Kettlebells,kettlebells,Acessórios - QHSJ Pesos,acessorios-qhsj-pesos,,https://commanderbrasil.com.br/wp-content/uploads/2025/12/QHSJ62-bgbranco.webp
A062B,Kettlebell Competição (12-32kg),kettlebell-competicao-12-32kg,-,,Acessórios - Série A,acessorios-serie-a,Preço por kg (USD),
A062A,Kettlebell Competição (4-10kg),kettlebell-competicao-4-10kg,-,,Acessórios - Série A,acessorios-serie-a,Preço por kg (USD),https://commanderbrasil.com.br/wp-content/uploads/2025/12/A062A-bgbranco.webp
A059,Kettlebell Emborrachado,kettlebell-emborrachado,-,,Acessórios - Série A,acessorios-serie-a,Preço por kg (USD),https://commanderbrasil.com.br/wp-content/uploads/2025/12/A059-bgbranco-v2.webp
QHSJ63,Kettlebell Ferro Fundido,kettlebell-ferro-fundido,Kettlebells,kettlebells,Acessórios - QHSJ Pesos,acessorios-qhsj-pesos,,https://commanderbrasil.com.br/wp-content/uploads/2025/12/QHSJ63-bgbranco.webp
A063,Kettlebell Ferro Fundido,kettlebell-ferro-fundido,-,,Acessórios - Série A,acessorios-serie-a,Preço por kg (USD),https://commanderbrasil.com.br/wp-content/uploads/2025/12/A063-bgbranco-v2.webp
C080,Kettlebell Profissional Ajustável,kettlebell-profissional-ajustavel,Kettlebells,kettlebells,Acessórios - Série C,acessorios-serie-c,Kettlebell Professional Adjustable - Código: C-080,https://commanderbrasil.com.br/wp-content/uploads/2025/12/C-080-c-2.jpeg
C077,Kettlebell Profissional com Base,kettlebell-profissional-com-base,Kettlebells,kettlebells,Acessórios - Série C,acessorios-serie-c,Kettlebell Professional com Base - Código: C-077,https://commanderbrasil.com.br/wp-content/uploads/2025/12/C-077-c-2.jpeg
QHSJ60,Kettlebell PU Colorido,kettlebell-pu-colorido,Kettlebells,kettlebells,Acessórios - QHSJ Pesos,acessorios-qhsj-pesos,,
A060,Kettlebell PU Colorido,kettlebell-pu-colorido,-,,Acessórios - Série A,acessorios-serie-a,Preço por kg (USD),https://commanderbrasil.com.br/wp-content/uploads/2025/12/A060-bgbranco-v2.webp
QHSJ61,Kettlebell PU Competição,kettlebell-pu-competicao,Kettlebells,kettlebells,Acessórios - QHSJ Pesos,acessorios-qhsj-pesos,,https://commanderbrasil.com.br/wp-content/uploads/2025/12/QHSJ61-bgbranco.webp
A061,Kettlebell PU Competição,kettlebell-pu-competicao,-,,Acessórios - Série A,acessorios-serie-a,Preço por kg (USD),https://commanderbrasil.com.br/wp-content/uploads/2025/12/A061-bgbranco-v2.webp
QHSJ59,Kettlebell Vinil,kettlebell-vinil,Kettlebells,kettlebells,Acessórios - QHSJ Pesos,acessorios-qhsj-pesos,,https://commanderbrasil.com.br/wp-content/uploads/2025/12/QHSJ59-bgbranco.webp
A057,Kit Barra Les Mills,kit-barra-les-mills,-,,Acessórios - Série A,acessorios-serie-a,Preço por kg (USD),https://commanderbrasil.com.br/wp-content/uploads/2025/12/A057-bgbranco-v2.webp
A056,Kit Barra Les Mills Borracha,kit-barra-les-mills-borracha,-,,Acessórios - Série A,acessorios-serie-a,Preço por kg (USD),https://commanderbrasil.com.br/wp-content/uploads/2025/12/A056-bgbranco-v2.webp
A054,Kit Barra Les Mills PU,kit-barra-les-mills-pu,-,,Acessórios - Série A,acessorios-serie-a,Preço por kg (USD),https://commanderbrasil.com.br/wp-content/uploads/2025/12/A054-bgbranco-v2.webp
A055,Kit Barra Les Mills PU Crocodilo,kit-barra-les-mills-pu-crocodilo,-,,Acessórios - Série A,acessorios-serie-a,Preço por kg (USD),https://commanderbrasil.com.br/wp-content/uploads/2025/12/A055-bgbranco-v2.webp
C058,Kit Bola de Massagem Profissional 3 Peças,kit-bola-de-massagem-profissional-3-pecas,Acessórios de Treino,acessorios-de-treino,Acessórios - Série C,acessorios-serie-c,Bola de Massagem Professional - Kit 3 - Código: C-058,https://commanderbrasil.com.br/wp-content/uploads/2025/12/C-058-c-2.jpeg
D008,Kit Caixa Salto Octogonal Quádrupla,kit-caixa-salto-octogonal-quadrupla,Acessórios de Treino,acessorios-de-treino,Acessórios - Série D,acessorios-serie-d,Kit Caixa de Salto Octagonal Quádrupla - Código: D-008,https://commanderbrasil.com.br/wp-content/uploads/2025/12/D008-d-2.jpeg
D007,Kit Caixa Salto Quádrupla,kit-caixa-salto-quadrupla,Acessórios de Treino,acessorios-de-treino,Acessórios - Série D,acessorios-serie-d,Kit Caixa de Salto Quádrupla - Código: D-007,https://commanderbrasil.com.br/wp-content/uploads/2025/12/D007-d-2.jpeg
D009,Kit Caixa Salto Quádrupla Dobrável,kit-caixa-salto-quadrupla-dobravel,Acessórios de Treino,acessorios-de-treino,Acessórios - Série D,acessorios-serie-d,Kit Caixa de Salto Quádrupla Dobrável - Código: D-009,https://commanderbrasil.com.br/wp-content/uploads/2025/12/D009-d-2.jpeg
D006,Kit Caixa Salto Tripla,kit-caixa-salto-tripla,Acessórios de Treino,acessorios-de-treino,Acessórios - Série D,acessorios-serie-d,Kit Caixa de Salto Tripla - Código: D-006,https://commanderbrasil.com.br/wp-content/uploads/2025/12/D006-d-2.jpeg
CBP008B,Kit De Banco Totalmente Ajustável Para CBP002,kit-de-banco-totalmente-ajustavel-para-cbp002,Outros Bancos,outros-bancos,Equipamentos - Série CBP,equipamentos-serie-cbp,,https://commanderbrasil.com.br/wp-content/uploads/2025/12/CBP008B-bgbranco-2.webp
CBP008C,Kit De Banco Totalmente Ajustável Para CBP005,kit-de-banco-totalmente-ajustavel-para-cbp005,Outros Bancos,outros-bancos,Equipamentos - Série CBP,equipamentos-serie-cbp,,https://commanderbrasil.com.br/wp-content/uploads/2025/12/CBP008C-bgbranco-2.webp
E024,Kit Elástico com Corda 3 Peças,kit-elastico-com-corda-3-pecas,Acessórios de Treino,acessorios-de-treino,Acessórios - Série E,acessorios-serie-e,Corda Elástica - Kit 3 Peças - Código: E-024,https://commanderbrasil.com.br/wp-content/uploads/2025/12/E024-e-1.jpeg
E023,Kit Elástico com Corda 5 Peças,kit-elastico-com-corda-5-pecas,Acessórios de Treino,acessorios-de-treino,Acessórios - Série E,acessorios-serie-e,Corda Elástica - Kit Completo 5 Peças - Código: E-023,https://commanderbrasil.com.br/wp-content/uploads/2025/12/E023-e-1.jpeg
C041,Kit Faixas de Resistência,kit-faixas-de-resistencia,Faixas de Resistência,faixas-de-resistencia,Acessórios - Série C,acessorios-serie-c,Faixas de Endurance - Kit - Código: C-041,https://commanderbrasil.com.br/wp-content/uploads/2025/12/C-041-c-2.jpeg
E025,Kit Faixas de Resistência 5 Peças,kit-faixas-de-resistencia-5-pecas,Faixas de Resistência,faixas-de-resistencia,Acessórios - Série E,acessorios-serie-e,Faixas de Endurance - Kit 5 Peças - Código: E-025,https://commanderbrasil.com.br/wp-content/uploads/2025/12/E025-e-1.jpeg
E026,Kit Faixas Elásticas 5 Peças,kit-faixas-elasticas-5-pecas,Faixas de Resistência,faixas-de-resistencia,Acessórios - Série E,acessorios-serie-e,Banda Elástica - Kit 5 Peças - Código: E-026,https://commanderbrasil.com.br/wp-content/uploads/2025/12/E026-e-1.jpeg
C042,Kit Faixas Elásticas 5 Peças,kit-faixas-elasticas-5-pecas,Faixas de Resistência,faixas-de-resistencia,Acessórios - Série C,acessorios-serie-c,Banda Elástica - Kit de 5 - Código: C-042,https://commanderbrasil.com.br/wp-content/uploads/2025/12/C-042-c-2.jpeg
C085,Kit Pilates 5 Peças,kit-pilates-5-pecas,Acessórios de Treino,acessorios-de-treino,Acessórios - Série C,acessorios-serie-c,Kit Pilates 5 Peças - Código: C-085,https://commanderbrasil.com.br/wp-content/uploads/2025/12/C-085-c-2.jpeg
XMJ002,Kit Proteção Taekwondo 6 Peças,kit-protecao-taekwondo-6-pecas,Acessórios de Treino,acessorios-de-treino,Acessórios - Série XM-J,acessorios-serie-xm-j,Kit Proteção Taekwondo 6 Peças - Código: XM-J002,https://commanderbrasil.com.br/wp-content/uploads/2025/12/XM-J002-xm-j-1.jpeg
C083,Kit Suporte de Corda Yoga,kit-suporte-de-corda-yoga,Tapetes e Yoga,tapetes-e-yoga,Acessórios - Série C,acessorios-serie-c,Corda de Apoio para Yoga - Kit - Código: C-083,https://commanderbrasil.com.br/wp-content/uploads/2025/12/C-083-c-2.jpeg
QHSJ102,LD-PB01,ld-pb01,-,,Acessórios - QHSJ Barras,acessorios-qhsj-barras,,https://commanderbrasil.com.br/wp-content/uploads/2025/12/QHSJ102-bgbranco.webp
QHSJ103,LD-PB02,ld-pb02,-,,Acessórios - QHSJ Barras,acessorios-qhsj-barras,,https://commanderbrasil.com.br/wp-content/uploads/2025/12/QHSJ103-bgbranco.webp
QHSJ104,LD-PB03,ld-pb03,-,,Acessórios - QHSJ Barras,acessorios-qhsj-barras,,https://commanderbrasil.com.br/wp-content/uploads/2025/12/QHSJ104-bgbranco.webp
QHSJ105,LD-PB04,ld-pb04,-,,Acessórios - QHSJ Barras,acessorios-qhsj-barras,,https://commanderbrasil.com.br/wp-content/uploads/2025/12/QHSJ105-bgbranco.webp
QHSJ106,LD-PB05,ld-pb05,-,,Acessórios - QHSJ Barras,acessorios-qhsj-barras,,https://commanderbrasil.com.br/wp-content/uploads/2025/12/QHSJ106-bgbranco.webp
QHSJ107,LD-PB06,ld-pb06,-,,Acessórios - QHSJ Barras,acessorios-qhsj-barras,,https://commanderbrasil.com.br/wp-content/uploads/2025/12/QHSJ107-bgbranco.webp
QHSJ108,LD-PB07,ld-pb07,-,,Acessórios - QHSJ Barras,acessorios-qhsj-barras,,https://commanderbrasil.com.br/wp-content/uploads/2025/12/QHSJ108-bgbranco.webp
QHSJ109,LD-PB08,ld-pb08,-,,Acessórios - QHSJ Barras,acessorios-qhsj-barras,,https://commanderbrasil.com.br/wp-content/uploads/2025/12/QHSJ109-bgbranco.webp
QHSJ110,LD-PB09,ld-pb09,-,,Acessórios - QHSJ Barras,acessorios-qhsj-barras,,https://commanderbrasil.com.br/wp-content/uploads/2025/12/QHSJ110-bgbranco.webp
QHSJ111,LD-PB10,ld-pb10,-,,Acessórios - QHSJ Barras,acessorios-qhsj-barras,,https://commanderbrasil.com.br/wp-content/uploads/2025/12/QHSJ111-bgbranco.webp
QHSJ112,LD-PB11,ld-pb11,-,,Acessórios - QHSJ Barras,acessorios-qhsj-barras,,https://commanderbrasil.com.br/wp-content/uploads/2025/12/QHSJ112-bgbranco.webp
QHSJ113,LD-PB12,ld-pb12,-,,Acessórios - QHSJ Barras,acessorios-qhsj-barras,,https://commanderbrasil.com.br/wp-content/uploads/2025/12/QHSJ113-bgbranco.webp
QHSJ114,LD-PB13,ld-pb13,-,,Acessórios - QHSJ Barras,acessorios-qhsj-barras,,https://commanderbrasil.com.br/wp-content/uploads/2025/12/QHSJ114-bgbranco.webp
QHSJ115,LD-PB14,ld-pb14,-,,Acessórios - QHSJ Barras,acessorios-qhsj-barras,,https://commanderbrasil.com.br/wp-content/uploads/2025/12/QHSJ115-bgbranco.webp
QHSJ116,LD-PB15,ld-pb15,-,,Acessórios - QHSJ Barras,acessorios-qhsj-barras,,https://commanderbrasil.com.br/wp-content/uploads/2025/12/QHSJ116-bgbranco.webp
QHSJ117,LD-PB16,ld-pb16,-,,Acessórios - QHSJ Barras,acessorios-qhsj-barras,,https://commanderbrasil.com.br/wp-content/uploads/2025/12/QHSJ117-bgbranco.webp
QHSJ118,LD-PB17,ld-pb17,-,,Acessórios - QHSJ Barras,acessorios-qhsj-barras,,https://commanderbrasil.com.br/wp-content/uploads/2025/12/QHSJ118-bgbranco.webp
QHSJ119,LD-PB19,ld-pb19,-,,Acessórios - QHSJ Barras,acessorios-qhsj-barras,,https://commanderbrasil.com.br/wp-content/uploads/2025/12/QHSJ119-bgbranco.webp
QHSJ120,LD-PB20,ld-pb20,-,,Acessórios - QHSJ Barras,acessorios-qhsj-barras,,https://commanderbrasil.com.br/wp-content/uploads/2025/12/QHSJ120-bgbranco.webp
QHSJ121,LD-PB23,ld-pb23,-,,Acessórios - QHSJ Barras,acessorios-qhsj-barras,,https://commanderbrasil.com.br/wp-content/uploads/2025/12/QHSJ121-bgbranco.webp
QHSJ122,LD-PB24,ld-pb24,-,,Acessórios - QHSJ Barras,acessorios-qhsj-barras,,https://commanderbrasil.com.br/wp-content/uploads/2025/12/QHSJ122-bgbranco.webp
QHSJ123,LD-PB25,ld-pb25,-,,Acessórios - QHSJ Barras,acessorios-qhsj-barras,,https://commanderbrasil.com.br/wp-content/uploads/2025/12/QHSJ123-bgbranco.webp
QHSJ124,LD-PB26,ld-pb26,-,,Acessórios - QHSJ Barras,acessorios-qhsj-barras,,https://commanderbrasil.com.br/wp-content/uploads/2025/12/QHSJ124-bgbranco.webp
QHSJ125,LD-PB29,ld-pb29,-,,Acessórios - QHSJ Barras,acessorios-qhsj-barras,,https://commanderbrasil.com.br/wp-content/uploads/2025/12/QHSJ125-bgbranco.webp
QHSJ126,LD-PB30,ld-pb30,-,,Acessórios - QHSJ Barras,acessorios-qhsj-barras,,https://commanderbrasil.com.br/wp-content/uploads/2025/12/QHSJ126-bgbranco.webp
QHSJ127,LD-PB31,ld-pb31,-,,Acessórios - QHSJ Barras,acessorios-qhsj-barras,,https://commanderbrasil.com.br/wp-content/uploads/2025/12/QHSJ127-bgbranco.webp
QHSJ128,LD-PB32,ld-pb32,-,,Acessórios - QHSJ Barras,acessorios-qhsj-barras,,https://commanderbrasil.com.br/wp-content/uploads/2025/12/QHSJ128-bgbranco.webp
QHSJ129,LD-PB33,ld-pb33,-,,Acessórios - QHSJ Barras,acessorios-qhsj-barras,,https://commanderbrasil.com.br/wp-content/uploads/2025/12/QHSJ129-bgbranco.webp
QHSJ130,LD-PB34,ld-pb34,-,,Acessórios - QHSJ Barras,acessorios-qhsj-barras,,https://commanderbrasil.com.br/wp-content/uploads/2025/12/QHSJ130-bgbranco.webp
QHSJ131,LD-PB35,ld-pb35,-,,Acessórios - QHSJ Barras,acessorios-qhsj-barras,,https://commanderbrasil.com.br/wp-content/uploads/2025/12/QHSJ131-bgbranco.webp
QHSJ132,LD-PB36,ld-pb36,-,,Acessórios - QHSJ Barras,acessorios-qhsj-barras,,https://commanderbrasil.com.br/wp-content/uploads/2025/12/QHSJ132-bgbranco.webp
QHSJ133,LD-PB37,ld-pb37,-,,Acessórios - QHSJ Barras,acessorios-qhsj-barras,,https://commanderbrasil.com.br/wp-content/uploads/2025/12/QHSJ133-bgbranco.webp
QHSJ134,LD-PB38,ld-pb38,-,,Acessórios - QHSJ Barras,acessorios-qhsj-barras,,https://commanderbrasil.com.br/wp-content/uploads/2025/12/QHSJ134-bgbranco.webp
VS06,Leg Press,leg-press,Leg Press,leg-press,Equipamentos - Série VS,equipamentos-serie-vs,,https://commanderbrasil.com.br/wp-content/uploads/2025/12/CMD-VS06-1.png
CBS065,Leg Press,leg-press,Leg Press,leg-press,Equipamentos - Série CBS,equipamentos-serie-cbs,,https://commanderbrasil.com.br/wp-content/uploads/2025/12/CBS065-bgbranco-2.webp
LB601,Leg Press,leg-press,Leg Press,leg-press,Equipamentos - Série LB,equipamentos-serie-lb,,https://commanderbrasil.com.br/wp-content/uploads/2025/12/LB601-bgbranco-2.webp
GM49,Leg Press,leg-press,Leg Press,leg-press,Equipamentos - Série GM,equipamentos-serie-gm,,https://commanderbrasil.com.br/wp-content/uploads/2025/12/GM49-bgbranco-2.webp
LBF12,Leg Press,leg-press,Supino,supino,Equipamentos - Série LB-F,equipamentos-serie-lb-f,,https://commanderbrasil.com.br/wp-content/uploads/2025/12/LB-F12-bgbranco-2.webp
CBP052,Leg Press 45°,leg-press-45,Leg Press,leg-press,Equipamentos - Série CBP,equipamentos-serie-cbp,,https://commanderbrasil.com.br/wp-content/uploads/2025/12/CBP052-bgbranco-2.webp
B1056,Leg Press 45°,leg-press-45,Supino,supino,Equipamentos - Série B,equipamentos-serie-b,,https://commanderbrasil.com.br/wp-content/uploads/2025/12/B1056-bgbranco-1.webp
GM118,Leg Press 45°,leg-press-45,Leg Press,leg-press,Equipamentos - Série GM,equipamentos-serie-gm,,https://commanderbrasil.com.br/wp-content/uploads/2025/12/GM118-bgbranco-1.webp
D950,Leg Press 45°,leg-press-45,Leg Press,leg-press,Equipamentos - Série D,equipamentos-serie-d,,https://commanderbrasil.com.br/wp-content/uploads/2025/12/CMD-D950-cmd-d-series-2.png
D975,Leg Press 45°,leg-press-45,Leg Press,leg-press,Equipamentos - Série D,equipamentos-serie-d,,https://commanderbrasil.com.br/wp-content/uploads/2025/12/CMD-D975-cmd-d-series-2.png
GM94,Leg Press 45°,leg-press-45,Leg Press,leg-press,Equipamentos - Série GM,equipamentos-serie-gm,,https://commanderbrasil.com.br/wp-content/uploads/2025/12/GM94-bgbranco-2.webp
SH19,Leg Press 45°,leg-press-45,Leg Press,leg-press,Equipamentos - Série SH,equipamentos-serie-sh,,https://commanderbrasil.com.br/wp-content/uploads/2025/12/SH19-bgbranco-2.webp
LB633,Leg Press 45° Anilhado,leg-press-45-anilhado,Leg Press,leg-press,Equipamentos - Série LB,equipamentos-serie-lb,,https://commanderbrasil.com.br/wp-content/uploads/2025/12/LB633-bgbranco-2.webp
B1115,Leg Press 45°/Agachamento Inclinado,leg-press-45agachamento-inclinado,Leg Press,leg-press,Equipamentos - Série B,equipamentos-serie-b,,https://commanderbrasil.com.br/wp-content/uploads/2025/12/B1115-1-2.webp
B1003,Leg Press Horizontal,leg-press-horizontal,Leg Press,leg-press,Equipamentos - Série B,equipamentos-serie-b,,https://commanderbrasil.com.br/wp-content/uploads/2025/12/B1003-1-1.webp
CBS018,Leg Press Horizontal Multi,leg-press-horizontal-multi,Leg Press,leg-press,Equipamentos - Série CBS,equipamentos-serie-cbs,,https://commanderbrasil.com.br/wp-content/uploads/2025/12/CBS018-bgbranco-2.webp
SH24,Leg Press Horizontal Panturrilha Elevação,leg-press-horizontal-panturrilha-elevacao,Leg Press,leg-press,Equipamentos - Série SH,equipamentos-serie-sh,,https://commanderbrasil.com.br/wp-content/uploads/2025/12/SH24-bgbranco-2.webp
GM119,Leg Press Inclinado,leg-press-inclinado,Supino,supino,Equipamentos - Série GM,equipamentos-serie-gm,,https://commanderbrasil.com.br/wp-content/uploads/2025/12/GM119-bgbranco-2.webp
LB634,Leg Press Inclinado Anilhado,leg-press-inclinado-anilhado,Leg Press,leg-press,Equipamentos - Série LB,equipamentos-serie-lb,,https://commanderbrasil.com.br/wp-content/uploads/2025/12/LB634-bgbranco-2.webp
SH03,Leg Press ISO-Lateral,leg-press-iso-lateral,Leg Press,leg-press,Equipamentos - Série SH,equipamentos-serie-sh,,https://commanderbrasil.com.br/wp-content/uploads/2025/12/SH03-bgbranco-2.webp
CBP050,Leg Press Ponte,leg-press-ponte,Leg Press,leg-press,Equipamentos - Série CBP,equipamentos-serie-cbp,,https://commanderbrasil.com.br/wp-content/uploads/2025/12/CBP050-bgbranco-2.webp
CBP108,Leg Press Super,leg-press-super,Leg Press,leg-press,Equipamentos - Série CBP,equipamentos-serie-cbp,,https://commanderbrasil.com.br/wp-content/uploads/2025/12/CBP108-bgbranco-2.webp
SH89,Leg Press Vertical,leg-press-vertical,Leg Press,leg-press,Equipamentos - Série SH,equipamentos-serie-sh,,https://commanderbrasil.com.br/wp-content/uploads/2025/12/SH89-bgbranco.webp
CBP055,Leg Press Vertical,leg-press-vertical,Supino,supino,Equipamentos - Série CBP,equipamentos-serie-cbp,,https://commanderbrasil.com.br/wp-content/uploads/2025/12/CBP055-bgbranco-1.webp
QHSJ238,Luvas de Boxe,luvas-de-boxe,-,,Acessórios - QHSJ Agilidade,acessorios-qhsj-agilidade,,https://commanderbrasil.com.br/wp-content/uploads/2025/12/QH-SJ238-bgbranco.webp
F013,Luvas de Boxe,luvas-de-boxe,Acessórios de Treino,acessorios-de-treino,Acessórios - Série F,acessorios-serie-f,Luvas de Boxe - Código: F-013,https://commanderbrasil.com.br/wp-content/uploads/2025/12/F013-f-1.jpeg
QHSJ239,Luvas de Boxe Novas,luvas-de-boxe-novas,-,,Acessórios - QHSJ Agilidade,acessorios-qhsj-agilidade,,https://commanderbrasil.com.br/wp-content/uploads/2025/12/QH-SJ239-bgbranco.webp
XMJ008,Luvas de Treino Infantil,luvas-de-treino-infantil,Acessórios de Treino,acessorios-de-treino,Acessórios - Série XM-J,acessorios-serie-xm-j,Kids Training Gloves - Código: XM-J008,https://commanderbrasil.com.br/wp-content/uploads/2025/12/XM-J008-xm-j-1.jpeg
F012,Luvas Sem Dedos,luvas-sem-dedos,Acessórios de Treino,acessorios-de-treino,Acessórios - Série F,acessorios-serie-f,Luvas de Meio Dedo - Código: F-012,https://commanderbrasil.com.br/wp-content/uploads/2025/12/F012-f-1.jpeg
C010,Maça Sólida,maca-solida,Tapetes e Yoga,tapetes-e-yoga,Acessórios - Série C,acessorios-serie-c,Maça Sólida - Código: C-010,https://commanderbrasil.com.br/wp-content/uploads/2025/12/C-010-c-1.jpeg
QHSJ242,Manopla de Foco,manopla-de-foco,-,,Acessórios - QHSJ Agilidade,acessorios-qhsj-agilidade,,https://commanderbrasil.com.br/wp-content/uploads/2025/12/QH-SJ242-bgbranco.webp
VS24,Máquina Abdominal,maquina-abdominal,Máquinas Abdominais,maquinas-abdominais,Equipamentos - Série VS,equipamentos-serie-vs,,https://commanderbrasil.com.br/wp-content/uploads/2025/12/CMD-VS24-1.png
SH72,Máquina Abdominal,maquina-abdominal,Máquinas Abdominais,maquinas-abdominais,Equipamentos - Série SH,equipamentos-serie-sh,,https://commanderbrasil.com.br/wp-content/uploads/2025/12/SH72-bgbranco.webp
LB613,Máquina Abdominal,maquina-abdominal,Máquinas Abdominais,maquinas-abdominais,Equipamentos - Série LB,equipamentos-serie-lb,,https://commanderbrasil.com.br/wp-content/uploads/2025/12/LB613-bgbranco-2.webp
LBF22,Máquina Abdominal,maquina-abdominal,Outras Anilhadas,outras-anilhadas,Equipamentos - Série LB-F,equipamentos-serie-lb-f,,https://commanderbrasil.com.br/wp-content/uploads/2025/12/LB-F22-bgbranco-1.webp
CBP047,Máquina Abdominal Crunch,maquina-abdominal-crunch,Máquinas Abdominais,maquinas-abdominais,Equipamentos - Série CBP,equipamentos-serie-cbp,,https://commanderbrasil.com.br/wp-content/uploads/2025/12/CBP047-bgbranco-bgbranco-1.webp
B1019,Máquina Abdominal Isolada,maquina-abdominal-isolada,Máquinas Abdominais,maquinas-abdominais,Equipamentos - Série B,equipamentos-serie-b,,https://commanderbrasil.com.br/wp-content/uploads/2025/12/B1019-1-1.webp
CBP063,Máquina Abdominal para Core Total,maquina-abdominal-para-core-total,Máquinas Abdominais,maquinas-abdominais,Equipamentos - Série CBP,equipamentos-serie-cbp,,https://commanderbrasil.com.br/wp-content/uploads/2025/12/CBP063-bgbranco-2.webp
CBP112,Máquina Abdução de Coxa Vertical,maquina-abducao-de-coxa-vertical,Abdutora de Quadril,abdutora-de-quadril,Equipamentos - Série CBP,equipamentos-serie-cbp,,https://commanderbrasil.com.br/wp-content/uploads/2025/12/CBP112-bgbranco-2.webp
CBP105,Máquina Agachamento Força Super,maquina-agachamento-forca-super,Máquinas de Agachamento,maquinas-de-agachamento,Equipamentos - Série CBP,equipamentos-serie-cbp,,https://commanderbrasil.com.br/wp-content/uploads/2025/12/CBP105-bgbranco-2.webp
CBP106,Máquina Agachamento Pêndulo Super,maquina-agachamento-pendulo-super,Máquinas de Agachamento,maquinas-de-agachamento,Equipamentos - Série CBP,equipamentos-serie-cbp,,https://commanderbrasil.com.br/wp-content/uploads/2025/12/CBP106-bgbranco-2.webp
CBS062,Máquina Agachamento Super,maquina-agachamento-super,Máquinas de Agachamento,maquinas-de-agachamento,Equipamentos - Série CBS,equipamentos-serie-cbs,,https://commanderbrasil.com.br/wp-content/uploads/2025/12/CBS062-bgbranco-2.webp
CBP104,Máquina Agachamento Super,maquina-agachamento-super,Máquinas de Agachamento,maquinas-de-agachamento,Equipamentos - Série CBP,equipamentos-serie-cbp,,https://commanderbrasil.com.br/wp-content/uploads/2025/12/CBP104-bgbranco-2.webp
CBP095,Máquina Bíceps Alternado,maquina-biceps-alternado,Bíceps,biceps,Equipamentos - Série CBP,equipamentos-serie-cbp,,https://commanderbrasil.com.br/wp-content/uploads/2025/12/CBP095-bgbranco-2.webp
CBP096,Máquina Bíceps Sentado,maquina-biceps-sentado,Bíceps,biceps,Equipamentos - Série CBP,equipamentos-serie-cbp,,https://commanderbrasil.com.br/wp-content/uploads/2025/12/CBP096-bgbranco-2.webp
CBP110,Máquina Corrida para Força,maquina-corrida-para-forca,Outros Racks,outros-racks,Equipamentos - Série CBP,equipamentos-serie-cbp,,https://commanderbrasil.com.br/wp-content/uploads/2025/12/CBP110-bgbranco-2.webp
CBP054,Máquina De Agachamento,maquina-de-agachamento,Máquinas de Agachamento,maquinas-de-agachamento,Equipamentos - Série CBP,equipamentos-serie-cbp,,https://commanderbrasil.com.br/wp-content/uploads/2025/12/CBP054-bgbranco-2.webp
B1071,Máquina de Alongamento Assistido,maquina-de-alongamento-assistido,Mergulho e Barra Assistida,mergulho-e-barra-assistida,Equipamentos - Série B,equipamentos-serie-b,,https://commanderbrasil.com.br/wp-content/uploads/2025/12/B1071-1-2.webp
SH49,Máquina De Antebraço,maquina-de-antebraco,Outras Anilhadas,outras-anilhadas,Equipamentos - Série SH,equipamentos-serie-sh,,https://commanderbrasil.com.br/wp-content/uploads/2025/12/SH49-bgbranco-2.webp
CBP048,Máquina De Avanço E Agachamento,maquina-de-avanco-e-agachamento,Máquinas de Agachamento,maquinas-de-agachamento,Equipamentos - Série CBP,equipamentos-serie-cbp,,https://commanderbrasil.com.br/wp-content/uploads/2025/12/CBP048-bgbranco-bgbranco-1.webp
VS09,Máquina de Bíceps,maquina-de-biceps,Bíceps,biceps,Equipamentos - Série VS,equipamentos-serie-vs,,https://commanderbrasil.com.br/wp-content/uploads/2025/12/CMD-VS09-1.png
B1027,Máquina de Bíceps,maquina-de-biceps,Bíceps,biceps,Equipamentos - Série B,equipamentos-serie-b,,https://commanderbrasil.com.br/wp-content/uploads/2025/12/B1027-1-2.webp
GM104,Máquina de Bíceps,maquina-de-biceps,Bíceps,biceps,Equipamentos - Série GM,equipamentos-serie-gm,,https://commanderbrasil.com.br/wp-content/uploads/2025/12/GM104-bgbranco-2.webp
LB607,Máquina de Bíceps,maquina-de-biceps,Bíceps,biceps,Equipamentos - Série LB,equipamentos-serie-lb,,https://commanderbrasil.com.br/wp-content/uploads/2025/12/LB607-bgbranco-2.webp
B1030,Máquina de Bíceps Scott,maquina-de-biceps-scott,Bíceps,biceps,Equipamentos - Série B,equipamentos-serie-b,,https://commanderbrasil.com.br/wp-content/uploads/2025/12/B1030-1-2.webp
CBP058,Máquina De Elevação de Quadril,maquina-de-elevacao-de-quadril,Quadril e Glúteos,quadril-e-gluteos,Equipamentos - Série CBP,equipamentos-serie-cbp,,https://commanderbrasil.com.br/wp-content/uploads/2025/12/CBP058-bgbranco-2.webp
LBE08,Máquina de Escada,maquina-de-escada,Acessórios de Treino,acessorios-de-treino,Equipamentos - Série LB-E,equipamentos-serie-lb-e,,https://commanderbrasil.com.br/wp-content/uploads/2025/12/LB-E08-bgbranco-1.webp
SH95,Máquina De Glúteo,maquina-de-gluteo,Quadril e Glúteos,quadril-e-gluteos,Equipamentos - Série SH,equipamentos-serie-sh,,https://commanderbrasil.com.br/wp-content/uploads/2025/12/SH95-bgbranco-2.webp
SH82,Máquina De Glúteo E Quadril,maquina-de-gluteo-e-quadril,Quadril e Glúteos,quadril-e-gluteos,Equipamentos - Série SH,equipamentos-serie-sh,,https://commanderbrasil.com.br/wp-content/uploads/2025/12/SH82-bgbranco-2.webp
LBE31,Máquina de Pneu,maquina-de-pneu,Outros Cardio,outros-cardio,Equipamentos - Série LB-E,equipamentos-serie-lb-e,,https://commanderbrasil.com.br/wp-content/uploads/2025/12/LB-E31-bgbranco-1.webp
SH112,Máquina De Puxada Alta,maquina-de-puxada-alta,Puxada Alta,puxada-alta,Equipamentos - Série SH,equipamentos-serie-sh,,https://commanderbrasil.com.br/wp-content/uploads/2025/12/SH112-bgbranco-2.webp
CBP045,Máquina De Remada,maquina-de-remada,Remadas,remadas,Equipamentos - Série CBP,equipamentos-serie-cbp,,https://commanderbrasil.com.br/wp-content/uploads/2025/12/CBP045-bgbranco-bgbranco-1.webp
CBP032,Máquina De Rosca de Bíceps,maquina-de-rosca-de-biceps,Bíceps,biceps,Equipamentos - Série CBP,equipamentos-serie-cbp,,https://commanderbrasil.com.br/wp-content/uploads/2025/12/CBP032-bgbranco-bgbranco-1.webp
SH35,Máquina De Tração,maquina-de-tracao,Outras Anilhadas,outras-anilhadas,Equipamentos - Série SH,equipamentos-serie-sh,,https://commanderbrasil.com.br/wp-content/uploads/2025/12/SH35-bgbranco-2.webp
VS08,Máquina de Tríceps,maquina-de-triceps,Tríceps,triceps,Equipamentos - Série VS,equipamentos-serie-vs,,https://commanderbrasil.com.br/wp-content/uploads/2025/12/CMD-VS08-1.png
CBP033,Máquina De Tríceps,maquina-de-triceps,Tríceps,triceps,Equipamentos - Série CBP,equipamentos-serie-cbp,,https://commanderbrasil.com.br/wp-content/uploads/2025/12/CBP033-bgbranco-bgbranco-1.webp
B1026,Máquina de Tríceps,maquina-de-triceps,Tríceps,triceps,Equipamentos - Série B,equipamentos-serie-b,,https://commanderbrasil.com.br/wp-content/uploads/2025/12/B1026-1-2.webp
GM47,Máquina de Tríceps,maquina-de-triceps,Tríceps,triceps,Equipamentos - Série GM,equipamentos-serie-gm,,https://commanderbrasil.com.br/wp-content/uploads/2025/12/GM47-bgbranco-2.webp
B1028,Máquina de Tríceps Scott,maquina-de-triceps-scott,Tríceps,triceps,Equipamentos - Série B,equipamentos-serie-b,,https://commanderbrasil.com.br/wp-content/uploads/2025/12/B1028-1-2.webp
GM103,Máquina de Tríceps Sentado,maquina-de-triceps-sentado,Tríceps,triceps,Equipamentos - Série GM,equipamentos-serie-gm,,https://commanderbrasil.com.br/wp-content/uploads/2025/12/GM103-bgbranco-2.webp
CBP017,Máquina de Voador Inclinado,maquina-de-voador-inclinado,Voador e Deltoide Posterior,voador-e-deltoide-posterior,Equipamentos - Série CBP,equipamentos-serie-cbp,,https://commanderbrasil.com.br/wp-content/uploads/2025/12/CBP017-bgbranco-bgbranco-1.webp
CBP111,Máquina Elevação de Quadril,maquina-elevacao-de-quadril,Quadril e Glúteos,quadril-e-gluteos,Equipamentos - Série CBP,equipamentos-serie-cbp,,https://commanderbrasil.com.br/wp-content/uploads/2025/12/CBP111-bgbranco-2.webp
CBP121,Máquina Em Pé para Panturrilha Elevação,maquina-em-pe-para-panturrilha-elevacao,Máquinas de Panturrilha,maquinas-de-panturrilha,Equipamentos - Série CBP,equipamentos-serie-cbp,,https://commanderbrasil.com.br/wp-content/uploads/2025/12/CBP121-bgbranco-2.webp
LBE08A,Máquina Escada,maquina-escada,Outros Cardio,outros-cardio,Equipamentos - Série LB-E,equipamentos-serie-lb-e,,https://commanderbrasil.com.br/wp-content/uploads/2025/12/LB-E08A-bgbranco-1.webp
CBP114,Máquina Extensão Pernas,maquina-extensao-pernas,Extensora de Pernas,extensora-de-pernas,Equipamentos - Série CBP,equipamentos-serie-cbp,,https://commanderbrasil.com.br/wp-content/uploads/2025/12/CBP114-bgbranco-2.webp
CBP113,Máquina Extensão Pernas Alternada,maquina-extensao-pernas-alternada,Extensora de Pernas,extensora-de-pernas,Equipamentos - Série CBP,equipamentos-serie-cbp,,https://commanderbrasil.com.br/wp-content/uploads/2025/12/CBP113-bgbranco-2.webp
CBP056,Máquina Extensora De Pernas,maquina-extensora-de-pernas,Extensora de Pernas,extensora-de-pernas,Equipamentos - Série CBP,equipamentos-serie-cbp,,https://commanderbrasil.com.br/wp-content/uploads/2025/12/CBP056-bgbranco-1.webp
CBP118,Máquina Flexão Pernas Ajoelhado,maquina-flexao-pernas-ajoelhado,Flexora de Pernas,flexora-de-pernas,Equipamentos - Série CBP,equipamentos-serie-cbp,,https://commanderbrasil.com.br/wp-content/uploads/2025/12/CBP118-bgbranco-2.webp
CBP115,Máquina Flexão Pernas Alternada,maquina-flexao-pernas-alternada,Flexora de Pernas,flexora-de-pernas,Equipamentos - Série CBP,equipamentos-serie-cbp,,https://commanderbrasil.com.br/wp-content/uploads/2025/12/CBP115-bgbranco-2.webp
CBP116,Máquina Flexão Pernas Deitada,maquina-flexao-pernas-deitada,Flexora de Pernas,flexora-de-pernas,Equipamentos - Série CBP,equipamentos-serie-cbp,,https://commanderbrasil.com.br/wp-content/uploads/2025/12/CBP116-bgbranco-2.webp
CBP117,Máquina Flexão Pernas Sentado,maquina-flexao-pernas-sentado,Flexora de Pernas,flexora-de-pernas,Equipamentos - Série CBP,equipamentos-serie-cbp,,https://commanderbrasil.com.br/wp-content/uploads/2025/12/CBP117-bgbranco-2.webp
CBP057,Máquina Flexora de Pernas,maquina-flexora-de-pernas,Flexora de Pernas,flexora-de-pernas,Equipamentos - Série CBP,equipamentos-serie-cbp,,https://commanderbrasil.com.br/wp-content/uploads/2025/12/CBP057-bgbranco-2.webp
SH96,Máquina Hack,maquina-hack,Outras Anilhadas,outras-anilhadas,Equipamentos - Série SH,equipamentos-serie-sh,,https://commanderbrasil.com.br/wp-content/uploads/2025/12/SH96-bgbranco-2.webp
CBP049,Máquina Hack De Panturrilha Elevação,maquina-hack-de-panturrilha-elevacao,Máquinas de Panturrilha,maquinas-de-panturrilha,Equipamentos - Série CBP,equipamentos-serie-cbp,,https://commanderbrasil.com.br/wp-content/uploads/2025/12/CBP049-bgbranco-2.webp
CBP097,Máquina Multiestação para Bíceps,maquina-multiestacao-para-biceps,Bíceps,biceps,Equipamentos - Série CBP,equipamentos-serie-cbp,,https://commanderbrasil.com.br/wp-content/uploads/2025/12/CBP097-bgbranco-2.webp
CBP109,Máquina para Panturrilha Elevação Super,maquina-para-panturrilha-elevacao-super,Máquinas de Panturrilha,maquinas-de-panturrilha,Equipamentos - Série CBP,equipamentos-serie-cbp,,https://commanderbrasil.com.br/wp-content/uploads/2025/12/CBP109-bgbranco-2.webp
SH36,Máquina Para Pegada / Antebraço,maquina-para-pegada-antebraco,Outras Anilhadas,outras-anilhadas,Equipamentos - Série SH,equipamentos-serie-sh,,https://commanderbrasil.com.br/wp-content/uploads/2025/12/SH36-bgbranco-2.webp
SH63,Máquina Para Pescoço 4 Direções,maquina-para-pescoco-4-direcoes,Outras Anilhadas,outras-anilhadas,Equipamentos - Série SH,equipamentos-serie-sh,,https://commanderbrasil.com.br/wp-content/uploads/2025/12/SH63-bgbranco-2.webp
SH41,Máquina Para Tíbia,maquina-para-tibia,Outras Anilhadas,outras-anilhadas,Equipamentos - Série SH,equipamentos-serie-sh,,https://commanderbrasil.com.br/wp-content/uploads/2025/12/SH41-bgbranco-2.webp
CBS052,Máquina Remada,maquina-remada,Remadas,remadas,Equipamentos - Série CBS,equipamentos-serie-cbs,,https://commanderbrasil.com.br/wp-content/uploads/2025/12/CBS052-bgbranco-2.webp
CBS058,Máquina Rosca Alternada,maquina-rosca-alternada,Bíceps,biceps,Equipamentos - Série CBS,equipamentos-serie-cbs,,https://commanderbrasil.com.br/wp-content/uploads/2025/12/CBS058-bgbranco-2.webp
CBP120,Máquina Sentada para Panturrilha Super,maquina-sentada-para-panturrilha-super,Máquinas de Panturrilha,maquinas-de-panturrilha,Equipamentos - Série CBP,equipamentos-serie-cbp,,https://commanderbrasil.com.br/wp-content/uploads/2025/12/CBP120-bgbranco-2.webp
GM74,Máquina Smith,maquina-smith,Máquinas Smith,maquinas-smith,Equipamentos - Série GM,equipamentos-serie-gm,,https://commanderbrasil.com.br/wp-content/uploads/2025/12/GM74-bgbranco-2.webp
GM80,Máquina Smith,maquina-smith,Máquinas Smith,maquinas-smith,Equipamentos - Série GM,equipamentos-serie-gm,,https://commanderbrasil.com.br/wp-content/uploads/2025/12/GM80-bgbranco-2.webp
CBP124,Máquina Smith,maquina-smith,Máquinas Smith,maquinas-smith,Equipamentos - Série CBP,equipamentos-serie-cbp,,https://commanderbrasil.com.br/wp-content/uploads/2025/12/CBP124-bgbranco-2.webp
LB638,Máquina Smith,maquina-smith,Máquinas Smith,maquinas-smith,Equipamentos - Série LB,equipamentos-serie-lb,,https://commanderbrasil.com.br/wp-content/uploads/2025/12/LB638-bgbranco-2.webp
GM92,Máquina Smith,maquina-smith,Máquinas Smith,maquinas-smith,Equipamentos - Série GM,equipamentos-serie-gm,,https://commanderbrasil.com.br/wp-content/uploads/2025/12/GM92-bgbranco-2.webp
SH09,Máquina Smith,maquina-smith,Outras Anilhadas,outras-anilhadas,Equipamentos - Série SH,equipamentos-serie-sh,,https://commanderbrasil.com.br/wp-content/uploads/2025/12/SH09-bgbranco-2.webp
CBP027,Máquina Smith de Força Sistema Duplo,maquina-smith-de-forca-sistema-duplo,Máquinas Smith,maquinas-smith,Equipamentos - Série CBP,equipamentos-serie-cbp,,https://commanderbrasil.com.br/wp-content/uploads/2025/12/CBP027-bgbranco-bgbranco-1.webp
CBP028,Máquina Smith de Força Sistema Duplo Superior,maquina-smith-de-forca-sistema-duplo-superior,Máquinas Smith,maquinas-smith,Equipamentos - Série CBP,equipamentos-serie-cbp,,https://commanderbrasil.com.br/wp-content/uploads/2025/12/CBP028-bgbranco-bgbranco-1.webp
CBP004,Máquina Smith Hp Base,maquina-smith-hp-base,Máquinas Smith,maquinas-smith,Equipamentos - Série CBP,equipamentos-serie-cbp,,https://commanderbrasil.com.br/wp-content/uploads/2025/12/CBP004-bgbranco-2.webp
CBP005,Máquina Smith Hp Completa,maquina-smith-hp-completa,Máquinas Smith,maquinas-smith,Equipamentos - Série CBP,equipamentos-serie-cbp,,https://commanderbrasil.com.br/wp-content/uploads/2025/12/CBP005-bgbranco-2.webp
CBP094,Máquina Tríceps,maquina-triceps,Tríceps,triceps,Equipamentos - Série CBP,equipamentos-serie-cbp,,https://commanderbrasil.com.br/wp-content/uploads/2025/12/CBP094-bgbranco-2.webp
CBP093,Máquina Tríceps Alternado,maquina-triceps-alternado,Tríceps,triceps,Equipamentos - Série CBP,equipamentos-serie-cbp,,https://commanderbrasil.com.br/wp-content/uploads/2025/12/CBP093-bgbranco-2.webp
CBP123,Máquina Viking para Ombros e Panturrilha Elevação,maquina-viking-para-ombros-e-panturrilha-elevacao,Máquinas de Panturrilha,maquinas-de-panturrilha,Equipamentos - Série CBP,equipamentos-serie-cbp,,https://commanderbrasil.com.br/wp-content/uploads/2025/12/CBP123-bgbranco-2.webp
QHSJ223,Marreta,marreta,-,,Acessórios - QHSJ Treino,acessorios-qhsj-treino,,https://commanderbrasil.com.br/wp-content/uploads/2025/12/QH-SJ223-bgbranco.webp
E022,Martelo 6kg,martelo-6kg,Acessórios de Treino,acessorios-de-treino,Acessórios - Série E,acessorios-serie-e,Martelo 6kg - Código: E-022,https://commanderbrasil.com.br/wp-content/uploads/2025/12/E022-e-1.jpeg
C063,Massageador Beast Ball,massageador-beast-ball,Acessórios de Treino,acessorios-de-treino,Acessórios - Série C,acessorios-serie-c,Massageador Beast Ball - Código: C-063,https://commanderbrasil.com.br/wp-content/uploads/2025/12/C-063-c-2.jpeg
QHSJ185,Medicine Ball / Bola de Palma,medicine-ball-bola-de-palma,Medicine Balls,medicine-balls,Acessórios - QHSJ Treino,acessorios-qhsj-treino,,https://commanderbrasil.com.br/wp-content/uploads/2025/12/QHSJ185-bgbranco.webp
D001,Medicine Ball 1kg,medicine-ball-1kg,Medicine Balls,medicine-balls,Acessórios - Série D,acessorios-serie-d,Medicine Ball 1kg - Código: D-001,https://commanderbrasil.com.br/wp-content/uploads/2025/12/D001-d-2.jpeg
D002,Medicine Ball com Alças 3kg,medicine-ball-com-alcas-3kg,Medicine Balls,medicine-balls,Acessórios - Série D,acessorios-serie-d,Medicine Ball com Alças 3kg - Código: D-002,https://commanderbrasil.com.br/wp-content/uploads/2025/12/D002-d-2.jpeg
QHSJ186,Medicine Ball com Alças Duplas,medicine-ball-com-alcas-duplas,Medicine Balls,medicine-balls,Acessórios - QHSJ Treino,acessorios-qhsj-treino,,https://commanderbrasil.com.br/wp-content/uploads/2025/12/QHSJ186-bgbranco.webp
QHSJ169,Meia Bola com Pontas,meia-bola-com-pontas,Medicine Balls,medicine-balls,Acessórios - QHSJ Yoga,acessorios-qhsj-yoga,,https://commanderbrasil.com.br/wp-content/uploads/2025/12/QH-SJ169-bgbranco.webp
C029,Meio Espuma Rolo 45cm,meio-espuma-rolo-45cm,Rolos de Espuma,rolos-de-espuma,Acessórios - Série C,acessorios-serie-c,Meio Foam Roller 45cm - Código: C-029,https://commanderbrasil.com.br/wp-content/uploads/2025/12/C-029-c-2.jpeg
C028,Meio Espuma Rolo 60cm,meio-espuma-rolo-60cm,Rolos de Espuma,rolos-de-espuma,Acessórios - Série C,acessorios-serie-c,Meio Foam Roller 60cm - Código: C-028,https://commanderbrasil.com.br/wp-content/uploads/2025/12/C-028-c-2.jpeg
C027,Meio Espuma Rolo 90cm,meio-espuma-rolo-90cm,Rolos de Espuma,rolos-de-espuma,Acessórios - Série C,acessorios-serie-c,Meio Foam Roller 90cm - Código: C-027,https://commanderbrasil.com.br/wp-content/uploads/2025/12/C-027-c-2.jpeg
CBP002,Meio Suporte Completo,meio-suporte-completo,Outros Racks,outros-racks,Equipamentos - Série CBP,equipamentos-serie-cbp,,https://commanderbrasil.com.br/wp-content/uploads/2025/12/CBP002-bgbranco-2.webp
CBS063,Mergulho Supino Duplo Sistema,mergulho-supino-duplo-sistema,Supino,supino,Equipamentos - Série CBS,equipamentos-serie-cbs,,https://commanderbrasil.com.br/wp-content/uploads/2025/12/CBS063-bgbranco-2.webp
QHSJ184,Mesa de Massagem,mesa-de-massagem,-,,Acessórios - QHSJ Yoga,acessorios-qhsj-yoga,,https://commanderbrasil.com.br/wp-content/uploads/2025/12/QH-SJ184-bgbranco.webp
C076,Mesa de Massagem Alumínio,mesa-de-massagem-aluminio,Acessórios de Treino,acessorios-de-treino,Acessórios - Série C,acessorios-serie-c,Massage Table de Alumínio - Código: C-076,https://commanderbrasil.com.br/wp-content/uploads/2025/12/C-076-c-2.jpeg
C074,Mesa de Massagem Básica,mesa-de-massagem-basica,Acessórios de Treino,acessorios-de-treino,Acessórios - Série C,acessorios-serie-c,Basic Massage Table - Código: C-074,https://commanderbrasil.com.br/wp-content/uploads/2025/12/C-074-c-2.jpeg
C075,Mesa de Massagem Premium,mesa-de-massagem-premium,Acessórios de Treino,acessorios-de-treino,Acessórios - Série C,acessorios-serie-c,Massage Table Premium - Código: C-075,https://commanderbrasil.com.br/wp-content/uploads/2025/12/C-075-c-2.jpeg
LB608,Mesa Extensora de Pernas,mesa-extensora-de-pernas,Extensora de Pernas,extensora-de-pernas,Equipamentos - Série LB,equipamentos-serie-lb,,https://commanderbrasil.com.br/wp-content/uploads/2025/12/LB608-bgbranco-2.webp
VS25,Mesa Flexora,mesa-flexora,Flexora de Pernas,flexora-de-pernas,Equipamentos - Série VS,equipamentos-serie-vs,,
B1001,Mesa Flexora,mesa-flexora,Flexora de Pernas,flexora-de-pernas,Equipamentos - Série B,equipamentos-serie-b,,https://commanderbrasil.com.br/wp-content/uploads/2025/12/b1001-1-1.webp
PM11,Mesa Flexora,mesa-flexora,Flexora de Pernas,flexora-de-pernas,Equipamentos - Série PM,equipamentos-serie-pm,,https://commanderbrasil.com.br/wp-content/uploads/2025/12/PM11-bgbranco.webp
GM54,Mesa Flexora,mesa-flexora,Flexora de Pernas,flexora-de-pernas,Equipamentos - Série GM,equipamentos-serie-gm,,https://commanderbrasil.com.br/wp-content/uploads/2025/12/GM54-bgbranco-2.webp
LBF15,Mesa Flexora,mesa-flexora,Extensora e Flexora,extensora-e-flexora,Equipamentos - Série LB-F,equipamentos-serie-lb-f,,https://commanderbrasil.com.br/wp-content/uploads/2025/12/LB-F15-bgbranco-2.webp
SH66,Mesa Flexora Em Pé ISO-Lateral,mesa-flexora-em-pe-iso-lateral,Extensora e Flexora,extensora-e-flexora,Equipamentos - Série SH,equipamentos-serie-sh,,https://commanderbrasil.com.br/wp-content/uploads/2025/12/SH66-bgbranco-2.webp
SH18,Mesa Flexora ISO-Lateral,mesa-flexora-iso-lateral,Extensora e Flexora,extensora-e-flexora,Equipamentos - Série SH,equipamentos-serie-sh,,https://commanderbrasil.com.br/wp-content/uploads/2025/12/SH18-bgbranco-2.webp
SH98,Mesa Flexora Sentado,mesa-flexora-sentado,Extensora e Flexora,extensora-e-flexora,Equipamentos - Série SH,equipamentos-serie-sh,,https://commanderbrasil.com.br/wp-content/uploads/2025/12/SH98-bgbranco-2.webp
E027,Mini Anel Elástico - Kit 4 Peças,mini-anel-elastico-kit-4-pecas,Acessórios de Treino,acessorios-de-treino,Acessórios - Série E,acessorios-serie-e,Mini Anel Elástico - Kit 4 Peças - Código: E-027,https://commanderbrasil.com.br/wp-content/uploads/2025/12/E027-e-1.jpeg
C043,Mini Anel Elástico - Kit 5,mini-anel-elastico-kit-5,Acessórios de Treino,acessorios-de-treino,Acessórios - Série C,acessorios-serie-c,Mini Anel Elástico - Kit de 5 - Código: C-043,https://commanderbrasil.com.br/wp-content/uploads/2025/12/C-043-c-2.jpeg
C057,Mini Bola Pilates,mini-bola-pilates,Acessórios de Treino,acessorios-de-treino,Acessórios - Série C,acessorios-serie-c,Mini Bola de Pilates - Código: C-057,https://commanderbrasil.com.br/wp-content/uploads/2025/12/C-057-c-2.jpeg
QHSJ178,Mini Faixa Loop,mini-faixa-loop,Faixas de Resistência,faixas-de-resistencia,Acessórios - QHSJ Yoga,acessorios-qhsj-yoga,,https://commanderbrasil.com.br/wp-content/uploads/2025/12/QH-SJ178-bgbranco.webp
SH38,Olímpico Banco com Suporte de Anilhas,olimpico-banco-com-suporte-de-anilhas,Armazenamento de Anilhas,armazenamento-de-anilhas,Equipamentos - Série SH,equipamentos-serie-sh,,https://commanderbrasil.com.br/wp-content/uploads/2025/12/SH38-bgbranco-2.webp
E005,Pacote Energia 5kg,pacote-energia-5kg,Acessórios de Treino,acessorios-de-treino,Acessórios - Série E,acessorios-serie-e,Pacote de Energia 5kg - Código: E-005,https://commanderbrasil.com.br/wp-content/uploads/2025/12/E005-e-2.jpeg
CBP060,Panturrilha Elevação Donkey,panturrilha-elevacao-donkey,Máquinas de Panturrilha,maquinas-de-panturrilha,Equipamentos - Série CBP,equipamentos-serie-cbp,,https://commanderbrasil.com.br/wp-content/uploads/2025/12/CBP060-bgbranco-2.webp
D945,Panturrilha Elevação Inclinado,panturrilha-elevacao-inclinado,Máquinas de Panturrilha,maquinas-de-panturrilha,Equipamentos - Série D,equipamentos-serie-d,,https://commanderbrasil.com.br/wp-content/uploads/2025/12/CMD-D945-cmd-d-series-2.png
SH80,Panturrilha em Pé,panturrilha-em-pe,Máquinas de Panturrilha,maquinas-de-panturrilha,Equipamentos - Série SH,equipamentos-serie-sh,,https://commanderbrasil.com.br/wp-content/uploads/2025/12/SH80-bgbranco-2.webp
GM102,Panturrilha em Pé,panturrilha-em-pe,Máquinas de Panturrilha,maquinas-de-panturrilha,Equipamentos - Série GM,equipamentos-serie-gm,,https://commanderbrasil.com.br/wp-content/uploads/2025/12/GM102-bgbranco-2.webp
LBF18,Panturrilha em Pé,panturrilha-em-pe,Máquinas de Panturrilha,maquinas-de-panturrilha,Equipamentos - Série LB-F,equipamentos-serie-lb-f,,https://commanderbrasil.com.br/wp-content/uploads/2025/12/LB-F18-bgbranco-2.webp
SH102,Panturrilha Sentado,panturrilha-sentado,Máquinas de Panturrilha,maquinas-de-panturrilha,Equipamentos - Série SH,equipamentos-serie-sh,,https://commanderbrasil.com.br/wp-content/uploads/2025/12/SH102-bgbranco-2.webp
CBP059,Panturrilha Sentado,panturrilha-sentado,Máquinas de Panturrilha,maquinas-de-panturrilha,Equipamentos - Série CBP,equipamentos-serie-cbp,,https://commanderbrasil.com.br/wp-content/uploads/2025/12/CBP059-bgbranco-2.webp
LB609,Panturrilha Sentado,panturrilha-sentado,Máquinas de Panturrilha,maquinas-de-panturrilha,Equipamentos - Série LB,equipamentos-serie-lb,,https://commanderbrasil.com.br/wp-content/uploads/2025/12/LB609-bgbranco-2.webp
LBF19,Panturrilha Sentado,panturrilha-sentado,Máquinas de Panturrilha,maquinas-de-panturrilha,Equipamentos - Série LB-F,equipamentos-serie-lb-f,,https://commanderbrasil.com.br/wp-content/uploads/2025/12/LB-F19-bgbranco-1.webp
SH23,Panturrilha Sentado,panturrilha-sentado,Máquinas de Panturrilha,maquinas-de-panturrilha,Equipamentos - Série SH,equipamentos-serie-sh,,https://commanderbrasil.com.br/wp-content/uploads/2025/12/SH23-bgbranco-2.webp
LB631,Panturrilha Sentado Anilhada,panturrilha-sentado-anilhada,Máquinas de Panturrilha,maquinas-de-panturrilha,Equipamentos - Série LB,equipamentos-serie-lb,,https://commanderbrasil.com.br/wp-content/uploads/2025/12/LB631-bgbranco-2.webp
B1062,Panturrilha Sentado Máquina,panturrilha-sentado-maquina,Máquinas de Panturrilha,maquinas-de-panturrilha,Equipamentos - Série B,equipamentos-serie-b,,https://commanderbrasil.com.br/wp-content/uploads/2025/12/B1062-bgbranco-1.webp
CBP018,Parallels Com Sistema Duplo,parallels-com-sistema-duplo,Voador e Deltoide Posterior,voador-e-deltoide-posterior,Equipamentos - Série CBP,equipamentos-serie-cbp,,https://commanderbrasil.com.br/wp-content/uploads/2025/12/CBP018-bgbranco-bgbranco-1.webp
E008,Paraquedas Arraste Tamanho M,paraquedas-arraste-tamanho-m,Acessórios de Treino,acessorios-de-treino,Acessórios - Série E,acessorios-serie-e,Paraquedas de Arraste Tamanho M - Código: E-008,https://commanderbrasil.com.br/wp-content/uploads/2025/12/E008-e-2.jpeg
QHSJ215,Paraquedas de Velocidade,paraquedas-de-velocidade,-,,Acessórios - QHSJ Treino,acessorios-qhsj-treino,,https://commanderbrasil.com.br/wp-content/uploads/2025/12/QH-SJ215-bgbranco.webp
CBP090,Peck Deck Sentado,peck-deck-sentado,Voador e Deltoide Posterior,voador-e-deltoide-posterior,Equipamentos - Série CBP,equipamentos-serie-cbp,,https://commanderbrasil.com.br/wp-content/uploads/2025/12/CBP090-bgbranco.webp
F052,Pedais Ajustáveis Largos,pedais-ajustaveis-largos,Acessórios de Treino,acessorios-de-treino,Acessórios - Série F,acessorios-serie-f,Pedais Ajustáveis Grandes - Código: F-052,https://commanderbrasil.com.br/wp-content/uploads/2025/12/F052-f-1.jpeg
LBF03,Peitoral Voador,peitoral-voador,Supino,supino,Equipamentos - Série LB-F,equipamentos-serie-lb-f,,https://commanderbrasil.com.br/wp-content/uploads/2025/12/LB-F03-bgbranco-2.webp
LBF02,Peitoral Voador Duplo,peitoral-voador-duplo,Supino,supino,Equipamentos - Série LB-F,equipamentos-serie-lb-f,,https://commanderbrasil.com.br/wp-content/uploads/2025/12/LB-F02-bgbranco-2.webp
XMH002,Piso Borracha Composto 15mm 500x500mm,piso-borracha-composto-15mm-500x500mm,Acessórios de Treino,acessorios-de-treino,Acessórios - Série XM-H,acessorios-serie-xm-h,Piso de Borracha Composto 15mm 500x500mm - Código: XM-H002,https://commanderbrasil.com.br/wp-content/uploads/2025/12/XM-H002-xm-1.jpeg
XMH001,Piso Borracha Comum 15mm 500x500mm,piso-borracha-comum-15mm-500x500mm,Acessórios de Treino,acessorios-de-treino,Acessórios - Série XM-H,acessorios-serie-xm-h,Piso de Borracha Comum 15mm 500x500mm - Código: XM-H001,https://commanderbrasil.com.br/wp-content/uploads/2025/12/XM-H001-xm-1.jpeg
XMH006,Piso em Rolo Padrão Diamante 3.5mm,piso-em-rolo-padrao-diamante-35mm,Acessórios de Treino,acessorios-de-treino,Acessórios - Série XM-H,acessorios-serie-xm-h,Rolo de Piso Padrão Gemas 3.5mm - Código: XM-H006,https://commanderbrasil.com.br/wp-content/uploads/2025/12/XM-H006-xm-1.jpeg
XMH007,Piso em Rolo Textura Reta 3.5mm,piso-em-rolo-textura-reta-35mm,Acessórios de Treino,acessorios-de-treino,Acessórios - Série XM-H,acessorios-serie-xm-h,Rolo de Piso Textura Plana 3.5mm - Código: XM-H007,https://commanderbrasil.com.br/wp-content/uploads/2025/12/XM-H007-xm-1.jpeg
XMH008,Piso Multifuncional 2.0mm,piso-multifuncional-20mm,Acessórios de Treino,acessorios-de-treino,Acessórios - Série XM-H,acessorios-serie-xm-h,Piso Multifunctional 2.0mm - Código: XM-H008,https://commanderbrasil.com.br/wp-content/uploads/2025/12/XM-H008-xm-1.jpeg
D044,Pistola de Massagem Fascial,pistola-de-massagem-fascial,Acessórios de Treino,acessorios-de-treino,Acessórios - Série D,acessorios-serie-d,Pistola de Massagem Fascial - Código: D-044,https://commanderbrasil.com.br/wp-content/uploads/2025/12/D044-d-2.jpeg
C086,Pistola de Massagem para Tendões,pistola-de-massagem-para-tendoes,Acessórios de Treino,acessorios-de-treino,Acessórios - Série C,acessorios-serie-c,Pistola de Massagem para Tendões - Código: C-086,https://commanderbrasil.com.br/wp-content/uploads/2025/12/C-086-c-2.jpeg
C072,Placa Aço para Alongamento,placa-aco-para-alongamento,Mergulho e Barra Assistida,mergulho-e-barra-assistida,Acessórios - Série C,acessorios-serie-c,Placa de Aço para Alongamento - Código: C-072,https://commanderbrasil.com.br/wp-content/uploads/2025/12/C-072-c-2.jpeg
XMH003,Placa de Aço Padrão 3mm,placa-de-aco-padrao-3mm,Acessórios de Treino,acessorios-de-treino,Acessórios - Série XM-H,acessorios-serie-xm-h,Placa de Aço Padrão 3mm - Código: XM-H003,https://commanderbrasil.com.br/wp-content/uploads/2025/12/XM-H003-xm-1.jpeg
CBP007,Plataforma de Força,plataforma-de-forca,Outros Racks,outros-racks,Equipamentos - Série CBP,equipamentos-serie-cbp,,https://commanderbrasil.com.br/wp-content/uploads/2025/12/CBP007-bgbranco-2.webp
QHSJ101,Plataforma de Levantamento,plataforma-de-levantamento,Puxada Alta,puxada-alta,Acessórios - QHSJ Barras,acessorios-qhsj-barras,,https://commanderbrasil.com.br/wp-content/uploads/2025/12/QHSJ101-bgbranco.webp
QHSJ250,Plataforma Step,plataforma-step,Puxada Alta,puxada-alta,Acessórios - QHSJ Agilidade,acessorios-qhsj-agilidade,,https://commanderbrasil.com.br/wp-content/uploads/2025/12/QH-SJ250-bgbranco.webp
QHSJ191,Plataforma Step 4 Níveis,plataforma-step-4-niveis,Puxada Alta,puxada-alta,Acessórios - QHSJ Treino,acessorios-qhsj-treino,,https://commanderbrasil.com.br/wp-content/uploads/2025/12/QH-SJ191-bgbranco.webp
QHSJ224,Pneu,pneu,-,,Acessórios - QHSJ Treino,acessorios-qhsj-treino,,https://commanderbrasil.com.br/wp-content/uploads/2025/12/QH-SJ224-bgbranco.webp
E017,Pneu 120kg,pneu-120kg,Acessórios de Treino,acessorios-de-treino,Acessórios - Série E,acessorios-serie-e,Pneu 120kg - Código: E-017,https://commanderbrasil.com.br/wp-content/uploads/2025/12/E017-e-2.jpeg
E016,Pneu 80kg,pneu-80kg,Acessórios de Treino,acessorios-de-treino,Acessórios - Série E,acessorios-serie-e,Pneu 80kg - Código: E-016,https://commanderbrasil.com.br/wp-content/uploads/2025/12/E016-e-2.jpeg
A075,Pneu de Treinamento,pneu-de-treinamento,-,,Acessórios - Série A,acessorios-serie-a,Preço por kg (USD),https://commanderbrasil.com.br/wp-content/uploads/2025/12/A075-bgbranco-v2.webp
QHSJ75,Pneu de Treino,pneu-de-treino,-,,Acessórios - QHSJ Pesos,acessorios-qhsj-pesos,,https://commanderbrasil.com.br/wp-content/uploads/2025/12/QHSJ75-bgbranco.webp
E019,Pneu PU 40kg,pneu-pu-40kg,Acessórios de Treino,acessorios-de-treino,Acessórios - Série E,acessorios-serie-e,Pneu PU 40kg - Código: E-019,https://commanderbrasil.com.br/wp-content/uploads/2025/12/E019-e-1.jpeg
E020,Pneu PU 60kg,pneu-pu-60kg,Acessórios de Treino,acessorios-de-treino,Acessórios - Série E,acessorios-serie-e,Pneu PU 60kg - Código: E-020,https://commanderbrasil.com.br/wp-content/uploads/2025/12/E020-e-1.jpeg
E021,Pneu PU 80kg,pneu-pu-80kg,Acessórios de Treino,acessorios-de-treino,Acessórios - Série E,acessorios-serie-e,Pneu PU 80kg - Código: E-021,https://commanderbrasil.com.br/wp-content/uploads/2025/12/E021-e-1.jpeg
E018,Pneus de Rolamento,pneus-de-rolamento,Acessórios de Treino,acessorios-de-treino,Acessórios - Série E,acessorios-serie-e,Pneus Rolantes - Código: E-018,https://commanderbrasil.com.br/wp-content/uploads/2025/12/E018-e-2.jpeg
B1048B,Power Cage,power-cage,Power Cages,power-cages,Equipamentos - Série B,equipamentos-serie-b,,
B1048,Power Rack,power-rack,Power Racks,power-racks,Equipamentos - Série B,equipamentos-serie-b,,https://commanderbrasil.com.br/wp-content/uploads/2025/12/B1048-1-2.webp
SH97,Power Rack Olímpico Com Barra Fixa,power-rack-olimpico-com-barra-fixa,Outras Anilhadas,outras-anilhadas,Equipamentos - Série SH,equipamentos-serie-sh,,https://commanderbrasil.com.br/wp-content/uploads/2025/12/SH97-bgbranco-2.webp
D016,Prancha Abdominal,prancha-abdominal,Acessórios de Treino,acessorios-de-treino,Acessórios - Série D,acessorios-serie-d,Prancha Máquina Abdominal - Código: D-016,https://commanderbrasil.com.br/wp-content/uploads/2025/12/D016-d-2.jpeg
C044,Prancha Bíceps,prancha-biceps,Bíceps,biceps,Acessórios - Série C,acessorios-serie-c,Prancha de Bíceps - Código: C-044,https://commanderbrasil.com.br/wp-content/uploads/2025/12/C-044-c-2.jpeg
QHSJ165,Prancha de Equilíbrio Madeira,prancha-de-equilibrio-madeira,-,,Acessórios - QHSJ Yoga,acessorios-qhsj-yoga,,https://commanderbrasil.com.br/wp-content/uploads/2025/12/QH-SJ165-bgbranco.webp
QHSJ164,Prancha de Equilíbrio Multifuncional,prancha-de-equilibrio-multifuncional,Multi-Estações,multi-estacoes,Acessórios - QHSJ Yoga,acessorios-qhsj-yoga,,https://commanderbrasil.com.br/wp-content/uploads/2025/12/QH-SJ164-bgbranco.webp
QHSJ100,Prancha de Escalada,prancha-de-escalada,-,,Acessórios - QHSJ Barras,acessorios-qhsj-barras,,https://commanderbrasil.com.br/wp-content/uploads/2025/12/QHSJ100-bgbranco.webp
C050,Prancha Equilíbrio,prancha-equilibrio,Acessórios de Treino,acessorios-de-treino,Acessórios - Série C,acessorios-serie-c,Prancha de Balance - Código: C-050,https://commanderbrasil.com.br/wp-content/uploads/2025/12/C-050-c-2.jpeg
C052,Prancha Equilíbrio Madeira,prancha-equilibrio-madeira,Acessórios de Treino,acessorios-de-treino,Acessórios - Série C,acessorios-serie-c,Prancha de Balance de Madeira - Código: C-052,https://commanderbrasil.com.br/wp-content/uploads/2025/12/C-052-c-2.jpeg
C051,Prancha Equilíbrio Multifuncional,prancha-equilibrio-multifuncional,Acessórios de Treino,acessorios-de-treino,Acessórios - Série C,acessorios-serie-c,Prancha de Balance Multifunctional - Código: C-051,https://commanderbrasil.com.br/wp-content/uploads/2025/12/C-051-c-2.jpeg
QHSJ78,Precor,precor,-,,Acessórios - QHSJ Pesos,acessorios-qhsj-pesos,,https://commanderbrasil.com.br/wp-content/uploads/2025/12/QHSJ78-bgbranco.webp
GM55,Prensa de Glúteos,prensa-de-gluteos,Quadril e Glúteos,quadril-e-gluteos,Equipamentos - Série GM,equipamentos-serie-gm,,https://commanderbrasil.com.br/wp-content/uploads/2025/12/GM55-bgbranco-2.webp
QHSJ95,Presilha Alumínio,presilha-aluminio,-,,Acessórios - QHSJ Barras,acessorios-qhsj-barras,,https://commanderbrasil.com.br/wp-content/uploads/2025/12/QHSJ95-bgbranco.webp
QHSJ96,Presilha Nylon,presilha-nylon,-,,Acessórios - QHSJ Barras,acessorios-qhsj-barras,,https://commanderbrasil.com.br/wp-content/uploads/2025/12/QHSJ96-bgbranco.webp
F048,Protetor de Virilha,protetor-de-virilha,Acessórios de Treino,acessorios-de-treino,Acessórios - Série F,acessorios-serie-f,Protetor de Virilha - Código: F-048,https://commanderbrasil.com.br/wp-content/uploads/2025/12/F048-f-1.jpeg
F010,Pular Corda Comum,pular-corda-comum,Cordas de Pular,cordas-de-pular,Acessórios - Série F,acessorios-serie-f,Jump Rope Comum - Código: F-010,https://commanderbrasil.com.br/wp-content/uploads/2025/12/F010-f-1.jpeg
F009,Pular Corda Velocidade,pular-corda-velocidade,Cordas de Pular,cordas-de-pular,Acessórios - Série F,acessorios-serie-f,Jump Rope Speed - Código: F-009,https://commanderbrasil.com.br/wp-content/uploads/2025/12/F009-f-1.jpeg
SH68,Pullover,pullover,Outras Anilhadas,outras-anilhadas,Equipamentos - Série SH,equipamentos-serie-sh,,https://commanderbrasil.com.br/wp-content/uploads/2025/12/SH68-bgbranco-2.webp
B1035,Puxada,puxada,Puxada Alta,puxada-alta,Equipamentos - Série B,equipamentos-serie-b,,https://commanderbrasil.com.br/wp-content/uploads/2025/12/B1035-1-2.webp
GM76,Puxada,puxada,Puxada Alta,puxada-alta,Equipamentos - Série GM,equipamentos-serie-gm,,https://commanderbrasil.com.br/wp-content/uploads/2025/12/GM76-bgbranco-2.webp
GM76A,Puxada,puxada,Puxada Alta,puxada-alta,Equipamentos - Série GM,equipamentos-serie-gm,,https://commanderbrasil.com.br/wp-content/uploads/2025/12/GM76A-bgbranco-2.webp
SH27,Puxada Aberta ISO-Lateral,puxada-aberta-iso-lateral,Puxada Alta,puxada-alta,Equipamentos - Série SH,equipamentos-serie-sh,,https://commanderbrasil.com.br/wp-content/uploads/2025/12/SH27-bgbranco-2.webp
GM42,Puxada Alta,puxada-alta,Puxada Alta,puxada-alta,Equipamentos - Série GM,equipamentos-serie-gm,,https://commanderbrasil.com.br/wp-content/uploads/2025/12/GM42-bgbranco-2.webp
JS02,Puxada Alta,puxada-alta,Puxada Alta,puxada-alta,Equipamentos - Série GM,equipamentos-serie-gm,,https://commanderbrasil.com.br/wp-content/uploads/2025/12/CMD-JS02-2.webp
CMDFL03,Puxada Alta,puxada-alta,Puxada Alta,puxada-alta,Equipamentos - Série 360,equipamentos-serie-360,,https://commanderbrasil.com.br/wp-content/uploads/2025/12/CMD-FL03-bgbranco-1.webp
PM06,Puxada Alta,puxada-alta,Puxada Alta,puxada-alta,Equipamentos - Série PM,equipamentos-serie-pm,,https://commanderbrasil.com.br/wp-content/uploads/2025/12/PM06-bgbranco.webp
LB610,Puxada Alta,puxada-alta,Puxada Alta,puxada-alta,Equipamentos - Série LB,equipamentos-serie-lb,,https://commanderbrasil.com.br/wp-content/uploads/2025/12/LB610-bgbranco-2.webp
VS18,Puxada Alta com Remada,puxada-alta-com-remada,Puxada Alta,puxada-alta,Equipamentos - Série VS,equipamentos-serie-vs,,https://commanderbrasil.com.br/wp-content/uploads/2025/12/CMD-VS18-1.png
CBP038,Puxada Alta Convergente,puxada-alta-convergente,Puxada Alta,puxada-alta,Equipamentos - Série CBP,equipamentos-serie-cbp,,https://commanderbrasil.com.br/wp-content/uploads/2025/12/CBP038-bgbranco-bgbranco-1.webp
VS20,Puxada Alta em Pé com Remada Baixa,puxada-alta-em-pe-com-remada-baixa,Puxada Alta,puxada-alta,Equipamentos - Série VS,equipamentos-serie-vs,,https://commanderbrasil.com.br/wp-content/uploads/2025/12/CMD-VS20-1.png
PM15,Puxada Alta ISO,puxada-alta-iso,Puxada Alta,puxada-alta,Equipamentos - Série PM,equipamentos-serie-pm,,https://commanderbrasil.com.br/wp-content/uploads/2025/12/PM15-bgbranco.webp
SH16,Puxada Alta ISO-Lateral,puxada-alta-iso-lateral,Puxada Alta,puxada-alta,Equipamentos - Série SH,equipamentos-serie-sh,,https://commanderbrasil.com.br/wp-content/uploads/2025/12/SH16-bgbranco-2.webp
LB626,Puxada Anilhada,puxada-anilhada,Puxada Alta,puxada-alta,Equipamentos - Série LB,equipamentos-serie-lb,,https://commanderbrasil.com.br/wp-content/uploads/2025/12/LB626-bgbranco-2.webp
B1110,Puxada com Remada,puxada-com-remada,Puxada Alta,puxada-alta,Equipamentos - Série B,equipamentos-serie-b,,https://commanderbrasil.com.br/wp-content/uploads/2025/12/B1110-1-2.webp
D920,Puxada Down,puxada-down,Puxada Alta,puxada-alta,Equipamentos - Série D,equipamentos-serie-d,,https://commanderbrasil.com.br/wp-content/uploads/2025/12/CMD-D920-cmd-d-series-2.png
LBF06,Puxada Down Articulado,puxada-down-articulado,Puxada Alta,puxada-alta,Equipamentos - Série LB-F,equipamentos-serie-lb-f,,https://commanderbrasil.com.br/wp-content/uploads/2025/12/LB-F06-bgbranco-2.webp
LBF07,Puxada Down Articulado,puxada-down-articulado,Puxada Alta,puxada-alta,Equipamentos - Série LB-F,equipamentos-serie-lb-f,,https://commanderbrasil.com.br/wp-content/uploads/2025/12/LB-F07-bgbranco-2.webp
LBF26,Puxada Down e Remada Baixa,puxada-down-e-remada-baixa,Puxada Alta,puxada-alta,Equipamentos - Série LB-F,equipamentos-serie-lb-f,,https://commanderbrasil.com.br/wp-content/uploads/2025/12/LB-F26-bgbranco-2.webp
CBS010,Puxada Duplo Sentado Super,puxada-duplo-sentado-super,Puxada Alta,puxada-alta,Equipamentos - Série CBS,equipamentos-serie-cbs,,https://commanderbrasil.com.br/wp-content/uploads/2025/12/CBS010-bgbranco-2.webp
JS03,Puxada Sentado,puxada-sentado,Puxada Alta,puxada-alta,Equipamentos - Série GM,equipamentos-serie-gm,,https://commanderbrasil.com.br/wp-content/uploads/2025/12/CMD-JS03-2.webp
GT03,Puxada Tesoura,puxada-tesoura,Outros Cardio,outros-cardio,Equipamentos - Série GT,equipamentos-serie-gt,,https://commanderbrasil.com.br/wp-content/uploads/2025/12/GT03-bgbranco-2.webp
GT04,Puxada Tesoura,puxada-tesoura,Outros Cardio,outros-cardio,Equipamentos - Série GT,equipamentos-serie-gt,,https://commanderbrasil.com.br/wp-content/uploads/2025/12/GT04-bgbranco-2.webp
D960,Puxada Tríceps,puxada-triceps,Puxada Alta,puxada-alta,Equipamentos - Série D,equipamentos-serie-d,,https://commanderbrasil.com.br/wp-content/uploads/2025/12/CMD-D960-cmd-d-series-2.png
LB616,Quadril,quadril,Outras Máquinas,outras-maquinas,Equipamentos - Série LB,equipamentos-serie-lb,,https://commanderbrasil.com.br/wp-content/uploads/2025/12/LB616-bgbranco-2.webp
QHSJ173,Quadro de Avaliação Postural,quadro-de-avaliacao-postural,-,,Acessórios - QHSJ Yoga,acessorios-qhsj-yoga,,https://commanderbrasil.com.br/wp-content/uploads/2025/12/QH-SJ173-bgbranco.webp
QHSJ187,Rebatedor de Medicine Ball,rebatedor-de-medicine-ball,Medicine Balls,medicine-balls,Acessórios - QHSJ Treino,acessorios-qhsj-treino,,https://commanderbrasil.com.br/wp-content/uploads/2025/12/QH-SJ187-bgbranco.webp
QHSJ162,Rede de Yoga Aéreo,rede-de-yoga-aereo,Tapetes e Yoga,tapetes-e-yoga,Acessórios - QHSJ Yoga,acessorios-qhsj-yoga,,https://commanderbrasil.com.br/wp-content/uploads/2025/12/QH-SJ162-bgbranco.webp
D925,Remada,remada,Outras Máquinas,outras-maquinas,Equipamentos - Série D,equipamentos-serie-d,,https://commanderbrasil.com.br/wp-content/uploads/2025/12/CMD-D925-cmd-d-series-2.png
LBF08,Remada,remada,Remadas,remadas,Equipamentos - Série LB-F,equipamentos-serie-lb-f,,https://commanderbrasil.com.br/wp-content/uploads/2025/12/LB-F08-bgbranco-2.webp
LBE35,Remada Água,remada-agua,Outros Cardio,outros-cardio,Equipamentos - Série LB-E,equipamentos-serie-lb-e,,https://commanderbrasil.com.br/wp-content/uploads/2025/12/LB-E35-bgbranco-1.webp
LBE26,Remada Água Madeira,remada-agua-madeira,Outros Cardio,outros-cardio,Equipamentos - Série LB-E,equipamentos-serie-lb-e,,https://commanderbrasil.com.br/wp-content/uploads/2025/12/LB-E26-bgbranco-1.webp
CBP041,Remada Alta,remada-alta,Rigs,rigs,Equipamentos - Série CBP,equipamentos-serie-cbp,,https://commanderbrasil.com.br/wp-content/uploads/2025/12/CBP041-bgbranco-bgbranco-1.webp
CBS051,Remada Alta,remada-alta,Rigs,rigs,Equipamentos - Série CBS,equipamentos-serie-cbs,,https://commanderbrasil.com.br/wp-content/uploads/2025/12/CBS051-bgbranco-2.webp
SH02,Remada Alta ISO-Lateral,remada-alta-iso-lateral,Remadas,remadas,Equipamentos - Série SH,equipamentos-serie-sh,,https://commanderbrasil.com.br/wp-content/uploads/2025/12/SH02-bgbranco-2.webp
CBP080,Remada Alta Super,remada-alta-super,Rigs,rigs,Equipamentos - Série CBP,equipamentos-serie-cbp,,https://commanderbrasil.com.br/wp-content/uploads/2025/12/CBP080-bgbranco-2.webp
VS22,Remada Baixa,remada-baixa,Remada Sentada,remada-sentada,Equipamentos - Série VS,equipamentos-serie-vs,,
B1033,Remada Baixa,remada-baixa,Remada Sentada,remada-sentada,Equipamentos - Série B,equipamentos-serie-b,,https://commanderbrasil.com.br/wp-content/uploads/2025/12/B1033-bgbranco.webp
LBF23,Remada Baixa,remada-baixa,Remadas,remadas,Equipamentos - Série LB-F,equipamentos-serie-lb-f,,https://commanderbrasil.com.br/wp-content/uploads/2025/12/LB-F23-bgbranco-2.webp
SH13,Remada Baixa ISO-Lateral,remada-baixa-iso-lateral,Remadas,remadas,Equipamentos - Série SH,equipamentos-serie-sh,,https://commanderbrasil.com.br/wp-content/uploads/2025/12/SH13-bgbranco-2.webp
SH25,Remada Baixa ISO-Lateral,remada-baixa-iso-lateral,Remadas,remadas,Equipamentos - Série SH,equipamentos-serie-sh,,https://commanderbrasil.com.br/wp-content/uploads/2025/12/SH25-bgbranco-2.webp
CBP039,Remada Baixa Super,remada-baixa-super,Remadas,remadas,Equipamentos - Série CBP,equipamentos-serie-cbp,,https://commanderbrasil.com.br/wp-content/uploads/2025/12/CBP039-bgbranco-bgbranco-1.webp
CBS054,Remada Baixa Super,remada-baixa-super,Remadas,remadas,Equipamentos - Série CBS,equipamentos-serie-cbs,,https://commanderbrasil.com.br/wp-content/uploads/2025/12/CBS054-bgbranco-2.webp
CBP082,Remada Baixa Super,remada-baixa-super,Remadas,remadas,Equipamentos - Série CBP,equipamentos-serie-cbp,,https://commanderbrasil.com.br/wp-content/uploads/2025/12/CBP082-bgbranco-2.webp
CBP084,Remada Circular Super,remada-circular-super,Remadas,remadas,Equipamentos - Série CBP,equipamentos-serie-cbp,,https://commanderbrasil.com.br/wp-content/uploads/2025/12/CBP084-bgbranco-2.webp
CBP085,Remada com Barra T,remada-com-barra-t,Remadas,remadas,Equipamentos - Série CBP,equipamentos-serie-cbp,,https://commanderbrasil.com.br/wp-content/uploads/2025/12/CBP085-bgbranco-2.webp
B1061,Remada Curvada Máquina,remada-curvada-maquina,Remadas,remadas,Equipamentos - Série B,equipamentos-serie-b,,https://commanderbrasil.com.br/wp-content/uploads/2025/12/B1061-bgbranco.webp
CBP040,Remada De Potência Super,remada-de-potencia-super,Remadas,remadas,Equipamentos - Série CBP,equipamentos-serie-cbp,,https://commanderbrasil.com.br/wp-content/uploads/2025/12/CBP040-bgbranco-bgbranco-1.webp
CBP081,Remada Força Super,remada-forca-super,Remadas,remadas,Equipamentos - Série CBP,equipamentos-serie-cbp,,https://commanderbrasil.com.br/wp-content/uploads/2025/12/CBP081-bgbranco-2.webp
D930,Remada Inclinada,remada-inclinada,Outras Máquinas,outras-maquinas,Equipamentos - Série D,equipamentos-serie-d,,https://commanderbrasil.com.br/wp-content/uploads/2025/12/CMD-D930-cmd-d-series-2.png
SH06,Remada ISO-Lateral,remada-iso-lateral,Remadas,remadas,Equipamentos - Série SH,equipamentos-serie-sh,,https://commanderbrasil.com.br/wp-content/uploads/2025/12/SH06-bgbranco-2.webp
LBE27,Remada Leque,remada-leque,Outros Cardio,outros-cardio,Equipamentos - Série LB-E,equipamentos-serie-lb-e,,https://commanderbrasil.com.br/wp-content/uploads/2025/12/LB-E27-bgbranco-1.webp
GM114,Remada Máquina,remada-maquina,Remadas,remadas,Equipamentos - Série GM,equipamentos-serie-gm,,https://commanderbrasil.com.br/wp-content/uploads/2025/12/GM114-bgbranco-2.webp
SH90,Remada Remada T,remada-remada-t,Remada T,remada-t,Equipamentos - Série SH,equipamentos-serie-sh,,https://commanderbrasil.com.br/wp-content/uploads/2025/12/SH90-bgbranco-2.webp
VS02,Remada Sentada,remada-sentada,Remada Sentada,remada-sentada,Equipamentos - Série VS,equipamentos-serie-vs,,https://commanderbrasil.com.br/wp-content/uploads/2025/12/CMD-VS02-1.png
B1034,Remada Sentada,remada-sentada,Remadas,remadas,Equipamentos - Série B,equipamentos-serie-b,,https://commanderbrasil.com.br/wp-content/uploads/2025/12/B1034-bgbranco-1.webp
GM43,Remada Sentada,remada-sentada,Remada Sentada,remada-sentada,Equipamentos - Série GM,equipamentos-serie-gm,,https://commanderbrasil.com.br/wp-content/uploads/2025/12/GM43-bgbranco-2.webp
CMDFL02,Remada Sentada,remada-sentada,Remada Sentada,remada-sentada,Equipamentos - Série 360,equipamentos-serie-360,,https://commanderbrasil.com.br/wp-content/uploads/2025/12/CMD-FL02-bgbranco-1.webp
LB602,Remada Sentada,remada-sentada,Remada Sentada,remada-sentada,Equipamentos - Série LB,equipamentos-serie-lb,,https://commanderbrasil.com.br/wp-content/uploads/2025/12/LB602-bgbranco-2.webp
GK06,Remada Sentada,remada-sentada,Remada Sentada,remada-sentada,Equipamentos - Série B,equipamentos-serie-b,,https://commanderbrasil.com.br/wp-content/uploads/2025/12/GK06-bgbranco-2.webp
PM12,Remada Sentada,remada-sentada,Remada Sentada,remada-sentada,Equipamentos - Série PM,equipamentos-serie-pm,,https://commanderbrasil.com.br/wp-content/uploads/2025/12/PM12-bgbranco.webp
LB632,Remada Sentada Anilhada,remada-sentada-anilhada,Remadas,remadas,Equipamentos - Série LB,equipamentos-serie-lb,,https://commanderbrasil.com.br/wp-content/uploads/2025/12/LB632-bgbranco-2.webp
GK03,Remada Sentada Múltiplas Pegadas,remada-sentada-multiplas-pegadas,Remada Sentada,remada-sentada,Equipamentos - Série B,equipamentos-serie-b,,https://commanderbrasil.com.br/wp-content/uploads/2025/12/GK03-bgbranco-2.webp
CBP037,Remada Super,remada-super,Remadas,remadas,Equipamentos - Série CBP,equipamentos-serie-cbp,,https://commanderbrasil.com.br/wp-content/uploads/2025/12/CBP037-bgbranco-bgbranco-1.webp
CBP083,Remada Super,remada-super,Remadas,remadas,Equipamentos - Série CBP,equipamentos-serie-cbp,,https://commanderbrasil.com.br/wp-content/uploads/2025/12/CBP083-bgbranco-2.webp
CBP044,Remada T,remada-t,Remadas,remadas,Equipamentos - Série CBP,equipamentos-serie-cbp,,https://commanderbrasil.com.br/wp-content/uploads/2025/12/CBP044-bgbranco-bgbranco-1.webp
GM37,Remada T,remada-t,Outras Máquinas,outras-maquinas,Equipamentos - Série GM,equipamentos-serie-gm,,https://commanderbrasil.com.br/wp-content/uploads/2025/12/GM37-bgbranco-2.webp
CBP079,Remada Tesoura Super,remada-tesoura-super,Remadas,remadas,Equipamentos - Série CBP,equipamentos-serie-cbp,,https://commanderbrasil.com.br/wp-content/uploads/2025/12/CBP079-bgbranco-1.webp
F037,Ringue de Boxe Aterrissagem 4x4,ringue-de-boxe-aterrissagem-4x4,Acessórios de Treino,acessorios-de-treino,Acessórios - Série F,acessorios-serie-f,Ring de Boxe Aterrissagem 4x4 - Código: F-037,https://commanderbrasil.com.br/wp-content/uploads/2025/12/F037-f-1.jpeg
F038,Ringue de Boxe Aterrissagem 5x5,ringue-de-boxe-aterrissagem-5x5,Acessórios de Treino,acessorios-de-treino,Acessórios - Série F,acessorios-serie-f,Ring de Boxe Aterrissagem 5x5 - Código: F-038,https://commanderbrasil.com.br/wp-content/uploads/2025/12/F038-f-1.jpeg
F039,Ringue de Boxe Aterrissagem 6x6,ringue-de-boxe-aterrissagem-6x6,Acessórios de Treino,acessorios-de-treino,Acessórios - Série F,acessorios-serie-f,Ring de Boxe Aterrissagem 6x6 - Código: F-039,https://commanderbrasil.com.br/wp-content/uploads/2025/12/F039-f-1.jpeg
F040,Ringue de Boxe Aterrissagem 7x7,ringue-de-boxe-aterrissagem-7x7,Acessórios de Treino,acessorios-de-treino,Acessórios - Série F,acessorios-serie-f,Ring de Boxe Aterrissagem 7x7 - Código: F-040,https://commanderbrasil.com.br/wp-content/uploads/2025/12/F040-f-1.jpeg
F041,Ringue de Boxe Plataforma Alta 4x4,ringue-de-boxe-plataforma-alta-4x4,Acessórios de Treino,acessorios-de-treino,Acessórios - Série F,acessorios-serie-f,Ring de Boxe High Platform 4x4 - Código: F-041,https://commanderbrasil.com.br/wp-content/uploads/2025/12/F041-f-1.jpeg
F042,Ringue de Boxe Plataforma Alta 5x5,ringue-de-boxe-plataforma-alta-5x5,Acessórios de Treino,acessorios-de-treino,Acessórios - Série F,acessorios-serie-f,Ring de Boxe High Platform 5x5 - Código: F-042,https://commanderbrasil.com.br/wp-content/uploads/2025/12/F042-f-1.jpeg
F043,Ringue de Boxe Plataforma Alta 6x6,ringue-de-boxe-plataforma-alta-6x6,Acessórios de Treino,acessorios-de-treino,Acessórios - Série F,acessorios-serie-f,Ring de Boxe High Platform 6x6 - Código: F-043,https://commanderbrasil.com.br/wp-content/uploads/2025/12/F043-f-1.jpeg
F044,Ringue de Boxe Plataforma Alta 7x7,ringue-de-boxe-plataforma-alta-7x7,Acessórios de Treino,acessorios-de-treino,Acessórios - Série F,acessorios-serie-f,Ring de Boxe High Platform 7x7 - Código: F-044,https://commanderbrasil.com.br/wp-content/uploads/2025/12/F044-f-1.jpeg
QHSJ196,Roda Abdominal,roda-abdominal,Máquinas Abdominais,maquinas-abdominais,Acessórios - QHSJ Treino,acessorios-qhsj-treino,,https://commanderbrasil.com.br/wp-content/uploads/2025/12/QH-SJ196-bgbranco.webp
QHSJ195,Roda Abdominal Dupla Função,roda-abdominal-dupla-funcao,Máquinas Abdominais,maquinas-abdominais,Acessórios - QHSJ Treino,acessorios-qhsj-treino,,https://commanderbrasil.com.br/wp-content/uploads/2025/12/QH-SJ195-bgbranco.webp
QHSJ194,Roda Abdominal Silenciosa Auto-Retorno,roda-abdominal-silenciosa-auto-retorno,Máquinas Abdominais,maquinas-abdominais,Acessórios - QHSJ Treino,acessorios-qhsj-treino,,https://commanderbrasil.com.br/wp-content/uploads/2025/12/QHSJ194-bgbranco.webp
C001,Roda de Yoga,roda-de-yoga,Tapetes e Yoga,tapetes-e-yoga,Acessórios - Série C,acessorios-serie-c,Roda de Yoga - Código: C-001,https://commanderbrasil.com.br/wp-content/uploads/2025/12/C-001-c-1.jpeg
QHSJ141,Roda de Yoga,roda-de-yoga,Tapetes e Yoga,tapetes-e-yoga,Acessórios - QHSJ Yoga,acessorios-qhsj-yoga,,https://commanderbrasil.com.br/wp-content/uploads/2025/12/QH-SJ141-bgbranco.webp
D015,Roda Máquina Abdominal,roda-maquina-abdominal,Máquinas Abdominais,maquinas-abdominais,Acessórios - Série D,acessorios-serie-d,Roda Máquina Abdominal - Código: D-015,https://commanderbrasil.com.br/wp-content/uploads/2025/12/D015-d-2.jpeg
D012,Roda Máquina Abdominal Automática Silenciosa,roda-maquina-abdominal-automatica-silenciosa,Máquinas Abdominais,maquinas-abdominais,Acessórios - Série D,acessorios-serie-d,Roda Máquina Abdominal Automática Silenciosa - Código: D-012,https://commanderbrasil.com.br/wp-content/uploads/2025/12/D012-d-2.jpeg
D013,Roda Máquina Abdominal Dupla Função,roda-maquina-abdominal-dupla-funcao,Máquinas Abdominais,maquinas-abdominais,Acessórios - Série D,acessorios-serie-d,Roda Máquina Abdominal Dupla Função - Código: D-013,https://commanderbrasil.com.br/wp-content/uploads/2025/12/D013-d-2.jpeg
D014,Rodas Abdominais Duplas com Uma Mão,rodas-abdominais-duplas-com-uma-mao,Acessórios de Treino,acessorios-de-treino,Acessórios - Série D,acessorios-serie-d,Rodas Abdominais Duplas com Uma Mão - Código: D-014,https://commanderbrasil.com.br/wp-content/uploads/2025/12/D014-d-2.jpeg
QHSJ148,Rolo de Espuma,rolo-de-espuma,Rolos de Espuma,rolos-de-espuma,Acessórios - QHSJ Yoga,acessorios-qhsj-yoga,,https://commanderbrasil.com.br/wp-content/uploads/2025/12/QH-SJ148-bgbranco.webp
C011,Rolo de Massagem Oco,rolo-de-massagem-oco,Rolos de Espuma,rolos-de-espuma,Acessórios - Série C,acessorios-serie-c,Rolo de Massagem Oco - Código: C-011,https://commanderbrasil.com.br/wp-content/uploads/2025/12/C-011-c-1.jpeg
C012,Rolo de Massagem Premium,rolo-de-massagem-premium,Rolos de Espuma,rolos-de-espuma,Acessórios - Série C,acessorios-serie-c,Rolo de Massagem Premium - Código: C-012,https://commanderbrasil.com.br/wp-content/uploads/2025/12/C-012-c-2.jpeg
QHSJ147,Rolo de Yoga Oco,rolo-de-yoga-oco,Tapetes e Yoga,tapetes-e-yoga,Acessórios - QHSJ Yoga,acessorios-qhsj-yoga,,https://commanderbrasil.com.br/wp-content/uploads/2025/12/QH-SJ147-bgbranco.webp
PM02,Rosca Bíceps,rosca-biceps,Bíceps,biceps,Equipamentos - Série PM,equipamentos-serie-pm,,https://commanderbrasil.com.br/wp-content/uploads/2025/12/PM02-bgbranco.webp
LB629,Rosca Bíceps Anilhada,rosca-biceps-anilhada,Outras Anilhadas,outras-anilhadas,Equipamentos - Série LB,equipamentos-serie-lb,,https://commanderbrasil.com.br/wp-content/uploads/2025/12/LB629-bgbranco-2.webp
GM46,Rosca de Bíceps,rosca-de-biceps,Bíceps,biceps,Equipamentos - Série GM,equipamentos-serie-gm,,https://commanderbrasil.com.br/wp-content/uploads/2025/12/GM46-bgbranco-2.webp
CBS015,Rosca de Bíceps Multi Sentado ISO,rosca-de-biceps-multi-sentado-iso,Bíceps,biceps,Equipamentos - Série CBS,equipamentos-serie-cbs,,https://commanderbrasil.com.br/wp-content/uploads/2025/12/CBS015-bgbranco-2.webp
CBS011,Rosca Em Pé Multi Braços Rotatórios,rosca-em-pe-multi-bracos-rotatorios,Bíceps,biceps,Equipamentos - Série CBS,equipamentos-serie-cbs,,https://commanderbrasil.com.br/wp-content/uploads/2025/12/CBS011-bgbranco-2.webp
B1018,Rotação de Torso,rotacao-de-torso,Rotação de Torso,rotacao-de-torso,Equipamentos - Série B,equipamentos-serie-b,,https://commanderbrasil.com.br/wp-content/uploads/2025/12/B1018-1-1.webp
GM56,Rotação de Torso,rotacao-de-torso,Rotação de Torso,rotacao-de-torso,Equipamentos - Série GM,equipamentos-serie-gm,,https://commanderbrasil.com.br/wp-content/uploads/2025/12/GM56-bgbranco-2.webp
E032,Roupa com Peso Areia 5kg,roupa-com-peso-areia-5kg,Acessórios de Treino,acessorios-de-treino,Acessórios - Série E,acessorios-serie-e,Roupa com Peso de Areia 5kg - Código: E-032,https://commanderbrasil.com.br/wp-content/uploads/2025/12/E032-e-1.jpeg
E031,Roupa com Peso Ferro 15kg,roupa-com-peso-ferro-15kg,Acessórios de Treino,acessorios-de-treino,Acessórios - Série E,acessorios-serie-e,Roupa com Peso de Ferro 15kg - Código: E-031,https://commanderbrasil.com.br/wp-content/uploads/2025/12/E031-e-1.png
E033,Saco Areia 0.5kg,saco-areia-05kg,Acessórios de Treino,acessorios-de-treino,Acessórios - Série E,acessorios-serie-e,Saco de Areia 0.5kg - Código: E-033,https://commanderbrasil.com.br/wp-content/uploads/2025/12/E033-e-1.jpeg
QHSJ209,Saco Búlgaro,saco-bulgaro,-,,Acessórios - QHSJ Treino,acessorios-qhsj-treino,,https://commanderbrasil.com.br/wp-content/uploads/2025/12/QH-SJ209-bgbranco.webp
QHSJ211,Saco de Areia,saco-de-areia,-,,Acessórios - QHSJ Treino,acessorios-qhsj-treino,,https://commanderbrasil.com.br/wp-content/uploads/2025/12/QH-SJ211-bgbranco.webp
QHSJ210,Saco de Força,saco-de-forca,-,,Acessórios - QHSJ Treino,acessorios-qhsj-treino,,https://commanderbrasil.com.br/wp-content/uploads/2025/12/QH-SJ210-bgbranco.webp
F021,Saco de Pancada Boxe 1.4m,saco-de-pancada-boxe-14m,Mergulho e Barra Assistida,mergulho-e-barra-assistida,Acessórios - Série F,acessorios-serie-f,Punching Bag de Boxe 1.4 metros - Código: F-021,
F022,Saco de Pancada Boxe 1.6m,saco-de-pancada-boxe-16m,Mergulho e Barra Assistida,mergulho-e-barra-assistida,Acessórios - Série F,acessorios-serie-f,Punching Bag de Boxe 1.6 metros - Código: F-022,https://commanderbrasil.com.br/wp-content/uploads/2025/12/F022-f-1.jpeg
F023,Saco de Pancada Boxe 1.8m,saco-de-pancada-boxe-18m,Mergulho e Barra Assistida,mergulho-e-barra-assistida,Acessórios - Série F,acessorios-serie-f,Punching Bag de Boxe 1.8 metros - Código: F-023,https://commanderbrasil.com.br/wp-content/uploads/2025/12/F023-f-1.jpeg
QHSJ245,Saco de Pancada Corporal,saco-de-pancada-corporal,-,,Acessórios - QHSJ Agilidade,acessorios-qhsj-agilidade,,https://commanderbrasil.com.br/wp-content/uploads/2025/12/QH-SJ245-bgbranco.webp
F020,Saco de Pancada em Formato Pera,saco-de-pancada-em-formato-pera,Tapetes e Yoga,tapetes-e-yoga,Acessórios - Série F,acessorios-serie-f,Punching Bag em Formato de Pera - Código: F-020,https://commanderbrasil.com.br/wp-content/uploads/2025/12/F020-f-1.jpeg
QHSJ246,Saco de Pancada Pera,saco-de-pancada-pera,-,,Acessórios - QHSJ Agilidade,acessorios-qhsj-agilidade,,https://commanderbrasil.com.br/wp-content/uploads/2025/12/QH-SJ246-bgbranco.webp
CBS012,Scott Rosca Multi Sentado Pro,scott-rosca-multi-sentado-pro,Bíceps,biceps,Equipamentos - Série CBS,equipamentos-serie-cbs,,https://commanderbrasil.com.br/wp-content/uploads/2025/12/CBS012-bgbranco-2.webp
CBP127,Sentado Desenvolvimento de Ombros,sentado-desenvolvimento-de-ombros,Desenvolvimento de Ombros,desenvolvimento-de-ombros,Equipamentos - Série CBP,equipamentos-serie-cbp,,https://commanderbrasil.com.br/wp-content/uploads/2025/12/CBP127-bgbranco-2.webp
LBE42,Simulator Surfe,simulator-surfe,Outros Cardio,outros-cardio,Equipamentos - Série LB-E,equipamentos-serie-lb-e,,https://commanderbrasil.com.br/wp-content/uploads/2025/12/LB-E42-bgbranco-1.webp
LBE43,Simulator Surfe Premium,simulator-surfe-premium,Outros Cardio,outros-cardio,Equipamentos - Série LB-E,equipamentos-serie-lb-e,,https://commanderbrasil.com.br/wp-content/uploads/2025/12/LB-E43-bgbranco-1.webp
LBE29,Ski Erg,ski-erg,Ski Ergs,ski-ergs,Equipamentos - Série LB-E,equipamentos-serie-lb-e,,https://commanderbrasil.com.br/wp-content/uploads/2025/12/LB-E29-bgbranco-1.webp
LJ45,Smith,smith,Máquinas Smith,maquinas-smith,,,,https://commanderbrasil.com.br/wp-content/uploads/2025/12/LJ45-bgbranco-1.webp
B1063,Smith,smith,Máquinas Smith,maquinas-smith,Equipamentos - Série B,equipamentos-serie-b,,https://commanderbrasil.com.br/wp-content/uploads/2025/12/B1063-bgbranco-1.webp
B1051,Smith 3D,smith-3d,Máquinas Smith,maquinas-smith,Equipamentos - Série B,equipamentos-serie-b,,https://commanderbrasil.com.br/wp-content/uploads/2025/12/B1051-bgbranco-1.webp
B1080,Smith/Agachamento,smithagachamento,Máquinas Smith,maquinas-smith,Equipamentos - Série B,equipamentos-serie-b,,https://commanderbrasil.com.br/wp-content/uploads/2025/12/B1080-1-2.webp
B1106,Smith/Agachamento,smithagachamento,Máquinas Smith,maquinas-smith,Equipamentos - Série B,equipamentos-serie-b,,https://commanderbrasil.com.br/wp-content/uploads/2025/12/B1106-1-2.webp
B1107,Smith/Agachamento,smithagachamento,Máquinas Smith,maquinas-smith,Equipamentos - Série B,equipamentos-serie-b,,https://commanderbrasil.com.br/wp-content/uploads/2025/12/B1107-1-2.webp
H001,Step 68 Pedais,step-68-pedais,Acessórios de Treino,acessorios-de-treino,Acessórios - Série H,acessorios-serie-h,Step 68 Pedais - Código: H-001,https://commanderbrasil.com.br/wp-content/uploads/2025/12/H001-h-1.jpeg
H002,Step 80 Pedais,step-80-pedais,Acessórios de Treino,acessorios-de-treino,Acessórios - Série H,acessorios-serie-h,Step 80 Pedais - Código: H-002,https://commanderbrasil.com.br/wp-content/uploads/2025/12/H002-h-1.jpeg
H003,Step 80 Pedais Premium,step-80-pedais-premium,Acessórios de Treino,acessorios-de-treino,Acessórios - Série H,acessorios-serie-h,Step 80 Pedais Premium - Código: H-003,https://commanderbrasil.com.br/wp-content/uploads/2025/12/H003-h-1.jpeg
H010,Step Ajustável Grande,step-ajustavel-grande,Acessórios de Treino,acessorios-de-treino,Acessórios - Série H,acessorios-serie-h,Step Adjustable Grande - Código: H-010,https://commanderbrasil.com.br/wp-content/uploads/2025/12/H010-h-1.jpeg
H013,Step Ajustável Grande Premium,step-ajustavel-grande-premium,Acessórios de Treino,acessorios-de-treino,Acessórios - Série H,acessorios-serie-h,Step Adjustable Grande Premium - Código: H-013,https://commanderbrasil.com.br/wp-content/uploads/2025/12/H013-h-1.jpeg
H006,Step Básico,step-basico,Acessórios de Treino,acessorios-de-treino,Acessórios - Série H,acessorios-serie-h,Step Básico - Código: H-006,https://commanderbrasil.com.br/wp-content/uploads/2025/12/H006-h-1.jpeg
H014,Step com Airbag Amendoim,step-com-airbag-amendoim,Acessórios de Treino,acessorios-de-treino,Acessórios - Série H,acessorios-serie-h,Step com Airbag de Amendoim - Código: H-014,https://commanderbrasil.com.br/wp-content/uploads/2025/12/H014-h-1.jpeg
H004,Step Padrão A,step-padrao-a,Acessórios de Treino,acessorios-de-treino,Acessórios - Série H,acessorios-serie-h,Step Padrão A - Código: H-004,https://commanderbrasil.com.br/wp-content/uploads/2025/12/H004-h-1.jpeg
H005,Step Padrão B1,step-padrao-b1,Acessórios de Treino,acessorios-de-treino,Acessórios - Série H,acessorios-serie-h,Step Padrão B1 - Código: H-005,https://commanderbrasil.com.br/wp-content/uploads/2025/12/H005-h-1.jpeg
H007,Step Padrão B2,step-padrao-b2,Acessórios de Treino,acessorios-de-treino,Acessórios - Série H,acessorios-serie-h,Step Padrão B2 - Código: H-007,https://commanderbrasil.com.br/wp-content/uploads/2025/12/H007-h-1.jpeg
H008,Step Padrão B3,step-padrao-b3,Acessórios de Treino,acessorios-de-treino,Acessórios - Série H,acessorios-serie-h,Step Padrão B3 - Código: H-008,https://commanderbrasil.com.br/wp-content/uploads/2025/12/H008-h-1.jpeg
H011,Step Premium Les Mills com Elásticos,step-premium-les-mills-com-elasticos,Acessórios de Treino,acessorios-de-treino,Acessórios - Série H,acessorios-serie-h,Step Premium Les Mills com Elásticos - Código: H-011,https://commanderbrasil.com.br/wp-content/uploads/2025/12/H011-h-1.jpeg
H009,Step Premium Lesmills,step-premium-lesmills,Acessórios de Treino,acessorios-de-treino,Acessórios - Série H,acessorios-serie-h,Step Premium Lesmills - Código: H-009,https://commanderbrasil.com.br/wp-content/uploads/2025/12/H009-h-1.jpeg
H015,Step Premium Lesmills Avançado,step-premium-lesmills-avancado,Acessórios de Treino,acessorios-de-treino,Acessórios - Série H,acessorios-serie-h,Step Premium Lesmills Avançado - Código: H-015,https://commanderbrasil.com.br/wp-content/uploads/2025/12/H015-h-1.jpeg
XMJ001,Striped Taekwondo Uniform,striped-taekwondo-uniform,Acessórios de Treino,acessorios-de-treino,Acessórios - Série XM-J,acessorios-serie-xm-j,Uniforme de Taekwondo Listrado - Código: XM-J001,https://commanderbrasil.com.br/wp-content/uploads/2025/12/XM-J001-xm-j-1.jpeg
CBP019,Super Declinado Supino,super-declinado-supino,Supino,supino,Equipamentos - Série CBP,equipamentos-serie-cbp,,https://commanderbrasil.com.br/wp-content/uploads/2025/12/CBP019-bgbranco-bgbranco-1.webp
CBP029,Super Desenvolvimento de Ombros,super-desenvolvimento-de-ombros,Desenvolvimento de Ombros,desenvolvimento-de-ombros,Equipamentos - Série CBP,equipamentos-serie-cbp,,https://commanderbrasil.com.br/wp-content/uploads/2025/12/CBP029-bgbranco-bgbranco-1.webp
CBP089,Super Desenvolvimento de Ombros,super-desenvolvimento-de-ombros,Desenvolvimento de Ombros,desenvolvimento-de-ombros,Equipamentos - Série CBP,equipamentos-serie-cbp,,https://commanderbrasil.com.br/wp-content/uploads/2025/12/CBP089-bgbranco-2.webp
CBS059,Super Desenvolvimento de Ombros Deltoide,super-desenvolvimento-de-ombros-deltoide,Desenvolvimento de Ombros,desenvolvimento-de-ombros,Equipamentos - Série CBS,equipamentos-serie-cbs,,https://commanderbrasil.com.br/wp-content/uploads/2025/12/CBS059-bgbranco-2.webp
CBP013,Super Inclinado Supino,super-inclinado-supino,Supino,supino,Equipamentos - Série CBP,equipamentos-serie-cbp,,https://commanderbrasil.com.br/wp-content/uploads/2025/12/CBP013-bgbranco-2.webp
CBP014,Super Vertical Supino,super-vertical-supino,Supino,supino,Equipamentos - Série CBP,equipamentos-serie-cbp,,https://commanderbrasil.com.br/wp-content/uploads/2025/12/CBP014-bgbranco-2.webp
CBS004,Superset de Supino Declinado e Peck Deck,superset-de-supino-declinado-e-peck-deck,Supino,supino,Equipamentos - Série CBS,equipamentos-serie-cbs,,https://commanderbrasil.com.br/wp-content/uploads/2025/12/CBS004-bgbranco-2.webp
CBS005,Superset de Tríceps Overhead e Mergulho,superset-de-triceps-overhead-e-mergulho,Tríceps,triceps,Equipamentos - Série CBS,equipamentos-serie-cbs,,https://commanderbrasil.com.br/wp-content/uploads/2025/12/CBS005-bgbranco-2.webp
CBS001,Superset Duplo Costas,superset-duplo-costas,Puxada Alta,puxada-alta,Equipamentos - Série CBS,equipamentos-serie-cbs,,https://commanderbrasil.com.br/wp-content/uploads/2025/12/CBS001-bgbranco-2.webp
CBS002,Superset Remada Alta e Remada Baixa,superset-remada-alta-e-remada-baixa,Rigs,rigs,Equipamentos - Série CBS,equipamentos-serie-cbs,,https://commanderbrasil.com.br/wp-content/uploads/2025/12/CBS002-bgbranco-2.webp
CBS003,Superset Sentado Elevação Lateral e Desenvolvimento de Ombros,superset-sentado-elevacao-lateral-e-desenvolvimento-de-ombros,Desenvolvimento de Ombros,desenvolvimento-de-ombros,Equipamentos - Série CBS,equipamentos-serie-cbs,,https://commanderbrasil.com.br/wp-content/uploads/2025/12/CBS003-bgbranco-2.webp
GM41,Supino,supino,Outros Bancos,outros-bancos,Equipamentos - Série GM,equipamentos-serie-gm,,https://commanderbrasil.com.br/wp-content/uploads/2025/12/GM41-bgbranco-2.webp
D905,Supino,supino,Outros Bancos,outros-bancos,Equipamentos - Série D,equipamentos-serie-d,,https://commanderbrasil.com.br/wp-content/uploads/2025/12/CMD-D905-cmd-d-series-2.png
SH04,Supino Aberto ISO-Lateral,supino-aberto-iso-lateral,Supino,supino,Equipamentos - Série SH,equipamentos-serie-sh,,https://commanderbrasil.com.br/wp-content/uploads/2025/12/SH04-bgbranco-2.webp
SH07,Supino Aberto ISO-Lateral,supino-aberto-iso-lateral,Supino,supino,Equipamentos - Série SH,equipamentos-serie-sh,,https://commanderbrasil.com.br/wp-content/uploads/2025/12/SH07-bgbranco-2.webp
SH93,Supino Declinado,supino-declinado,Supino,supino,Equipamentos - Série SH,equipamentos-serie-sh,,https://commanderbrasil.com.br/wp-content/uploads/2025/12/SH93-bgbranco-2.webp
D910,Supino Declinado,supino-declinado,Bancos Declinados,bancos-declinados,Equipamentos - Série D,equipamentos-serie-d,,https://commanderbrasil.com.br/wp-content/uploads/2025/12/CMD-D910-cmd-d-series-2.png
LB624,Supino Declinado Anilhado,supino-declinado-anilhado,Supino,supino,Equipamentos - Série LB,equipamentos-serie-lb,,https://commanderbrasil.com.br/wp-content/uploads/2025/12/LB624-bgbranco-2.webp
SH26,Supino Declinado ISO-Lateral,supino-declinado-iso-lateral,Supino,supino,Equipamentos - Série SH,equipamentos-serie-sh,,https://commanderbrasil.com.br/wp-content/uploads/2025/12/SH26-bgbranco-2.webp
CBS055,Supino Declinado Super,supino-declinado-super,Supino,supino,Equipamentos - Série CBS,equipamentos-serie-cbs,,https://commanderbrasil.com.br/wp-content/uploads/2025/12/CBS055-bgbranco-2.webp
JS01,Supino e Desenvolvimento de Ombros,supino-e-desenvolvimento-de-ombros,Outros Bancos,outros-bancos,Equipamentos - Série GM,equipamentos-serie-gm,,https://commanderbrasil.com.br/wp-content/uploads/2025/12/CMD-JS01-2.webp
CBP016,Supino Horizontal,supino-horizontal,Supino,supino,Equipamentos - Série CBP,equipamentos-serie-cbp,,https://commanderbrasil.com.br/wp-content/uploads/2025/12/CBP016-bgbranco-2.webp
CBP073,Supino Horizontal Multiestação Super,supino-horizontal-multiestacao-super,Supino,supino,Equipamentos - Série CBP,equipamentos-serie-cbp,,https://commanderbrasil.com.br/wp-content/uploads/2025/12/CBP073-bgbranco-1.webp
CBP015,Supino Horizontal Super,supino-horizontal-super,Supino,supino,Equipamentos - Série CBP,equipamentos-serie-cbp,,https://commanderbrasil.com.br/wp-content/uploads/2025/12/CBP015-bgbranco-2.webp
CBP068,Supino Horizontal Super,supino-horizontal-super,Supino,supino,Equipamentos - Série CBP,equipamentos-serie-cbp,,https://commanderbrasil.com.br/wp-content/uploads/2025/12/CBP068-bgbranco-2.webp
CBP011,Supino Inclinado,supino-inclinado,Supino,supino,Equipamentos - Série CBP,equipamentos-serie-cbp,,https://commanderbrasil.com.br/wp-content/uploads/2025/12/CBP011-bgbranco-2.webp
CMDFL05,Supino Inclinado,supino-inclinado,Bancos Inclinados,bancos-inclinados,Equipamentos - Série 360,equipamentos-serie-360,,https://commanderbrasil.com.br/wp-content/uploads/2025/12/CMD-FL05-bgbranco-1.webp
GK02,Supino Inclinado,supino-inclinado,Bancos Inclinados,bancos-inclinados,Equipamentos - Série B,equipamentos-serie-b,,https://commanderbrasil.com.br/wp-content/uploads/2025/12/GK02-bgbranco-2.webp
PM04,Supino Inclinado,supino-inclinado,Supino,supino,Equipamentos - Série PM,equipamentos-serie-pm,,https://commanderbrasil.com.br/wp-content/uploads/2025/12/PM04-bgbranco.webp
D915,Supino Inclinado,supino-inclinado,Bancos Inclinados,bancos-inclinados,Equipamentos - Série D,equipamentos-serie-d,,https://commanderbrasil.com.br/wp-content/uploads/2025/12/CMD-D915-cmd-d-series-2.png
LB622,Supino Inclinado Anilhado,supino-inclinado-anilhado,Supino,supino,Equipamentos - Série LB,equipamentos-serie-lb,,https://commanderbrasil.com.br/wp-content/uploads/2025/12/LB622-bgbranco-2.webp
CBP067,Supino Inclinado Inferior Super,supino-inclinado-inferior-super,Supino,supino,Equipamentos - Série CBP,equipamentos-serie-cbp,,https://commanderbrasil.com.br/wp-content/uploads/2025/12/CBP067-bgbranco-2.webp
CBP069,Supino Inclinado Inferior Super,supino-inclinado-inferior-super,Supino,supino,Equipamentos - Série CBP,equipamentos-serie-cbp,,https://commanderbrasil.com.br/wp-content/uploads/2025/12/CBP069-bgbranco-2.webp
SH01,Supino Inclinado ISO-Lateral,supino-inclinado-iso-lateral,Supino,supino,Equipamentos - Série SH,equipamentos-serie-sh,,https://commanderbrasil.com.br/wp-content/uploads/2025/12/SH01-bgbranco-2.webp
B1006,Supino Inclinado Máquina,supino-inclinado-maquina,Bancos Inclinados,bancos-inclinados,Equipamentos - Série B,equipamentos-serie-b,,https://commanderbrasil.com.br/wp-content/uploads/2025/12/B1006-1-1.webp
B1013,Supino Inclinado Máquina,supino-inclinado-maquina,Bancos Inclinados,bancos-inclinados,Equipamentos - Série B,equipamentos-serie-b,,https://commanderbrasil.com.br/wp-content/uploads/2025/12/B1013-1-1.webp
CBP012,Supino Inclinado Super,supino-inclinado-super,Supino,supino,Equipamentos - Série CBP,equipamentos-serie-cbp,,https://commanderbrasil.com.br/wp-content/uploads/2025/12/CBP012-bgbranco-2.webp
CBS053,Supino Inclinado Super,supino-inclinado-super,Supino,supino,Equipamentos - Série CBS,equipamentos-serie-cbs,,https://commanderbrasil.com.br/wp-content/uploads/2025/12/CBS053-bgbranco-2.webp
CBS060,Supino Inclinado Super,supino-inclinado-super,Supino,supino,Equipamentos - Série CBS,equipamentos-serie-cbs,,https://commanderbrasil.com.br/wp-content/uploads/2025/12/CBS060-bgbranco-2.webp
CBP066,Supino Inclinado Superior Super,supino-inclinado-superior-super,Supino,supino,Equipamentos - Série CBP,equipamentos-serie-cbp,,https://commanderbrasil.com.br/wp-content/uploads/2025/12/CBP066-bgbranco-2.webp
VS01,Supino Máquina,supino-maquina,Supino,supino,Equipamentos - Série VS,equipamentos-serie-vs,,https://commanderbrasil.com.br/wp-content/uploads/2025/12/CMD-VS01-1.png
LB604,Supino Máquina,supino-maquina,Supino,supino,Equipamentos - Série LB,equipamentos-serie-lb,,https://commanderbrasil.com.br/wp-content/uploads/2025/12/LB-F20-cmd-lb-f-series-1-1.png
PM03,Supino Máquina,supino-maquina,Supino,supino,Equipamentos - Série PM,equipamentos-serie-pm,,https://commanderbrasil.com.br/wp-content/uploads/2025/12/PM03-bgbranco.webp
LBF01,Supino Máquina,supino-maquina,Supino,supino,Equipamentos - Série LB-F,equipamentos-serie-lb-f,,https://commanderbrasil.com.br/wp-content/uploads/2025/12/LB-F01-bgbranco-2.webp
LBF01B,Supino Máquina,supino-maquina,Supino,supino,Equipamentos - Série LB-F,equipamentos-serie-lb-f,,https://commanderbrasil.com.br/wp-content/uploads/2025/12/LB-F01B-bgbranco-1.webp
B1111,Supino Máquina 2 em 1,supino-maquina-2-em-1,Supino,supino,Equipamentos - Série B,equipamentos-serie-b,,https://commanderbrasil.com.br/wp-content/uploads/2025/12/B1111-bgbranco.webp
CBP070,Supino Médio Super,supino-medio-super,Supino,supino,Equipamentos - Série CBP,equipamentos-serie-cbp,,https://commanderbrasil.com.br/wp-content/uploads/2025/12/CBP070-bgbranco-2.webp
B1204,Supino Multifuncional,supino-multifuncional,Supino,supino,Equipamentos - Série B,equipamentos-serie-b,,
LB623,Supino Reto Anilhado,supino-reto-anilhado,Supino,supino,Equipamentos - Série LB,equipamentos-serie-lb,,https://commanderbrasil.com.br/wp-content/uploads/2025/12/LB623-bgbranco-2.webp
SH05,Supino Sentado E Puxada Alta ISO-Lateral,supino-sentado-e-puxada-alta-iso-lateral,Supino,supino,Equipamentos - Série SH,equipamentos-serie-sh,,https://commanderbrasil.com.br/wp-content/uploads/2025/12/SH05-bgbranco-2.webp
SH15,Supino Super Inclinado ISO-Lateral,supino-super-inclinado-iso-lateral,Supino,supino,Equipamentos - Série SH,equipamentos-serie-sh,,https://commanderbrasil.com.br/wp-content/uploads/2025/12/SH15-bgbranco-2.webp
CBP064,Supino Vertical Multiestação Super,supino-vertical-multiestacao-super,Supino,supino,Equipamentos - Série CBP,equipamentos-serie-cbp,,https://commanderbrasil.com.br/wp-content/uploads/2025/12/CBP064-bgbranco-2.webp
CBP065,Supino Vertical Super,supino-vertical-super,Supino,supino,Equipamentos - Série CBP,equipamentos-serie-cbp,,https://commanderbrasil.com.br/wp-content/uploads/2025/12/CBP065-bgbranco-1.webp
CBS064,Supino Vertical Super,supino-vertical-super,Supino,supino,Equipamentos - Série CBS,equipamentos-serie-cbs,,https://commanderbrasil.com.br/wp-content/uploads/2025/12/CBS064-bgbranco-2.webp
B1050,Suporte Agachamento,suporte-agachamento,Máquinas de Agachamento,maquinas-de-agachamento,Equipamentos - Série B,equipamentos-serie-b,,https://commanderbrasil.com.br/wp-content/uploads/2025/12/B1050-bgbranco-1.webp
B1102A,Suporte Agachamento,suporte-agachamento,Máquinas de Agachamento,maquinas-de-agachamento,Equipamentos - Série B,equipamentos-serie-b,,
B1054,Suporte Anilhas,suporte-anilhas,Armazenamento de Anilhas,armazenamento-de-anilhas,Equipamentos - Série B,equipamentos-serie-b,,https://commanderbrasil.com.br/wp-content/uploads/2025/12/B1054-bgbranco-1.webp
G027,Suporte Armazenamento Multifuncional,suporte-armazenamento-multifuncional,Acessórios de Treino,acessorios-de-treino,Acessórios - Série G,acessorios-serie-g,Rack de Armazenamento Multifunctional - Código: G-027,https://commanderbrasil.com.br/wp-content/uploads/2025/12/G027-g-1.jpeg
G032,Suporte Armazenamento Multifuncional Premium,suporte-armazenamento-multifuncional-premium,Acessórios de Treino,acessorios-de-treino,Acessórios - Série G,acessorios-serie-g,Rack de Armazenamento Multifunctional Premium - Código: G-032,https://commanderbrasil.com.br/wp-content/uploads/2025/12/G032-g-1.jpeg
B1053,Suporte Barra,suporte-barra,Suportes de Barras,suportes-de-barras,Equipamentos - Série B,equipamentos-serie-b,,https://commanderbrasil.com.br/wp-content/uploads/2025/12/B1053-bgbranco-1.webp
B1055,Suporte Barra,suporte-barra,Suportes de Barras,suportes-de-barras,Equipamentos - Série B,equipamentos-serie-b,,https://commanderbrasil.com.br/wp-content/uploads/2025/12/B1055-bgbranco-1.webp
LB656,Suporte Bíceps,suporte-biceps,Bíceps,biceps,Equipamentos - Série LB,equipamentos-serie-lb,,https://commanderbrasil.com.br/wp-content/uploads/2025/12/LB656-bgbranco-2.webp
G028,Suporte CF,suporte-cf,Acessórios de Treino,acessorios-de-treino,Acessórios - Série G,acessorios-serie-g,Rack CF - Código: G-028,https://commanderbrasil.com.br/wp-content/uploads/2025/12/G028-g-1.jpeg
SH31,Suporte De Agachamento Olímpico,suporte-de-agachamento-olimpico,Máquinas de Agachamento,maquinas-de-agachamento,Equipamentos - Série SH,equipamentos-serie-sh,,https://commanderbrasil.com.br/wp-content/uploads/2025/12/SH31-bgbranco-2.webp
GM72A,Suporte de Anilhas,suporte-de-anilhas,Armazenamento de Anilhas,armazenamento-de-anilhas,Equipamentos - Série GM,equipamentos-serie-gm,,https://commanderbrasil.com.br/wp-content/uploads/2025/12/GM72A-bgbranco-2.webp
LB658,Suporte de Anilhas,suporte-de-anilhas,Armazenamento de Anilhas,armazenamento-de-anilhas,Equipamentos - Série LB,equipamentos-serie-lb,,https://commanderbrasil.com.br/wp-content/uploads/2025/12/LB658-bgbranco-2.webp
G014,Suporte de Anilhas,suporte-de-anilhas,Armazenamento de Anilhas,armazenamento-de-anilhas,Acessórios - Série G,acessorios-serie-g,Suporte para Anilhas - Código: G-014,https://commanderbrasil.com.br/wp-content/uploads/2025/12/G014-g-1.jpeg
SH14,Suporte de Anilhas,suporte-de-anilhas,Armazenamento de Anilhas,armazenamento-de-anilhas,Equipamentos - Série SH,equipamentos-serie-sh,,https://commanderbrasil.com.br/wp-content/uploads/2025/12/SH14-bgbranco-2.webp
G015,Suporte de Anilhas com Rodas,suporte-de-anilhas-com-rodas,Armazenamento de Anilhas,armazenamento-de-anilhas,Acessórios - Série G,acessorios-serie-g,Suporte para Anilhas com Rodas - Código: G-015,https://commanderbrasil.com.br/wp-content/uploads/2025/12/G015-g-1.jpeg
QHSJ266,Suporte de Armazenamento Ferramentas Pequenas,suporte-de-armazenamento-ferramentas-pequenas,-,,Acessórios - QHSJ Racks,acessorios-qhsj-racks,,https://commanderbrasil.com.br/wp-content/uploads/2025/12/QH-SJ266-bgbranco.webp
QHSJ248,Suporte de Barra Les Mills,suporte-de-barra-les-mills,-,,Acessórios - QHSJ Racks,acessorios-qhsj-racks,,https://commanderbrasil.com.br/wp-content/uploads/2025/12/QH-SJ248-bgbranco.webp
LB649,Suporte de Barra Olímpica,suporte-de-barra-olimpica,Suportes de Barras,suportes-de-barras,Equipamentos - Série LB,equipamentos-serie-lb,,https://commanderbrasil.com.br/wp-content/uploads/2025/12/LB649-bgbranco-2.webp
GM85,Suporte de Barras,suporte-de-barras,Suportes de Barras,suportes-de-barras,Equipamentos - Série GM,equipamentos-serie-gm,,https://commanderbrasil.com.br/wp-content/uploads/2025/12/GM85-bgbranco-2.webp
LB648,Suporte de Barras,suporte-de-barras,Suportes de Barras,suportes-de-barras,Equipamentos - Série LB,equipamentos-serie-lb,,https://commanderbrasil.com.br/wp-content/uploads/2025/12/LB648-bgbranco-2.webp
LB660,Suporte de Barras,suporte-de-barras,Suportes de Barras,suportes-de-barras,Equipamentos - Série LB,equipamentos-serie-lb,,https://commanderbrasil.com.br/wp-content/uploads/2025/12/LB660-bgbranco-2.webp
QHSJ258,Suporte de Barras (9 Barras),suporte-de-barras-9-barras,-,,Acessórios - QHSJ Racks,acessorios-qhsj-racks,,https://commanderbrasil.com.br/wp-content/uploads/2025/12/QH-SJ258-bgbranco.webp
G022,Suporte de Barras 9 Peças,suporte-de-barras-9-pecas,Acessórios de Treino,acessorios-de-treino,Acessórios - Série G,acessorios-serie-g,Suporte para Barras 9 Peças - Código: G-022,https://commanderbrasil.com.br/wp-content/uploads/2025/12/G022-g-1.jpeg
QHSJ253,Suporte de Barras Fixas (10 Barras),suporte-de-barras-fixas-10-barras,-,,Acessórios - QHSJ Racks,acessorios-qhsj-racks,,https://commanderbrasil.com.br/wp-content/uploads/2025/12/QH-SJ253-bgbranco.webp
G016,Suporte de Barras Fixas 10 Peças,suporte-de-barras-fixas-10-pecas,Acessórios de Treino,acessorios-de-treino,Acessórios - Série G,acessorios-serie-g,Suporte para Barras Fixas 10 Peças - Código: G-016,https://commanderbrasil.com.br/wp-content/uploads/2025/12/G016-g-1.jpeg
G010,Suporte de Barras Les Mills 20 Conjuntos,suporte-de-barras-les-mills-20-conjuntos,Acessórios de Treino,acessorios-de-treino,Acessórios - Série G,acessorios-serie-g,Suporte para Barras Les Mills 20 Conjuntos - Código: G-010,https://commanderbrasil.com.br/wp-content/uploads/2025/12/G010-g-1.jpeg
G011,Suporte de Barras Les Mills 30 Conjuntos,suporte-de-barras-les-mills-30-conjuntos,Acessórios de Treino,acessorios-de-treino,Acessórios - Série G,acessorios-serie-g,Suporte para Barras Les Mills 30 Conjuntos - Código: G-011,https://commanderbrasil.com.br/wp-content/uploads/2025/12/G011-g-1.jpeg
QHSJ257,Suporte de Bola Bosu (5 Bolas),suporte-de-bola-bosu-5-bolas,Medicine Balls,medicine-balls,Acessórios - QHSJ Racks,acessorios-qhsj-racks,,https://commanderbrasil.com.br/wp-content/uploads/2025/12/QH-SJ257-bgbranco.webp
QHSJ255,Suporte de Bola de Yoga (9 Bolas),suporte-de-bola-de-yoga-9-bolas,Tapetes e Yoga,tapetes-e-yoga,Acessórios - QHSJ Racks,acessorios-qhsj-racks,,https://commanderbrasil.com.br/wp-content/uploads/2025/12/QH-SJ255-bgbranco.webp
CBP006,Suporte de Força,suporte-de-forca,Acessórios de Treino,acessorios-de-treino,Equipamentos - Série CBP,equipamentos-serie-cbp,,https://commanderbrasil.com.br/wp-content/uploads/2025/12/CBP006-bgbranco-2.webp
CBP126,Suporte de Força,suporte-de-forca,Acessórios de Treino,acessorios-de-treino,Equipamentos - Série CBP,equipamentos-serie-cbp,,https://commanderbrasil.com.br/wp-content/uploads/2025/12/CBP126-bgbranco-2.webp
CBP125,Suporte de Força Tipo Porta de Dragão,suporte-de-forca-tipo-porta-de-dragao,Outras Anilhadas,outras-anilhadas,Equipamentos - Série CBP,equipamentos-serie-cbp,,https://commanderbrasil.com.br/wp-content/uploads/2025/12/CBP125-bgbranco-2.webp
GM63A,Suporte de Halteres,suporte-de-halteres,Suportes de Halteres,suportes-de-halteres,Equipamentos - Série GM,equipamentos-serie-gm,,https://commanderbrasil.com.br/wp-content/uploads/2025/12/GM63A-bgbranco-2.webp
G005,Suporte de Halteres,suporte-de-halteres,Suportes de Halteres,suportes-de-halteres,Acessórios - Série G,acessorios-serie-g,Suporte para Halteres - Código: G-005,https://commanderbrasil.com.br/wp-content/uploads/2025/12/G005-g-1.jpeg
G036,Suporte de Halteres 10 Pares Completo,suporte-de-halteres-10-pares-completo,Suportes de Halteres,suportes-de-halteres,Acessórios - Série G,acessorios-serie-g,Suporte para Halteres 10 Pares Completo - Código: G-036,https://commanderbrasil.com.br/wp-content/uploads/2025/12/G036-g-1.jpeg
LB659,Suporte de Halteres 2 Andares,suporte-de-halteres-2-andares,Suportes de Halteres,suportes-de-halteres,Equipamentos - Série LB,equipamentos-serie-lb,,https://commanderbrasil.com.br/wp-content/uploads/2025/12/LB659-bgbranco-2.webp
B1067,Suporte de Halteres 3 Níveis,suporte-de-halteres-3-niveis,Suportes de Halteres,suportes-de-halteres,Equipamentos - Série B,equipamentos-serie-b,,https://commanderbrasil.com.br/wp-content/uploads/2025/12/B1067-1-2.webp
G009,Suporte de Halteres 3 Níveis,suporte-de-halteres-3-niveis,Suportes de Halteres,suportes-de-halteres,Acessórios - Série G,acessorios-serie-g,Suporte para Halteres 3 Níveis - Código: G-009,https://commanderbrasil.com.br/wp-content/uploads/2025/12/G009-g-1.jpeg
G035,Suporte de Halteres 3 Níveis Completo,suporte-de-halteres-3-niveis-completo,Suportes de Halteres,suportes-de-halteres,Acessórios - Série G,acessorios-serie-g,Suporte para Halteres 3 Níveis Completo - Código: G-035,https://commanderbrasil.com.br/wp-content/uploads/2025/12/G035-g-1.jpeg
G008,Suporte de Halteres 6 Pares,suporte-de-halteres-6-pares,Suportes de Halteres,suportes-de-halteres,Acessórios - Série G,acessorios-serie-g,Suporte para Halteres 6 Pares - Código: G-008,https://commanderbrasil.com.br/wp-content/uploads/2025/12/G008-g-1.jpeg
QHSJ263,Suporte de Halteres Estrutura A,suporte-de-halteres-estrutura-a,-,,Acessórios - QHSJ Racks,acessorios-qhsj-racks,,https://commanderbrasil.com.br/wp-content/uploads/2025/12/QH-SJ263-bgbranco.webp
QHSJ265,Suporte de Halteres Estrutura X (10 Pares),suporte-de-halteres-estrutura-x-10-pares,-,,Acessórios - QHSJ Racks,acessorios-qhsj-racks,,https://commanderbrasil.com.br/wp-content/uploads/2025/12/QH-SJ265-bgbranco.webp
G026,Suporte de Halteres Pequenos 3 Pares,suporte-de-halteres-pequenos-3-pares,Suportes de Halteres,suportes-de-halteres,Acessórios - Série G,acessorios-serie-g,Suporte para Halteres Pequenos 3 Pares - Código: G-026,https://commanderbrasil.com.br/wp-content/uploads/2025/12/G026-g-1.jpeg
QHSJ247,Suporte de Kettlebell,suporte-de-kettlebell,Kettlebells,kettlebells,Acessórios - QHSJ Racks,acessorios-qhsj-racks,,https://commanderbrasil.com.br/wp-content/uploads/2025/12/QH-SJ247-bgbranco.webp
QHSJ261,Suporte de Máquina de Cabo,suporte-de-maquina-de-cabo,Máquinas de Cabo,maquinas-de-cabo,Acessórios - QHSJ Racks,acessorios-qhsj-racks,,https://commanderbrasil.com.br/wp-content/uploads/2025/12/QH-SJ261-bgbranco.webp
QHSJ254,Suporte de Medicine Ball (10 Bolas),suporte-de-medicine-ball-10-bolas,Medicine Balls,medicine-balls,Acessórios - QHSJ Racks,acessorios-qhsj-racks,,https://commanderbrasil.com.br/wp-content/uploads/2025/12/QH-SJ254-bgbranco.webp
QHSJ220,Suporte de Parede,suporte-de-parede,-,,Acessórios - QHSJ Treino,acessorios-qhsj-treino,,https://commanderbrasil.com.br/wp-content/uploads/2025/12/QH-SJ220-bgbranco.webp
QHSJ260,Suporte de Parede para Barras (10 Barras),suporte-de-parede-para-barras-10-barras,-,,Acessórios - QHSJ Racks,acessorios-qhsj-racks,,https://commanderbrasil.com.br/wp-content/uploads/2025/12/QH-SJ260-bgbranco.webp
G023,Suporte de Parede para Barras 8 Peças,suporte-de-parede-para-barras-8-pecas,Acessórios de Treino,acessorios-de-treino,Acessórios - Série G,acessorios-serie-g,Suporte de Parede para Barras 8 Peças - Código: G-023,https://commanderbrasil.com.br/wp-content/uploads/2025/12/G023-g-1.jpeg
QHSJ256,Suporte de Saco de Força (5 Sacos),suporte-de-saco-de-forca-5-sacos,-,,Acessórios - QHSJ Racks,acessorios-qhsj-racks,,https://commanderbrasil.com.br/wp-content/uploads/2025/12/QH-SJ256-bgbranco.webp
QHSJ243,Suporte de Saco de Pancada,suporte-de-saco-de-pancada,-,,Acessórios - QHSJ Agilidade,acessorios-qhsj-agilidade,,https://commanderbrasil.com.br/wp-content/uploads/2025/12/QH-SJ243-bgbranco.webp
D019,Suporte Grande para Flexão,suporte-grande-para-flexao,Acessórios de Treino,acessorios-de-treino,Acessórios - Série D,acessorios-serie-d,Suporte Grande para Flexão - Código: D-019,https://commanderbrasil.com.br/wp-content/uploads/2025/12/D019-d-2.jpeg
B1049,Suporte Halteres 2 Andares,suporte-halteres-2-andares,Suportes de Halteres,suportes-de-halteres,Equipamentos - Série B,equipamentos-serie-b,,https://commanderbrasil.com.br/wp-content/uploads/2025/12/B1049-bgbranco-1.webp
GM110,Suporte Halteres 3 Prateleiras,suporte-halteres-3-prateleiras,Suportes de Halteres,suportes-de-halteres,Equipamentos - Série GM,equipamentos-serie-gm,,https://commanderbrasil.com.br/wp-content/uploads/2025/12/GM110-bgbranco-2.webp
G013,Suporte Les Mills Novo,suporte-les-mills-novo,Acessórios de Treino,acessorios-de-treino,Acessórios - Série G,acessorios-serie-g,Suporte Novo Les Mills - Código: G-013,https://commanderbrasil.com.br/wp-content/uploads/2025/12/G013-g-1.jpeg
G037,Suporte Móvel Completo de Anilhas,suporte-movel-completo-de-anilhas,Armazenamento de Anilhas,armazenamento-de-anilhas,Acessórios - Série G,acessorios-serie-g,Suporte Móvel para Anilhas Completo - Código: G-037,https://commanderbrasil.com.br/wp-content/uploads/2025/12/G037-g-1.jpeg
ZL101,Suporte Multifuncional,suporte-multifuncional,Treinadores Funcionais,treinadores-funcionais,,,,https://commanderbrasil.com.br/wp-content/uploads/2025/12/ZL101-bgbranco-2.webp
1224A,Suporte Multifuncional,suporte-multifuncional,Acessórios de Treino,acessorios-de-treino,Equipamentos - Série B,equipamentos-serie-b,,
CMD1225,Suporte Multifuncional,suporte-multifuncional,Acessórios de Treino,acessorios-de-treino,Equipamentos - Série 360,equipamentos-serie-360,,https://commanderbrasil.com.br/wp-content/uploads/2025/12/CMD-1225-bgbranco-1.webp
CMD1224,Suporte Multifuncional,suporte-multifuncional,Acessórios de Treino,acessorios-de-treino,Equipamentos - Série 360,equipamentos-serie-360,,https://commanderbrasil.com.br/wp-content/uploads/2025/12/CMD-1224-bgbranco.webp
G033,Suporte para Agachamento,suporte-para-agachamento,Máquinas de Agachamento,maquinas-de-agachamento,Acessórios - Série G,acessorios-serie-g,Rack para Squat - Código: G-033,https://commanderbrasil.com.br/wp-content/uploads/2025/12/G033-g-1.jpeg
SH08,Suporte Para Agachamento E Avanço,suporte-para-agachamento-e-avanco,Máquinas de Agachamento,maquinas-de-agachamento,Equipamentos - Série SH,equipamentos-serie-sh,,https://commanderbrasil.com.br/wp-content/uploads/2025/12/SH08-bgbranco-2.webp
G041,Suporte para Barris,suporte-para-barris,Acessórios de Treino,acessorios-de-treino,Acessórios - Série G,acessorios-serie-g,Suporte para Barris - Código: G-041,https://commanderbrasil.com.br/wp-content/uploads/2025/12/G041-g-1.jpeg
G030,Suporte para Barris VIPR,suporte-para-barris-vipr,Acessórios de Treino,acessorios-de-treino,Acessórios - Série G,acessorios-serie-g,Suporte para Barris VIPR - Código: G-030,https://commanderbrasil.com.br/wp-content/uploads/2025/12/G030-g-1.jpeg
G039,Suporte para Barris VIPR Completo,suporte-para-barris-vipr-completo,Acessórios de Treino,acessorios-de-treino,Acessórios - Série G,acessorios-serie-g,Suporte para Barris VIPR Completo - Código: G-039,https://commanderbrasil.com.br/wp-content/uploads/2025/12/G039-g-1.jpeg
SH61,Suporte Para Bars,suporte-para-bars,Outras Anilhadas,outras-anilhadas,Equipamentos - Série SH,equipamentos-serie-sh,,https://commanderbrasil.com.br/wp-content/uploads/2025/12/SH61-bgbranco-2.webp
SH85,Suporte Para Bars,suporte-para-bars,Outras Anilhadas,outras-anilhadas,Equipamentos - Série SH,equipamentos-serie-sh,,https://commanderbrasil.com.br/wp-content/uploads/2025/12/SH85-bgbranco-2.webp
G021,Suporte para Bolas Bosu 5 Peças,suporte-para-bolas-bosu-5-pecas,Acessórios de Treino,acessorios-de-treino,Acessórios - Série G,acessorios-serie-g,Suporte para Bolas Bosu 5 Peças - Código: G-021,https://commanderbrasil.com.br/wp-content/uploads/2025/12/G021-g-1.jpeg
G017,Suporte para Bolas Medicinais 5 Peças,suporte-para-bolas-medicinais-5-pecas,Acessórios de Treino,acessorios-de-treino,Acessórios - Série G,acessorios-serie-g,Suporte para Bolas Medicinais 5 Peças - Código: G-017,https://commanderbrasil.com.br/wp-content/uploads/2025/12/G017-g-1.jpeg
C073,Suporte para Bolas Yoga - Torre,suporte-para-bolas-yoga-torre,Tapetes e Yoga,tapetes-e-yoga,Acessórios - Série C,acessorios-serie-c,Suporte para Bolas de Yoga - Torre - Código: C-073,https://commanderbrasil.com.br/wp-content/uploads/2025/12/C-073-c-2.jpeg
G019,Suporte para Bolas Yoga 9 Peças,suporte-para-bolas-yoga-9-pecas,Tapetes e Yoga,tapetes-e-yoga,Acessórios - Série G,acessorios-serie-g,Suporte para Bolas de Yoga 9 Peças - Código: G-019,https://commanderbrasil.com.br/wp-content/uploads/2025/12/G019-g-1.jpeg
G040,Suporte para Bolas Yoga Torre,suporte-para-bolas-yoga-torre,Tapetes e Yoga,tapetes-e-yoga,Acessórios - Série G,acessorios-serie-g,Suporte para Bolas de Yoga Torre - Código: G-040,https://commanderbrasil.com.br/wp-content/uploads/2025/12/G040-g-1.jpeg
SH50,Suporte Para Dumbbells,suporte-para-dumbbells,Suportes de Halteres,suportes-de-halteres,Equipamentos - Série SH,equipamentos-serie-sh,,https://commanderbrasil.com.br/wp-content/uploads/2025/12/SH50-bgbranco-2.webp
QHSJ197,Suporte para Flexão,suporte-para-flexao,-,,Acessórios - QHSJ Treino,acessorios-qhsj-treino,,https://commanderbrasil.com.br/wp-content/uploads/2025/12/QH-SJ197-bgbranco.webp
D017,Suporte para Flexão em S,suporte-para-flexao-em-s,Acessórios de Treino,acessorios-de-treino,Acessórios - Série D,acessorios-serie-d,Suporte para Flexão em S - Código: D-017,https://commanderbrasil.com.br/wp-content/uploads/2025/12/D017-d-2.jpeg
G006,Suporte para Kettlebells,suporte-para-kettlebells,Kettlebells,kettlebells,Acessórios - Série G,acessorios-serie-g,Suporte para Kettlebells - Código: G-006,https://commanderbrasil.com.br/wp-content/uploads/2025/12/G006-g-1.jpeg
G020,Suporte para Pacotes Energia 5 Peças,suporte-para-pacotes-energia-5-pecas,Acessórios de Treino,acessorios-de-treino,Acessórios - Série G,acessorios-serie-g,Suporte para Pacotes de Energia 5 Peças - Código: G-020,https://commanderbrasil.com.br/wp-content/uploads/2025/12/G020-g-1.jpeg
G007,Suporte para Suspensão TRX,suporte-para-suspensao-trx,Acessórios de Treino,acessorios-de-treino,Acessórios - Série G,acessorios-serie-g,Suporte para Suspensão TRX - Código: G-007,https://commanderbrasil.com.br/wp-content/uploads/2025/12/G007-g-1.jpeg
G038,Suporte Premium de Barras,suporte-premium-de-barras,Acessórios de Treino,acessorios-de-treino,Acessórios - Série G,acessorios-serie-g,Suporte Premium para Barras - Código: G-038,https://commanderbrasil.com.br/wp-content/uploads/2025/12/G038-g-1.jpeg
G012,Suporte Premium Les Mills,suporte-premium-les-mills,Acessórios de Treino,acessorios-de-treino,Acessórios - Série G,acessorios-serie-g,Suporte Premium Les Mills - Código: G-012,https://commanderbrasil.com.br/wp-content/uploads/2025/12/G012-g-1.jpeg
G018,Suporte Profissional para Bolas Medicinais 10 Peças,suporte-profissional-para-bolas-medicinais-10-pecas,Acessórios de Treino,acessorios-de-treino,Acessórios - Série G,acessorios-serie-g,Suporte Professional para Bolas Medicinais 10 Peças - Código: G-018,https://commanderbrasil.com.br/wp-content/uploads/2025/12/G018-g-1.jpeg
QHSJ98,Suporte Simples para Barra Olímpica,suporte-simples-para-barra-olimpica,-,,Acessórios - QHSJ Barras,acessorios-qhsj-barras,,https://commanderbrasil.com.br/wp-content/uploads/2025/12/QHSJ98-bgbranco.webp
G024,Suporte Triangular de Halteres 10 Pares,suporte-triangular-de-halteres-10-pares,Suportes de Halteres,suportes-de-halteres,Acessórios - Série G,acessorios-serie-g,Suporte Triangular para Halteres 10 Pares - Código: G-024,https://commanderbrasil.com.br/wp-content/uploads/2025/12/G024-g-1.jpeg
D018,Suporte Universal para Flexão,suporte-universal-para-flexao,Acessórios de Treino,acessorios-de-treino,Acessórios - Série D,acessorios-serie-d,Suporte Universal para Flexão - Código: D-018,https://commanderbrasil.com.br/wp-content/uploads/2025/12/D018-d-2.jpeg
QHSJ262,Suporte Vertical de Halteres,suporte-vertical-de-halteres,Suportes de Halteres,suportes-de-halteres,Acessórios - Série G,acessorios-serie-g,Suporte Vertical para Halteres - Código: QH-SJ262,https://commanderbrasil.com.br/wp-content/uploads/2025/12/QH-SJ262-bgbranco.webp
G025,Suporte X de Halteres 10 Pares,suporte-x-de-halteres-10-pares,Suportes de Halteres,suportes-de-halteres,Acessórios - Série G,acessorios-serie-g,Suporte em X para Halteres 10 Pares - Código: G-025,https://commanderbrasil.com.br/wp-content/uploads/2025/12/G025-g-1.jpeg
E030,Tanques com Cesta,tanques-com-cesta,Acessórios de Treino,acessorios-de-treino,Acessórios - Série E,acessorios-serie-e,Tanques com Cesta - Código: E-030,https://commanderbrasil.com.br/wp-content/uploads/2025/12/E030-e-1.jpeg
E029,Tanques sem Cesta,tanques-sem-cesta,Acessórios de Treino,acessorios-de-treino,Acessórios - Série E,acessorios-serie-e,Tanques sem Cesta - Código: E-029,https://commanderbrasil.com.br/wp-content/uploads/2025/12/E029-e-1.jpeg
QHSJ205,Tapete Abdominal (Sit-Up),tapete-abdominal-sit-up,Máquinas Abdominais,maquinas-abdominais,Acessórios - QHSJ Treino,acessorios-qhsj-treino,,https://commanderbrasil.com.br/wp-content/uploads/2025/12/QH-SJ205-bgbranco.webp
QHSJ155,Tapete de Ginástica,tapete-de-ginastica,Tapetes e Yoga,tapetes-e-yoga,Acessórios - QHSJ Yoga,acessorios-qhsj-yoga,,https://commanderbrasil.com.br/wp-content/uploads/2025/12/QH-SJ155-bgbranco.webp
QHSJ152,Tapete de Yoga PVC,tapete-de-yoga-pvc,Tapetes e Yoga,tapetes-e-yoga,Acessórios - QHSJ Yoga,acessorios-qhsj-yoga,,https://commanderbrasil.com.br/wp-content/uploads/2025/12/QH-SJ152-bgbranco.webp
QHSJ153,Tapete de Yoga TPE,tapete-de-yoga-tpe,Tapetes e Yoga,tapetes-e-yoga,Acessórios - QHSJ Yoga,acessorios-qhsj-yoga,,https://commanderbrasil.com.br/wp-content/uploads/2025/12/QHSJ153-bgbranco.webp
C037,Tapete Ginástica 120cm,tapete-ginastica-120cm,Tapetes e Yoga,tapetes-e-yoga,Acessórios - Série C,acessorios-serie-c,Tapete de Ginástica 120cm - Código: C-037,https://commanderbrasil.com.br/wp-content/uploads/2025/12/C-037-c-2.jpeg
C036,Tapete Ginástica 140cm,tapete-ginastica-140cm,Tapetes e Yoga,tapetes-e-yoga,Acessórios - Série C,acessorios-serie-c,Tapete de Ginástica 140cm - Código: C-036,https://commanderbrasil.com.br/wp-content/uploads/2025/12/C-036-c-2.jpeg
C035,Tapete Ginástica 160cm,tapete-ginastica-160cm,Tapetes e Yoga,tapetes-e-yoga,Acessórios - Série C,acessorios-serie-c,Tapete de Ginástica 160cm - Código: C-035,https://commanderbrasil.com.br/wp-content/uploads/2025/12/C-035-c-2.jpeg
D043,Tapete Máquina Abdominal (Sit-up),tapete-maquina-abdominal-sit-up,Tapetes e Yoga,tapetes-e-yoga,Acessórios - Série D,acessorios-serie-d,Tapete Máquina Abdominal (Sit-up) - Código: D-043,https://commanderbrasil.com.br/wp-content/uploads/2025/12/D043-d-2.jpeg
QHSJ158,Tapete Tri-Dobrável,tapete-tri-dobravel,Tapetes e Yoga,tapetes-e-yoga,Acessórios - QHSJ Yoga,acessorios-qhsj-yoga,,https://commanderbrasil.com.br/wp-content/uploads/2025/12/QH-SJ158-bgbranco.webp
C034,Tapete Yoga Luxo,tapete-yoga-luxo,Tapetes e Yoga,tapetes-e-yoga,Acessórios - Série C,acessorios-serie-c,Tapete de Yoga de Luxo - Código: C-034,https://commanderbrasil.com.br/wp-content/uploads/2025/12/C-034-c-2.jpeg
C023,Tapete Yoga PVC,tapete-yoga-pvc,Tapetes e Yoga,tapetes-e-yoga,Acessórios - Série C,acessorios-serie-c,Tapete de Yoga PVC - Código: C-023,https://commanderbrasil.com.br/wp-content/uploads/2025/12/C-023-c-2.jpeg
C031,Tapete Yoga PVC Premium,tapete-yoga-pvc-premium,Tapetes e Yoga,tapetes-e-yoga,Acessórios - Série C,acessorios-serie-c,Tapete de Yoga PVC Premium - Código: C-031,https://commanderbrasil.com.br/wp-content/uploads/2025/12/C-031-c-2.jpeg
C032,Tapete Yoga TPE Dupla Face,tapete-yoga-tpe-dupla-face,Tapetes e Yoga,tapetes-e-yoga,Acessórios - Série C,acessorios-serie-c,Tapete de Yoga TPE Dupla Face - Código: C-032,https://commanderbrasil.com.br/wp-content/uploads/2025/12/C-032-c-2.jpeg
C030,Tapete Yoga TPE Monocamada,tapete-yoga-tpe-monocamada,Tapetes e Yoga,tapetes-e-yoga,Acessórios - Série C,acessorios-serie-c,Tapete de Yoga TPE Monocamada - Código: C-030,https://commanderbrasil.com.br/wp-content/uploads/2025/12/C-030-c-2.jpeg
C033,Tapete Yoga TPE Postura,tapete-yoga-tpe-postura,Tapetes e Yoga,tapetes-e-yoga,Acessórios - Série C,acessorios-serie-c,Tapete de Yoga TPE Postura - Código: C-033,https://commanderbrasil.com.br/wp-content/uploads/2025/12/C-033-c-2.jpeg
XMH005,Tatame Jiu-Jitsu 30mm,tatame-jiu-jitsu-30mm,Acessórios de Treino,acessorios-de-treino,Acessórios - Série XM-H,acessorios-serie-xm-h,Tatame Jiu-Jitsu 30mm - Código: XM-H005,https://commanderbrasil.com.br/wp-content/uploads/2025/12/XM-H005-xm-1.jpeg
-,teste,teste,-,,,,,
C009,Tijolos de Yoga Bicolor,tijolos-de-yoga-bicolor,Tapetes e Yoga,tapetes-e-yoga,Acessórios - Série C,acessorios-serie-c,Tijolos de Yoga Bicolor - Código: C-009,https://commanderbrasil.com.br/wp-content/uploads/2025/12/C-009-c-1.jpeg
C068,Toalha Yoga Antiderrapante,toalha-yoga-antiderrapante,Tapetes e Yoga,tapetes-e-yoga,Acessórios - Série C,acessorios-serie-c,Toalha de Yoga Antiderrapante - Código: C-068,https://commanderbrasil.com.br/wp-content/uploads/2025/12/C-068-c-2.jpeg
QHSJ140,Tornozeleira Dupla com Argola D,tornozeleira-dupla-com-argola-d,-,,Acessórios - QHSJ Barras,acessorios-qhsj-barras,,https://commanderbrasil.com.br/wp-content/uploads/2025/12/QHSJ140-bgbranco.webp
CBP009,Torre de Força,torre-de-forca,Outros Racks,outros-racks,Equipamentos - Série CBP,equipamentos-serie-cbp,,https://commanderbrasil.com.br/wp-content/uploads/2025/12/CBP009-bgbranco-2.webp
CBP062,Torre Smith Inclinado Duplo Sistema,torre-smith-inclinado-duplo-sistema,Máquinas Smith,maquinas-smith,Equipamentos - Série CBP,equipamentos-serie-cbp,,https://commanderbrasil.com.br/wp-content/uploads/2025/12/CBP062-bgbranco-2.webp
GT02,Torre Supino,torre-supino,Outros Cardio,outros-cardio,Equipamentos - Série GT,equipamentos-serie-gt,,https://commanderbrasil.com.br/wp-content/uploads/2025/12/GT02-bgbranco-2.webp
LB619,Torso Rotativo,torso-rotativo,Rotação de Torso,rotacao-de-torso,Equipamentos - Série LB,equipamentos-serie-lb,,https://commanderbrasil.com.br/wp-content/uploads/2025/12/LB619-bgbranco-2.webp
F028,Trampolim Circular com Mola 40 polegadas,trampolim-circular-com-mola-40-polegadas,Acessórios de Treino,acessorios-de-treino,Acessórios - Série F,acessorios-serie-f,Trampolim Circular com Mola 40 polegadas - Código: F-028,https://commanderbrasil.com.br/wp-content/uploads/2025/12/F028-f-1.jpeg
F027,Trampolim Circular Elástico 40 polegadas,trampolim-circular-elastico-40-polegadas,Acessórios de Treino,acessorios-de-treino,Acessórios - Série F,acessorios-serie-f,Trampolim Circular Elástico 40 polegadas - Código: F-027,https://commanderbrasil.com.br/wp-content/uploads/2025/12/F027-f-1.jpeg
QHSJ249,Trampolim Hexagonal,trampolim-hexagonal,-,,Acessórios - QHSJ Agilidade,acessorios-qhsj-agilidade,,https://commanderbrasil.com.br/wp-content/uploads/2025/12/QH-SJ249-bgbranco.webp
F025,Trampolim Hexagonal 1.1m,trampolim-hexagonal-11m,Acessórios de Treino,acessorios-de-treino,Acessórios - Série F,acessorios-serie-f,Trampolim Hexagonal 1.1m - Código: F-025,https://commanderbrasil.com.br/wp-content/uploads/2025/12/F025-f-1.jpeg
F026,Trampolim Hexagonal com Corrimão 1.2m,trampolim-hexagonal-com-corrimao-12m,Acessórios de Treino,acessorios-de-treino,Acessórios - Série F,acessorios-serie-f,Trampolim Hexagonal com Corrimão 1.2m - Código: F-026,https://commanderbrasil.com.br/wp-content/uploads/2025/12/F026-f-1.jpeg
D003,Trampolim para Medicine Ball,trampolim-para-medicine-ball,Medicine Balls,medicine-balls,Acessórios - Série D,acessorios-serie-d,Trampolim para Medicine Ball - Código: D-003,https://commanderbrasil.com.br/wp-content/uploads/2025/12/D003-d-2.jpeg
F045,Trampolim Redondo com Corrimão 40 polegadas,trampolim-redondo-com-corrimao-40-polegadas,Acessórios de Treino,acessorios-de-treino,Acessórios - Série F,acessorios-serie-f,Trampolim Redondo com Corrimão 40 polegadas - Código: F-045,https://commanderbrasil.com.br/wp-content/uploads/2025/12/F045-f-1.jpeg
C004,Travesseiro de Yoga Premium,travesseiro-de-yoga-premium,Tapetes e Yoga,tapetes-e-yoga,Acessórios - Série C,acessorios-serie-c,Travesseiro de Yoga Premium - Código: C-004,https://commanderbrasil.com.br/wp-content/uploads/2025/12/C-004-c-1.jpeg
B1222B,Treinador de Antebraço (tubo oval),treinador-de-antebraco-tubo-oval,Outras Máquinas,outras-maquinas,Equipamentos - Série B,equipamentos-serie-b,,
1222,Treinador de Antebraço (tubo quadrado),treinador-de-antebraco-tubo-quadrado,Outras Máquinas,outras-maquinas,Equipamentos - Série B,equipamentos-serie-b,,
QHSJ218,Treinador de Pescoço,treinador-de-pescoco,-,,Acessórios - QHSJ Treino,acessorios-qhsj-treino,,https://commanderbrasil.com.br/wp-content/uploads/2025/12/QH-SJ218-bgbranco.webp
QHSJ219,Treinador de Suspensão TRX,treinador-de-suspensao-trx,-,,Acessórios - QHSJ Treino,acessorios-qhsj-treino,,https://commanderbrasil.com.br/wp-content/uploads/2025/12/QHSJ219-bgbranco.webp
GM21,Treinador Funcional,treinador-funcional,Treinadores Funcionais,treinadores-funcionais,Equipamentos - Série GM,equipamentos-serie-gm,,https://commanderbrasil.com.br/wp-content/uploads/2025/12/GM21-bgbranco-2.webp
LB642,Treinador Funcional,treinador-funcional,Treinadores Funcionais,treinadores-funcionais,Equipamentos - Série LB,equipamentos-serie-lb,,https://commanderbrasil.com.br/wp-content/uploads/2025/12/LB642-bgbranco-2.webp
QHSJ217,Treinador TRX RIP,treinador-trx-rip,-,,Acessórios - QHSJ Treino,acessorios-qhsj-treino,,https://commanderbrasil.com.br/wp-content/uploads/2025/12/QH-SJ217-bgbranco.webp
B1017,Treinamento Funcional,treinamento-funcional,Treinadores Funcionais,treinadores-funcionais,Equipamentos - Série B,equipamentos-serie-b,,https://commanderbrasil.com.br/wp-content/uploads/2025/12/B1017-bgbranco.webp
QHSJ225,Trenó,treno,-,,Acessórios - QHSJ Treino,acessorios-qhsj-treino,,https://commanderbrasil.com.br/wp-content/uploads/2025/12/QH-SJ225-bgbranco.webp
QHSJ221,Trenó de Treino com Peso,treno-de-treino-com-peso,-,,Acessórios - QHSJ Treino,acessorios-qhsj-treino,,https://commanderbrasil.com.br/wp-content/uploads/2025/12/QH-SJ221-bgbranco.webp
QHSJ222,Trenó de Treino com Peso,treno-de-treino-com-peso,-,,Acessórios - QHSJ Treino,acessorios-qhsj-treino,,https://commanderbrasil.com.br/wp-content/uploads/2025/12/QH-SJ222-bgbranco.webp
LBE36,Trenó Tanque,treno-tanque,Outros Cardio,outros-cardio,Equipamentos - Série LB-E,equipamentos-serie-lb-e,,https://commanderbrasil.com.br/wp-content/uploads/2025/12/LB-E36-bgbranco-1.webp
E015,Trenó Treino com Peso,treno-treino-com-peso,Acessórios de Treino,acessorios-de-treino,Acessórios - Série E,acessorios-serie-e,Trenó de Treinamento com Peso - Código: E-015,https://commanderbrasil.com.br/wp-content/uploads/2025/12/E015-e-2.jpeg
LB621,Tríceps,triceps,Tríceps,triceps,Equipamentos - Série LB,equipamentos-serie-lb,,https://commanderbrasil.com.br/wp-content/uploads/2025/12/LB621-bgbranco-2.webp
LBF10,Tríceps,triceps,Outras Anilhadas,outras-anilhadas,Equipamentos - Série LB-F,equipamentos-serie-lb-f,,https://commanderbrasil.com.br/wp-content/uploads/2025/12/LB-F10-bgbranco-2.webp
LB630,Tríceps Anilhado,triceps-anilhado,Outras Anilhadas,outras-anilhadas,Equipamentos - Série LB,equipamentos-serie-lb,,https://commanderbrasil.com.br/wp-content/uploads/2025/12/LB630-bgbranco-2.webp
PM14,Tríceps Máquina,triceps-maquina,Tríceps,triceps,Equipamentos - Série PM,equipamentos-serie-pm,,https://commanderbrasil.com.br/wp-content/uploads/2025/12/PM14-bgbranco.webp
SH67,Tríceps no Banco Sentado,triceps-no-banco-sentado,Outras Anilhadas,outras-anilhadas,Equipamentos - Série SH,equipamentos-serie-sh,,https://commanderbrasil.com.br/wp-content/uploads/2025/12/SH67-bgbranco-2.webp
E010,TRX RIP,trx-rip,Acessórios de Treino,acessorios-de-treino,Acessórios - Série E,acessorios-serie-e,TRX RIP - Código: E-010,
F007,Tubo com Logo,tubo-com-logo,Acessórios de Treino,acessorios-de-treino,Acessórios - Série F,acessorios-serie-f,Tubo com Logo - Código: F-007,https://commanderbrasil.com.br/wp-content/uploads/2025/12/F007-f-1.jpeg
QHSJ212,Tubo de Força,tubo-de-forca,-,,Acessórios - QHSJ Treino,acessorios-qhsj-treino,,https://commanderbrasil.com.br/wp-content/uploads/2025/12/QH-SJ212-bgbranco.webp
QHSJ174,Tubo de Resistência,tubo-de-resistencia,Faixas de Resistência,faixas-de-resistencia,Acessórios - QHSJ Yoga,acessorios-qhsj-yoga,,https://commanderbrasil.com.br/wp-content/uploads/2025/12/QH-SJ174-bgbranco.webp
QHSJ175,Tubo de Resistência,tubo-de-resistencia,Faixas de Resistência,faixas-de-resistencia,Acessórios - QHSJ Yoga,acessorios-qhsj-yoga,,https://commanderbrasil.com.br/wp-content/uploads/2025/12/QH-SJ175-bgbranco.webp
QHSJ213,Tubo de Treino Funcional,tubo-de-treino-funcional,Treinadores Funcionais,treinadores-funcionais,Acessórios - QHSJ Treino,acessorios-qhsj-treino,,https://commanderbrasil.com.br/wp-content/uploads/2025/12/QHSJ213-bgbranco.webp
D036,Velocidade Bola 58cm,velocidade-bola-58cm,Acessórios de Treino,acessorios-de-treino,Acessórios - Série D,acessorios-serie-d,Speed Ball 58cm - Código: D-036,https://commanderbrasil.com.br/wp-content/uploads/2025/12/D036-d-2.jpeg
D040,Velocidade Bola 60cm,velocidade-bola-60cm,Acessórios de Treino,acessorios-de-treino,Acessórios - Série D,acessorios-serie-d,Speed Ball 60cm - Código: D-040,https://commanderbrasil.com.br/wp-content/uploads/2025/12/D040-d-2.jpeg
D038,Velocidade Bola 63cm Azul,velocidade-bola-63cm-azul,Acessórios de Treino,acessorios-de-treino,Acessórios - Série D,acessorios-serie-d,Speed Ball 63cm Azul - Código: D-038,https://commanderbrasil.com.br/wp-content/uploads/2025/12/D038-d-2.jpeg
D039,Velocidade Bola 63cm Preta,velocidade-bola-63cm-preta,Acessórios de Treino,acessorios-de-treino,Acessórios - Série D,acessorios-serie-d,Speed Ball 63cm Preta - Código: D-039,https://commanderbrasil.com.br/wp-content/uploads/2025/12/D039-d-2.jpeg
D037,Velocidade Bola 63cm Verde,velocidade-bola-63cm-verde,Acessórios de Treino,acessorios-de-treino,Acessórios - Série D,acessorios-serie-d,Speed Ball 63cm Verde - Código: D-037,https://commanderbrasil.com.br/wp-content/uploads/2025/12/D037-d-2.jpeg
LB620,Voador,voador,Voador e Deltoide Posterior,voador-e-deltoide-posterior,Equipamentos - Série LB,equipamentos-serie-lb,,https://commanderbrasil.com.br/wp-content/uploads/2025/12/LB620-bgbranco-2.webp
SH56,Voador de Peito Inclinado,voador-de-peito-inclinado,Supino,supino,Equipamentos - Série SH,equipamentos-serie-sh,,https://commanderbrasil.com.br/wp-content/uploads/2025/12/SH56-bgbranco-2.webp
SH48,Voador Inverso ISO-Lateral,voador-inverso-iso-lateral,Outras Anilhadas,outras-anilhadas,Equipamentos - Série SH,equipamentos-serie-sh,,https://commanderbrasil.com.br/wp-content/uploads/2025/12/SH48-bgbranco-2.webp
B1004,Voador Peitoral,voador-peitoral,Voador e Deltoide Posterior,voador-e-deltoide-posterior,Equipamentos - Série B,equipamentos-serie-b,,https://commanderbrasil.com.br/wp-content/uploads/2025/12/B1004-1-1.webp
B1007,Voador Peitoral,voador-peitoral,Voador e Deltoide Posterior,voador-e-deltoide-posterior,Equipamentos - Série B,equipamentos-serie-b,,https://commanderbrasil.com.br/wp-content/uploads/2025/12/B1007-1-1.webp
GM52,Voador Peitoral,voador-peitoral,Voador e Deltoide Posterior,voador-e-deltoide-posterior,Equipamentos - Série GM,equipamentos-serie-gm,,https://commanderbrasil.com.br/wp-content/uploads/2025/12/GM52-bgbranco-2.webp
LB618,Voador Peitoral,voador-peitoral,Voador e Deltoide Posterior,voador-e-deltoide-posterior,Equipamentos - Série LB,equipamentos-serie-lb,,https://commanderbrasil.com.br/wp-content/uploads/2025/12/LB618-bgbranco-2.webp
CBP122,Voador Peitoral Frente e Verso Super,voador-peitoral-frente-e-verso-super,Voador e Deltoide Posterior,voador-e-deltoide-posterior,Equipamentos - Série CBP,equipamentos-serie-cbp,,https://commanderbrasil.com.br/wp-content/uploads/2025/12/CBP122-bgbranco-2.webp
CBP072,Voador Peitoral Inclinado Inferior Super,voador-peitoral-inclinado-inferior-super,Voador e Deltoide Posterior,voador-e-deltoide-posterior,Equipamentos - Série CBP,equipamentos-serie-cbp,,https://commanderbrasil.com.br/wp-content/uploads/2025/12/CBP072-bgbranco-2.webp
CBP071,Voador Peitoral Inclinado Superior Super,voador-peitoral-inclinado-superior-super,Voador e Deltoide Posterior,voador-e-deltoide-posterior,Equipamentos - Série CBP,equipamentos-serie-cbp,,https://commanderbrasil.com.br/wp-content/uploads/2025/12/CBP071-bgbranco-2.webp
CBP091,Voador Peitoral Inverso,voador-peitoral-inverso,Voador e Deltoide Posterior,voador-e-deltoide-posterior,Equipamentos - Série CBP,equipamentos-serie-cbp,,https://commanderbrasil.com.br/wp-content/uploads/2025/12/CBP091-bgbranco-2.webp
CBS006,Voador Peitoral Voador Declinado,voador-peitoral-voador-declinado,Voador e Deltoide Posterior,voador-e-deltoide-posterior,Equipamentos - Série CBS,equipamentos-serie-cbs,,https://commanderbrasil.com.br/wp-content/uploads/2025/12/CBS006-bgbranco-2.webp
CBS013,Voador Peitoral Voador Pro,voador-peitoral-voador-pro,Voador e Deltoide Posterior,voador-e-deltoide-posterior,Equipamentos - Série CBS,equipamentos-serie-cbs,,https://commanderbrasil.com.br/wp-content/uploads/2025/12/CBS013-bgbranco-2.webp
C064,Yoga Aéreo - Kit 5 Peças,yoga-aereo-kit-5-pecas,Tapetes e Yoga,tapetes-e-yoga,Acessórios - Série C,acessorios-serie-c,Yoga Aéreo - Kit 5 Peças - Código: C-064,https://commanderbrasil.com.br/wp-content/uploads/2025/12/C-064-c-2.jpeg
C065,Yoga Aéreo - Kit 6 Peças,yoga-aereo-kit-6-pecas,Tapetes e Yoga,tapetes-e-yoga,Acessórios - Série C,acessorios-serie-c,Yoga Aéreo - Kit 6 Peças - Código: C-065,https://commanderbrasil.com.br/wp-content/uploads/2025/12/C-065-c-2.jpeg
